video_url,video_id,video_type,question_id,question_type,task_type,question,clips,answer,count_details
https://www.youtube.com/watch?v=Cm73ma6Ibcs,1,cartoon,1,A,Counting,How many times do scenes of women eating appear?,"[0:03:19,0:03:23], [0:44:58,0:44:59]
",2,"At the Soba noodle shop, At Shindo Dojo"
,1,cartoon,2,A,Enumeration,Please list the types of places the women visited in the video.,"[0:01:41,0:07:21],
[0:07:49,0:10:08],
[0:10:13,0:11:34],
[0:22:12,0:23:17],
[0:25:06,0:26:46],
[0:31:08,0:34:11],
[0:53:12,0:53:24],

","Soba noodle shop, Snow forest,
Prayer shrine,  Shindo house, Castle, Shindo Dojo, Hot spring with a waterfall",
,1,cartoon,5,C,Counting,How many times did the man say the word 'soba' between 2:15 and 2:27?,"[0:02:15,0:02:27]",3,
,1,cartoon,6,C,Enumeration,Please list the words uttered by a male voice between 2:03 and 2:08.,"[0:02:03,0:02:08]","Ringo, Ugh, Customer, Big hat",
https://www.youtube.com/watch?v=q01CUy_gwdU,2,cartoon,13,A,Counting,How many scenes are there where the protagonist boy runs?,"[0:02:08,0:02:45], [0:02:51,0:02:54], [0:03:25,0:03:40], [0:24:27,0:24:48], [0:26:23,0:26:24],  [0:27:42,0:27:43], [0:27:54,0:27:55], [0:29:16,0:29:33], [0:40:31,0:40:40], [0:45:49,0:46:08], [0:46:16,0:46:18], [0:46:37,0:46:38], [0:49:15,0:49:40]",13,
,2,cartoon,14,A,Enumeration,Please list all types of vehicles that appear in the video that people ride and fly in the sky.,"[0:09:29,0:11:02], [0:19:28,0:19:47], [0:21:53,0:22:03]","Biplane, Hot air balloon, Steam-powered flying machine, Sail-powered flying car, Pedal-powered flying machine, Flying rowboat, Man-made Wings, Penny-farthing bicycle, Shoe shaped vehicle",
,2,cartoon,15,B,Counting,"In the scene from 2:38, when the boy bumps into the girl and the scrolls she dropped are scattered on the ground, how many times did the scrolls rotate?","[0:02:39,0:02:45]",1,
,2,cartoon,16,B,Enumeration,"In the scene from 3:39, please list the actions of the boy and girl in chronological order, from when the boy catches up to the girl until he hands her the sketchbook."," [0:03:39,0:03:47]",The boy bumps into the girl → The girl looks back at him → The boy comes back toward her → He picks up the sketches that fell → He hands the sketches to her,
,2,cartoon,20,D,Enumeration,Please list all constellation-shaped creatures that appear between 21:16 and 22:36.,"[0:21:16,0:22:36]","Aries, Taurus, Gemini, Cancer, Leo, Virgo, Libra, Scorpio, Sagittarius, Capricorn, Aquarius, Pisces",
,2,cartoon,21,E,Counting,How many people are sitting around the table in the 6:39 scene?,"[0:06:39,0:06:40]",2,"Boy, Girl"
,2,cartoon,22,E,Enumeration,Please list the vehicle-related items visible in the pile of junk appearing at 30:55.,"[0:30:55,0:30:58]","Car, Tire, Bulb",
,2,cartoon,23,F,Counting,"How many scenes are there where a boy and a girl are alone together, and a cluster of high-rise buildings is clearly depicted in the background?","[0:18:22,0:18:47], [0:23:41,0:24:04], [0:25:18,0:25:32],",3,
https://www.youtube.com/watch?v=Si5auXCYWDI,3,cartoon,25,A,Counting,What is the total number of times Marsha said the food was unappetizing or refused to eat it?,"[0:00:54,0:01:12],
[0:01:47,0:01:57],
[0:02:13,0:02:17],
[0:02:26,0:02:28],
[0:02:38,0:02:41],
[0:03:09,0:03:17],
[0:03:36,0:03:39],
[0:04:28,0:04:32],
[0:14:45,0:14:50]",9,
,3,cartoon,26,A,Enumeration,"Please list all the dough shapes Masha and the Bear made, other than dumplings.","[0:09:29,0:09:32], [0:09:38,0:09:41], [0:10:13,0:10:14]","snowman, duck, caterpillar, ghost mask",
,3,cartoon,27,B,Counting,How many tools did the wolves use to open the can before it exploded?,"[0:05:18,0:05:42]",4,"Screwdriver
Manual chainsaw
Iron hammer 
Drill machine"
,3, ,28,B,Enumeration,Please list the steps for pandas and bears to make dumplings.,"[0:07:32,0:07:52], [0:09:51,0:09:53]",Wear a chef's hat and apron→Sprinkle flour on the table→Knead the dough→Roll out the dough into a long strip→Cut the dough into small pieces→Prepare ground meat→Roll out small pieces of dough into circles,
,3,cartoon,31,D,Counting,How many episodes in this video feature a female bear?,"[0:13:32,0:13:38], [0:23:38,0:23:42], [0:27:48,0:27:50], [0:43:11,0:43:14], [0:55:38,0:55:40]",5,
,3,cartoon,32,D,Enumeration,"At Bear's birthday party, please list all the animals that were wearing party hats.","[0:55:38,0:55:41], [0:56:25,0:56:27]","Bear, pig, wolf, rabbit",
,3,cartoon,33,E,Counting,What was the maximum number of guests seated around the table at Bear's birthday party?,"[0:56:02,0:56:05]",5,
,3,cartoon,34,E,Enumeration,"In the gyoza-making scene, please list the cooking utensils and ingredients that were initially on the table.","[0:07:16,0:07:18]","cookbook, suitcase",
,3,cartoon,35,F,Counting,How many types of animals did Marsha meet between leaving home and returning home again?,"[0:01:42,0:01:45], [0:02:08,0:02:23], [0:02:32,0:02:35], [0:02:54,0:02:59], [0:03:25,0:03:33], [0:04:01,0:04:04]",9,
,3,cartoon,36,F,Enumeration,"Please list the events in order after the caterpillar entered the pot in the ""Bon Appétit"" episode.","[0:12:49,0:12:50], [0:12:57,0:13:13]",The lid of the pot rattles → A butterfly flies out of the pot → The butterfly flies around the house and goes outside → The bear and panda are surprised → The bear tastes the dumpling and realizes it's delicious → The bear and panda happily eat the dumplings,
,3,cartoon,30,C,Enumeration,Please list all the food Marsha verbally refused to eat.,"[0:00:51,0:00:52], [0:01:01,0:01:02], [0:01:07,0:01:08], [0:01:48,0:01:56], [0:02:14,0:02:16], [0:02:24,0:02:26], [0:02:36,0:02:38], [0:03:06,0:03:07], [0:03:14,0:03:16], [0:03:37,0:03:40], [0:04:28,0:04:31]","porridge, milk, soup, carrot, apple, red berries, pine cone, cabbage, bone, acorn, raw egg",
https://www.youtube.com/watch?v=TJR1oYDDTwg,4,cartoon,37,A,Counting,How many times does the villain Baron Bad Blood laugh maniacally?,"[0:03:26,0:03:30], [0:03:53,0:03:55], [0:05:02,0:05:05], [0:10:31,0:10:34], [0:24:08,0:24:10], [0:26:11,0:26:13], [0:31:43,0:31:44], [0:35:47,0:35:48], [0:37:34,0:37:36]",9,
,4,cartoon,38,A,Enumeration,Please list all types of vehicles appearing in the footage.,"[0:14:57, 0:15:00], [0:26:27, 0:26:31] ","sleigh, car",
,4,cartoon,39,B,Counting,"After Baron Bad Blood stole the magical lollipop, how many creatures pulled the rope to catch the Lollipop Dragon with a net?","[0:10:56,0:11:01]",14,
,4,cartoon,40,B,Enumeration,Please list the steps Baron Bad Blood takes to capture three small dragons.,"[0:03:50,0:03:52], [0:04:58,0:05:01]",Drag in through the magic mirror → Catch with a net → Turn into stone with a magic medallion,
,4,cartoon,43,D,Counting,How many times does Baron Bad Blood use the magic mirror?,"[0:03:06,0:03:12], [0:03:49,0:03:52], [0:09:11,0:09:14], [0:23:26,0:23:30], [0:23:52,0:23:58], [0:24:13,0:24:15]",6,
,4,cartoon,44,D,Enumeration,"Please list all the body colors of Lollipop Dragon and its friends, the little dragons.","[0:01:22,0:01:27]","Green, Pink, Yellow, Blue",
,4,cartoon,45,E,Counting,"In the festival scene, what is the total number of characters on the balcony where the king and queen are seated?","[0:02:03,0:02:07]",5,"King, Queen, prince, princess, guard"
,4,cartoon,46,E,Enumeration,Please list all the creatures pulling sleds that are lined up at the starting line for the Christmas Race.,"[0:28:15,0:28:55]","Horse, elephant-like creature, panda, monster",
,4,cartoon,47,F,Counting,"In the Mirror Forest, how many times did the characters' appearances change unwillingly in the mirrors?","[0:06:21, 0:06:30], [0:34:04,0:34:17]",2,
,4,cartoon,48,F,Enumeration,Please list all the acts of sabotage Baron Bad Blood used during the Christmas Race.,"[0:31:40,0:31:50], [0:34:38,0:34:45], [0:35:36,0:36:01]",Saw and Big Scissors → Rocket Arrow → Rolling Snowball,
,4,cartoon,41,C,Counting,How many times is the phrase 'Let the magic surround you' sung in the opening song?,"[0:00:17,0:01:20]",6,
,4,cartoon,42,C,Enumeration,Please list all the names of the characters that Lollipop Dragon called out when closing the factory at the beginning of the story.,"[0:01:22, 0:01:27]","Cuddles, Glider, Blue-Eyes",
https://www.youtube.com/watch?v=HfEVEGf1A8Q,5,cartoon,49,A,Counting,How many times do characters transform (or attempt to transform) throughout the video?,"[0:41:06,0:41:11], [0:41:28,0:41:33], [0:41:51,0:41:56], [0:42:44,0:42:49], [0:50:28,0:50:33]",6,
,5,cartoon,50,A,Enumeration,List all playground equipment visible on the school grounds.,"[0:50:28,0:50:33]","Swings, Seesaw, Jungle gym, Slide, Merry-go-round",
,5,cartoon,51,B,Counting,"After Hana took off on the swing, how many times did she swing before hitting the power lines?","[0:51:45,0:51:50]",5,
,5,cartoon,52,B,Enumeration,List the sequence of actions Kula took until she bought tomato juice from the vending machine.,"[0:02:43,0:02:48]",Approaches vending machine → Stares at tomato juice → Presses button → Slaps the button →Takes juice from dispenser,
,5,cartoon,55,D,Counting,How many times do characters drink beverages?,"[0:02:58,0:03:03], [0:03:14,0:03:18]",2,
,5,cartoon,56,D,Enumeration,List all types of hats worn by the characters.,"[0:00:28,0:00:33], [0:01:58,0:02:03], [0:28:30,0:28:35]","Cap, Hat, Helmet",
,5,cartoon,57,E,Counting,What is the total number of golden trophies displayed on the trophy shelf in the principal's office?,"[0:32:03,0:32:33]",12,
,5,cartoon,58,E,Enumeration,List all brand names of canned beverages lined up in the vending machine.,"[0:02:45,0:02:56]",Coca-Cola,
,5,cartoon,59,F,Counting,How many lit green exit signs are there in the school hallway at night?,"[0:02:01,0:02:06], [0:02:32,0:02:37]",2,
,5,cartoon,60,F,Enumeration,"After Kula met the human girl, list all the locations within the school she visited until sunrise.","[0:24:23,0:24:28], [0:29:53,0:29:58], [0:41:16,0:41:21], [0:45:02,0:45:07]","Classroom, Storage room, Rooftop, Schoolyard playground.",
,5,cartoon,53,C,Counting,How many times did a phone ring or vibrate throughout the video?,"[0:04:43,0:04:48], [0:11:10,0:11:15], [0:16:33,0:16:38]",3,
,5,cartoon,54,C,Enumeration,List the tools mentioned by Teacher Reaper in class that humans use to attack monsters.,"[0:07:06,0:07:11]",Cell phone,
https://www.youtube.com/watch?v=2sriHX3PbXw,6,cartoon,61,A,Counting,How many times are scenes depicted where rats are bothering people inside their homes?,"[0:02:46,0:03:06], [0:03:14,0:03:35], ",2,"Female House, Male House"
,6,cartoon,62,A,Enumeration,Please list all the food and drinks that the rats ruined.,"[0:02:55,0:03:02], [0:12:08,0:12:14],  [0:14:38,0:14:50], [0:15:06,0:15:23],","Cheese, soup, salted sprouts ,apples, oil, butter, bread, tomatoes, flour, sugar",
,6,cartoon,63,B,Counting,"After the mayor refused to pay the Pied Piper, how many times did the Pied Piper play his flute before leading the children away?","[0:21:11,0:21:17]",1,
,6,cartoon,64,B,Enumeration,"After the Pied Piper drowned the rats in the river, please list the steps he took to return to the town hall to receive his reward.","[0:15:34,0:15:50], [0:16:16,0:17:06], [0:18:26,0:18:32], [0:19:12,0:19:28]",Confirm the rats are gone at the riverbank → Rest under a tree → Start walking towards town → Pass through the cheering crowd → Arrive at the town hall,
,6,cartoon,67,D,Counting,How many windows are there in the meeting room where the mayor and councilors are sitting?,"[0:09:50,0:09:56]",6,
,6,cartoon,68,D,Enumeration,"Please list the scenes of the story depicted in the stained-glass round window, clockwise from the center.","[0:01:04,0:01:24]",Center: Scene of the Pied Piper leading the children to the mountain → Top: Scene of the Pied Piper luring out the rats → Top right: Scene of the children following the Pied Piper → Bottom right: Scene of the mayor refusing payment → Bottom: Scene of the Pied Piper receiving one coin → Bottom left: Scene of the townspeople suffering from rats → Top left: Scene of the lame boy left behind,
,6,cartoon,69,E,Counting,"When the Pied Piper returned to the town hall to demand his reward, how many councilors were seated around the table?","[0:19:14,0:19:32]",1,councilor
,6,cartoon,70,E,Enumeration,"In the scene just before the children enter the mountain, please list all living creatures other than children shown on screen.","[0:23:30,0:23:39]","Pied Piper, birds",
,6,cartoon,71,F,Counting,"While the Pied Piper is luring out the rats, how many people are shown outdoors, startled by the rats and fleeing?","[0:12:47,0:12:50], [0:13:00,0:13:03], [0:13:10,0:13:18]",9,
,6,cartoon,72,F,Enumeration,"Among the scenes depicting rat damage, please list all events that occurred outdoors.","[0:02:38,0:02:41], [0:03:08,0:03:12], [0:04:44,0:04:54],","Eating flowers, filling the streets, attacking soldiers, swarming around the well",
,6,cartoon,65,C,Counting,How many types of rats did the narrator mention?,"[0:12:41,0:12:50]",8,"great rat, small rat, lean rat, brawny rat, brown rat, black rat, gray rat, torni rat"
,6,cartoon,66,C,Enumeration,Please list the targets that were lured by the two different flute melodies played by the Pied Piper.,"[0:12:25,0:12:45], [0:21:53,0:22:05]","Rats, children",
https://www.youtube.com/watch?v=_zrgbA3FMVE,7,cartoon,73,A,Counting,"In the entire video, how many times are celebrities or ordinary people abducted or transformed by the ""Fabulizer""?","[0:01:02, 0:01:10], 
[0:19:22,0:19:49], 
[0:36:46,0:37:16], 
[0:50:16,0:50:31],
[1:00:41,1:00;55]",5,
,7,cartoon,74,A,Enumeration,List all the animals that escaped from Peppy Wolfman's Pet Clinic.,"[0:32:52,0:33:05]","Dog, Cat, Horse, Monkey, Bird, Pig,",
,7,cartoon,75,B,Counting,"After being attacked by giant sushi, how many mishaps did the spies encounter before arriving at the WOOHP headquarters?","[0:05:31,0:05:34], [0:05:40,0:05:46], [0:06:03,0:07:21], [0:11:44,0:11:54], [0:12:58,0:13:39]",5,
,7,cartoon,76,B,Enumeration,List the steps of the Fabulizer's human transformation process in the order they appear on screen.,"[0:19:22,0:19:49]",Moisturized eyes → Perfectly arched eyebrow → Dual-action dimples (optional cleft chin) → Pearly white perm-a-smile → Platinum streaked hair → Attention-grabbing cheek mole,
,7,cartoon,79,D,Counting,How many times does the spies' yellow spy suit appear?,"[0:26:16,0:27:32], [0:27:46,0:29:28], [0:31:17,0:31:24], [0:33:32,0:35:33], [0:40:02,0:41:46] [0:42:12,0:42:31], [0:47:23,0:51:23], [0:57:20,0:58:33]",8,
,7,cartoon,80,D,Enumeration,List all characters whose right half of their hair turned blonde due to the Fabulizer.,"[0:00:45,0:00:49], [0:34:42,0:34:44], [0:44:54,0:45:12], [0:37:12,0:37:18], [0:49:39,0:50:39]","Rob Heartslob, Peppy Wolfman, Mandy, Mandy's Posse, Mall Shoppers, Fabutopia Residents",
,7,cartoon,81,E,Counting,What is the maximum number of people trapped in capsules inside the Fabutopia spaceship?,"[0:53:15,0:53:27]",87,
,7,cartoon,82,E,Enumeration,List the attractions and facilities the spies witnessed inside the Fabutopia facility.,"[0:54:03, 0:54:44]","Full-service spa, Sweat-free gym, Air-conditioned indoor beach, All-day nightclub, Gourmet zero-calorie restaurant, Luxurious red carpet catwalk",
,7,cartoon,83,F,Counting,"After the spies became WOOHP agents, how many times were they directly harassed by Mandy and her posse?","[0:45:01, 0:45:19], [0:46:53, 0:47:14]",2,
,7,cartoon,84,F,Enumeration,List all vehicles the spies used while wearing their spy suits.,"[0:23:57,0:24:02], [0:26:18,0:26:33], [0:27:33,0:27:46], [0:40:02,0:40:15]","Jet, Motorcycle, Submarine, Fighter Jet",
,7,cartoon,77,C,Counting,How many times did the chime ring to signal the start of school or the end of class?,"[0:08:53,0:08:58], [0:18:25,0:18:28]",2,
,7,cartoon,78,C,Enumeration,"List the gadgets Jerry first issued to the spies, in the order he described them.","[0:28:50,0:30:13]","Fountain Pen Microphone, Monocle Magnifier, Ascending Ascot Cable, ComPowder, Expandable Cable Bungee Belt, Laser Lipstick, Ever expanding Bubble Gum, Suction Cup Drill Heel Go-Go Boots, Heat Sensor 6000 infrared motion detector Sunglasses, Molecular Separator Perfume, Hair Spray Can Tornado, Super Foaming Pomade Grenade, Jet Pack backpacks",
https://www.youtube.com/watch?v=TiQBTesZUJQ,8,documentary,85,A,Counting,How many times were hunting or trapping successful?,"[0:15:38,0:15:46], [0:48:46,0:48:49]",2,"Spearfishing, Blowpipe hunting"
,8,documentary,86,A,Enumeration,List the types of animals that appear in the video.,"[0:00:23,0:00:27], [0:00:33,0:00:34], [0:00:59,0:01:00], [0:00:42,0:00:43], [0:01:14,0:01:20], [0:08:54,0:08:59], [0:09:07,,0:09:11], [0:09:30,0:09:32], [0:10:37,0:10:38], [0:14:07,0:14:08], [0:14:14,0:14:15], [0:15:24,0:15:25], [0:15:47,0:15:48], [0:21:59,0:22:00], [0:22:22,0:22:23], [0:26:50,0:26:51],  [0:45:01,0:45:02],  [0:46:39,0:46:41], [0:46:46,0:46:48],","Eagle, Ant, Snake, Monkey, Scorpion, Mantis, Millipede, Leaf Katydid, Tree frog, Centipede, Huntsman spider, Damselfly, Lizard, squirrel, Butterfly, Fish, Chicken, Dog, Hornbill, Bat, Cicada, Cat",
,8,documentary,87,B,Counting,How many steps are shown in the video for making poison arrows?,"[0:12:29,0:12:35],  [0:12:44,0:12:48],  [0:10:56,0:10:57]",3,Crash and squeeze the plant (selu kalue) →  Combine other plants → Coat the dart in to the poisonous mixture →  Dried by the fire and ready to use.
,8,documentary,88,B,Enumeration,List the steps for making a loincloth from tree bark.,"[0:28:21,0:29:39],",Cut down a tree → Peel off the bark → Beat the bark to soften it → Further process and shape the bark → Wear the finished loincloth,
,8,documentary,91,D,Counting,How many scenes feature a person wearing a modern baseball cap?,"[0:00:35,0:00:36], [0:00:56,0:00:58], [0:01:26,0:01:34], [0:01:42,0:01:43], [0:16:33,0:16:34], [0:17:18,0:17:20], [0:22:49,0:22:50], [0:23:12,0:23:13], [0:26:38,0:26:39], [0:32:01,0:32:05]",10,"Male, Female"
,8,documentary,92,D,Enumeration,List all types of modern vehicles that appear in the video.,"[0:01:04,0:01:06], [0:01:33,0:01:36], [0:01:44,0:01:46], [0:02:33,0:02:34], [0:31:50,0:31:52]","Motorcycle/Scooter, Pickup truck, Monorail, Passenger car/Taxi, Airplane, Logging truck, Motorboat/Speedboat",
,8,documentary,93,E,Counting,What was the maximum number of people on one boAT the same time?,"[0:22:11,0:22:12]",13,"Baby, Kid, Adult"
,8,documentary,94,E,Enumeration,List the types of structures and buildings that appear in the video.,"[0:00:15,0:00:17], [0:01:07,0:01:08], [0:01:15,0:01:16], [0:01:35,0:01:42], [0:02:12,0:02:21],  [0:22:07,0:22:09], [0:22:54,0:22:57],","Simple shelter hut, Longhouse, Stilt wooden house, Monorail station, Modern building, Mosque, Tower, Plane runway, Logging camp hut, School, Chruch",
,8,documentary,95,F,Counting,How many types of animals appear in the night scenes?,"[0:08:54,0:08:59], [0:09:07,0:09:11], [0:09:46,0:09:47], [0:09:30,0:09:32], [0:10:16:0:10:17], [0:10:21,0:10:22], [0:10:37,0:10:38], [0:46:36,0:46:42],",10,"Leaf Katydid, Tree frog, Huntsman spider, Snake, Centipede, Jungle Nymph,  Lizard(forest dragon), Damselfly, Butterfly, Cicada"
,8,documentary,96,F,Enumeration,List the activities that the Penan people are doing in or by the river.,"[0:13:16,0:13:26], [0:15:11,0:15:12], [0:15:34,0:15:36], [0:15:47,0:15:48], [0:21:56,0:21:57],","Sharpening knives, Preparing bamboo shoots, Traveling by boat, Fishing, Bathing",
,8,documentary,89,C,Counting,"How many times did the narrator say the word ""Penan""?","[0:00:22,0:00:23], [0:01:31,0:01:32], [0:04:43,0:04:44], [0:05:53,0:05:54], [0:07:15,0:07:16], [0:13:05,0:13:06], [0:15:35,0:15:36], [0:17:18,0:17:20], [0:17:33,0:17:34], [0:18:47,0:18:48], [0:22:13,0:22:14], [0:22:49,0:22:50], [0:23:14,0:23:15], [0:26:38,0:26:39], [0:28:26,0:28:27], [0:29:02,0:29:03], [0:29:53,0:29:54], [0:32:17,0:32:18], [0:35:54,0:35:35], [0:42:35,0:42:36], [0:50:09,0:50:10], [0:50:48,0:50:49]",22,
,8,documentary,90,C,Enumeration,List all countries and major regions mentioned in the narration.,"[0:01:49,0:01:51],  [0:01:44,0:01:46], [0:01:54,0:02:00], [0:06:15,0:06:16], [0:27:10,0:27:11], [0:44:37,0:44:38]","France, InAT donesia, Borneo, Brunei, Malaysia, Cambodia, Vietnam, Asia, Africa",
https://www.youtube.com/watch?v=5dZ_lvDgevk,9,documentary,97,A,Counting,How many times is AI technology shown being used for crowd surveillance in the work?,"[0:00:20,0:00:33],
[0:17:23,0:17:42],
[0:18:31,0:18:36], 
",3,
,9,documentary,98,A,Enumeration,List all types of autonomous or robotic vehicles that appear in the work.,"[0:00:41,0:00:48], [0:09:09,0:09:21], [0:11:52,0:12:39], [0:23:07,0:23:45], [0:42:23,0:42:30]","Autonomous trucks, warehouse robots, delivery drones, autonomous cars, autonomous golf carts, security robots",
,9,documentary,99,B,Counting,"Out of the 5-game match between AlphaGo and Lee Sedol, how many games did AlphaGo win?","[0:05:13,0:05:19]",4,
,9,documentary,103,D,Counting,How many times does the orange industrial robot that performs painting and assembly appear in the car manufacturing plant?,"[0:52:03,0:52:17]",1,
,9,documentary,104,D,Enumeration,"List all company logos displayed on screen that start with the letter ""A"".","[0:01:25,0:01:27], [0:03:25,0:03:30], [0:06:15,0:06:16], [0:46:44,0:46:56]
","Abrams Foundation, AlphaGo, Apollo, Appian",
,9,documentary,105,E,Counting,"How many company logos are displayed in the ""Autonomous Driving & Robots"" section that Kai-Fu Lee is pointing to?","[0:10:17,0:10:40]",9,
,9,documentary,106,E,Enumeration,List the types of packages being carried by robots in the automated warehouse.,"[0:00:46,0:00:47], [0:09:05,0:09:17]","Yellow plastic containers, White bag-like packages",
,9,documentary,107,F,Counting,"After 5 minutes, and in scenes within China, how many times do drones appear flying?","[0:09:17,0:09:20]",1,
,9,documentary,108,F,Enumeration,List examples of AI technology applications that appear within the first minute.,"[0:00:20,0:00:27], [0:00:36,0:00:52]","Crowd surveillance, Facial recognition, Industrial robots, Autonomous trucks, Warehouse automation, Corporate surveillance",
,9,documentary,101,C,Counting,"In the Go match scene, how many times can the sound of a Go stone being placed on the board (""pachitt"" sound) be heard?","[0:01:40,0:01:40], [0:01:50,0:01:53], [0:01:59,0:02:00], [0:02:12,0:02:12], [0:04:34,0:04:34], [0:04:40,0:04:40], [0:05:06,0:05:06]",8,
,9,documentary,102,C,Enumeration,List the AI-related technological fields and concepts mentioned in the experts' interviews.,"[0:03:56,0:04:02], [0:13:16,0:13:23], [0:31:09,0:31:58]","Deep learning, Neural networks, Machine learning, Autonomous driving",
,10,documentary,110,A,Enumeration,Please list all types of horned animals that appear in the video.,"[0:00:00,0:00:06], [0:00:13,0:00:25], [0:01:01,0:01:25], [0:02:46,0:02:57], [0:06:09,06:15], [0:09:59,0:10:06], [0:10:43,0:10:46], [0:11:17,0:11:28], [0:17:26,17:31], [0:17:41,0:17:46], [0:25:59,0:26:05]","African Buffalo, Wildebeest, Kudu, Gemsbok Oryx, Rhino, Hartebeest, Gazelle, Springbok, Deer, Ankole Watusi, Waterbuck",
,10,documentary,112,B,Enumeration,Please list the actions in order from the scene starting at 9:26 where a jackal parent and cub interact.,"[0:09:26,0:09:36]",Parent sniff cub's body → Parent licks cub's body → Parent lay down beside the cub,
,10,documentary,115,D,Counting,How many times do scenes of striped animals (excluding zebras) appear?,"[0:01:01,01:25], [0:05:51,05:57], [0:06:09,06:15], [0:11:51,11:57], [0:15:57,16:08]",5,
,10,documentary,116,D,Enumeration,Please list all felines that appear in the video.,"[0:00:25,00:35], [0:01:25,01:49], [0:05:51,05:57]","Cheetah, Lion, Leopard, Serval",
,10,documentary,117,E,Counting,"In the scene at 28:23, what is the maximum number of zebras at the watering hole with the elephants?","[0:28:23,28:35],",7,
,10,documentary,118,E,Enumeration,"In the waterside scene with hippos starting from 23:02, please list all types of animals shown other than hippos.","[0:23:02,23:09],",Bird,
,10,documentary,119,F,Counting,"In the latter half of the video (after 15:00), how many types of mammals appear at the waterside?","[0:16:58,17:08], [0:18:38,18:45], [0:19:08,19:19], [0:19:31,19:40], [0:28:22,28:34]",6,
,10,documentary,120,F,Enumeration,Please list all young animals that appear in the first half of the video (up to 15:00).,"[0:16:03,16:08], [0:17:26,17:31], [0:22:32,22:43], [0:23:02,23:08], [0:23:17,23:24], [0:23:52,23:58]","Deer, Gazelle, Lion, Hippo, Cheetah, Fox",
,10,documentary,113,C,Counting,How many times can the sound of a lion roaring (including growls) be heard?,"[0:30:09,30:13]",1,
,10,documentary,114,C,Enumeration,Please list all types of animal sounds that can be heard in the video. (Excluding bird chirps),"[0:00:00,00:06], [0:00:13,00:25], [0:10:17,10:24], [0:18:38,18:42], [0:30:09,30:13]","Footsteps, Grunt, Chattering, Splashing, Growl",
https://www.youtube.com/watch?v=xi6r3hZe5Tg,11,documentary,121,A,Counting,How many times do scenes of drones flying appear throughout the video?,"[0:00:41,0:00:42], [0:01:04,0:01:16], [0:09:59,0:10:16], [0:10:23,0:10:35], [0:10:56,0:10:58], [0:11:05,0:11:10], [0:11:17,0:11:21]",7,
,11,documentary,122,A,Enumeration,List the themes of technological innovation introduced in the first minute of the video.,"[0:00:06,0:00:13], [0:00:22,0:00:28], [0:00:40,0:00:54]","Robotics and Automation, Space Development, Automotive Technology, Information Technology, Drones, Medical and Health Technology, Agricultural Technology",
,11,documentary,123,B,Counting,"In the drone delivery process for packages starting at 10:42, how many total steps are shown until the package is handed over to an individual?","[0:10:42,0:10:53]",4,Robotic arm retrieves package from drone → Robotic arm places package into locker → Recipient receives notification → Recipient retrieves package from locker
,11,documentary,124,B,Enumeration,List the steps from when a drone delivers a package to when a person receives it.,"[0:10:28,0:10:29], [0:10:42,:10:53]",Drone lands → Robotic arm retrieves package from drone → Robotic arm places package into locker → Recipient receives notification → Recipient retrieves package from locker,
,11,documentary,127,D,Counting,How many times do scenes of robotic arms operating appear?,"[0:00:08,0:00:13], [0:10:17,0:10:22], [0:10:42,0:10:46], [0:13:30,0:13:41], [0:28:17,0:28:22]",6,
,11,documentary,128,D,Enumeration,"List all types of robots appearing in the video, to the extent that they can be visually identified.","[0:00:08,0:00:17], [0:00:40,0:00:42], [0:13:30,0:13:41], [0:28:17,0:28:22], [0:34:00,0:34:43]","Industrial Robotic Arm, Humanoid Robot, Delivery Drone, Agricultural Robotic Arm, Medical Robot, Educational Robot",
,11,documentary,130,E,Enumeration,List all crops introduced as being cultivated in vertical farms.,"[0:12:46,12:54], [0:14:20,0:14:22], [0:14:46,0:14:48]","Strawberries, Kale, Tomatoes, Arugula",
,11,documentary,131,F,Counting,"In the first 35 seconds of the video, how many times do scenes of vehicles (cars, rockets, trains, etc.) moving appear?","[0:00:01,0:00:06], [0:00:27,0:00:35]",5,
,11,documentary,132,F,Enumeration,"List the points of change compared to 50 years ago, as indicated by narration or visuals.","[0:03:22,0:03:37], [0:37:26,0:37:41]","Population was one-third, GDP was less than 1% of current, Infrastructure was almost non-existent, Communication with friends overseas was mainly by letter",
,11,documentary,125,C,Counting,"Excluding the narrator, how many people appear speaking in interviews?","[0:00:45,0:01:00], [0:05:34,0:05:40], [0:08:04,0:08:16], [0:09:52,0:09:58], [0:16:24,0:16:28], [0:17:21,0:17:45], [0:19:43,0:19:59], [0:21:39,0:21:47], [0:23:54,0:23:57], [0:25:44,0:25:48], [0:29:14,0:29:20], [0:31:12,0:31:29], [0:34:14,0:34:24], [0:35:39,0:35:53], [0:36:41,0:36:57], [0:39:17:0:39:30], [0:41:20,0:41:39], [0:41:56,0:42:04], [0:42:12,0:42:17]",21,
,11,documentary,126,C,Enumeration,List the fields of organizations to which the people appearing in interviews belong.,"[0:00:45,0:00:52], [0:02:30,0:02:32], [0:05:34,0:05:35], [0:08:05,0:08:06], [0:09:52,0:09:53], [0:16:27,0:16:29], [0:19:43,0:19:45], [0:23:54,0:23:56], [0:34:52,0:34:54]","Engineering and Technology, Agriculture, Urban Planning and Housing, Architecture, Aerospace, Food Science, Education, Public Works and Water Utilities",
https://www.youtube.com/watch?v=llh52RktRxU,12,documentary,133,A,Counting,How many times did scenes of airplanes taking off or landing appear throughout the entire video?,"[0:00:00,0:00:02], [0:01:45,0:01:55], [0:02:19,0:02:22], [0:09:56,0:10:00], [0:13:02,0:13:07], [0:27:08,0:27:13], [0:44:05,0:44:09]",8,
,12,documentary,134,A,Enumeration,Please list all large-scale art installations and design structures appearing in the video that are installed inside the terminal.,"[0:00:33,0:00:38], [0:01:16,0:01:20], [0:02:27,0:02:33],  [0:06:01,0:06:03]","Petalclouds, Metronome light sculpture, Les Oiseaux (The Birds), Aerial net sculpture or Suspended mesh installation, Petal Garden, Travelling Family",
,12,documentary,135,B,Counting,"In the fully automated boarding process at Terminal 4, how many times is biometric authentication (facial recognition) depicted as occurring from the time passengers check in until they pass the boarding gate?","[0:20:50,0:21:11], [0:21:50,0:22:03]",2,
,12,documentary,136,B,Enumeration,"Please list the steps of the fully automated departure process (FAST Travel) at Terminal 4, as introduced in the video, in order starting from check-in.","[0:03:46,0:03:58]",Automated check-in → Automated baggage drop → Automated exit immigration → Automated boarding gate,
,12,documentary,139,D,Counting,How many times do staff wearing pink vests appear on screen?,"[0:00:27,0:00:30], [0:02:42,0:02:52],  [0:03:01,0:03:41], [0:03:59,0:04:11], [0:04:21,0:04:26], [0:04:39,0:04:47], [0:15:47,0:15:53], [0:16:04,0:16:09], [0:16:43,0:16:46], [0:17:03,0:17:19], [0:17:27,0:17:44], [0:18:03,0:18:23], [0:18:34,0:18:48], [0:19:19,:19:20], [0:19:36,:19:45], [0:19:58,:20:05], [0:20:54,:20:56], [0:21:40,:21:48], [0:29:33,0:29:34],  [0:29:44,0:29:45]",20,
,12,documentary,140,D,Enumeration,Please list all identifiable airline logos depicted on the tail fins of the passenger aircraft appearing in the video.,"[0:00:01,0:00:04], [0:01:32,0:01:38], [0:01:47,0:01:56]","Air Mauritius, Singapore Airlines, Cebu Pacific,  Qantas Airways, Air China, Firefly, Tigerair Taiwan,  Thai Airways International, Batik Air Malaysia, EVA Air Cargo, Jetstar Airways, All Nippon Airways (ANA),  Cathay Pacific Airways, Jet Airways, Uzbekistan Airways, Star Alliance livery, Air Niugini, British Airways, Emirates",
,12,documentary,141,E,Counting,How many automatic baggage drop machines (auto bag drop machines) can you see installed in the line for one check-in area?,"[0:23:25,0:23:37]",8,
,12,documentary,142,E,Enumeration,Please list all types of ground support vehicles operating on the airport apron.,"[0:01:42,0:01:45], [0:28:58,0:29:02]","Baggage tractors (tow tractors), Pushback tractors",
,12,documentary,143,F,Counting,How many cranes appear in the construction and preparation phase scene of Terminal 4 (before operations begin)?,"[0:00:45,0:00:47], [0:12:15,0:12:17], [0:12:39,0:12:43]",3,
,12,documentary,144,F,Enumeration,"Please list all the characters appearing in the short musical 'Peranakan Love Story,' which is themed around Peranakan culture and displayed on the digital screen in the Heritage Zone.","[0:33:01,0:33:08]","violinist, pianist",
,12,documentary,137,C,Counting,How many people appear in the interview?,"[0:00:18,0:00:19], [0:00:35,0:00:36], [0:00:49,0:00:52], [0:00:59,0:01:00], [0:01:08,0:01:11], [0:24:55,0:25:01], [0:31:36,0:31:43], [0:29:27,0:29:34]",9,
,12,documentary,138,C,Enumeration,Please list the specific concepts and technical terms mentioned in the interview regarding the design and operation of Changi Airport Terminal 4.,"[0:00:21,0:00:23], [0:03:46,0:03:58], [0:21:44,0:21:45], [0:23:03,0:23:06], [0:22:51,0:22:56], [0:06:35,0:06:36], [0:05:30,0:05:32], [0:10:45,0:10:47]","Automated check-in kiosks, Automated bag drop, Automated immigration gates, automated boarding process, Full Automation, biometric rejection, Automated tray return, CT scanners, Kinetic sculptures, rethinking travel,",
https://www.youtube.com/watch?v=kJgHY-URujk,13,documentary,145,A,Counting,How many times does a scene of a helicopter flying appear in this video?,"[0:01:45,0:01:50], [0:02:54,0:02:59], [0:03:19,0:03:24], [0:03:30,0:03:33]",4,
,13,documentary,146,A,Enumeration,Please list all the names of terrorist organizations or armed groups appearing in the video.,"[0:00:16,0:00:17], [0:01:52,0:01:55], [0:03:03,0:03:04], [0:19:39,0:19:42]","Islamic extremists, Boko Haram, ISIS, Hezbollah",
,13,documentary,147,B,Counting,"In the illegal oil refining process, how many main steps can be observed in the video from heating crude oil to bagging the product?","[0:14:14,0:14:18], [0:17:28,0:17:45]",4,
,13,documentary,148,B,Enumeration,"In the ambush in Niger, please list in order the actions of the American soldiers from dismounting their vehicles and counterattacking until they are finally subdued.","[0:00:17,0:00:54]",Dismount from vehicle → Return fire → Taking cover behind cars → Returning fire on enemy positions → Dragging the wounded soldiers → Shot and subdued,
,13,documentary,151,D,Counting,"How many times does the flag of the extremist organization, which has white Arabic script on a black background, appear in the video?","[0:01:20,0:01:26], [0:02:15,0:02:17], [0:02:22,0:02:23], [0:02:34,0:02:35], [0:03:03,0:03:04], [0:08:38,0:08:41], [0:19:20,0:19:23], [0:43:23,0:43:23]",8,
,13,documentary,152,D,Enumeration,Please list all types of upper body clothing worn by people working in the Nigerian black market.,"[0:13:33,0:13:39], [0:14:51,0:14:52], [0:15:41,0:15:44]","T-shirt, Tank top, Polo shirt, Bare-chested",
,13,documentary,153,E,Counting,"In the scene at the Nigerian military checkpoint, what is the total number of yellow and red barrels placed to block the road?",,2,
,13,documentary,154,E,Enumeration,Please list all the golden animal statues seen in the audience chamber of King Ateke Tom's palace.,"[0:09:55,0:09:56], [0:10:02,0:10:03], [0:10:19,0:10:26]","Lion, Eagle",
,13,documentary,155,F,Counting,"In the latter half of the video (after 22 minutes), how many times is the yellow flag of Hezbollah waved within Lebanon?","[0:22:31,0:22:35], [0:22:47,0:23:02], [0:24:31,0:24:51]",3,
,13,documentary,156,F,Enumeration,"In the night scene, please list all types of vehicles traveling near the Syrian border.","[0:35:32,0:35:37], [0:37:57,0:38:10], [0:41:35,0:41:41]","Car, truck",
,13,documentary,149,C,Counting,How many times are gunshots or explosions heard throughout the video?,"[0:00:08,0:00:11], [0:00:19,0:00:30], [0:00:38,0:00:39], [0:01:13,0:01:17], [0:08:38,0:08:41], [0:19:56,0:20:00], [0:20:06,0:20:07]",7,
,13,documentary,150,C,Enumeration,Please list all the reasons given by the former Boko Haram fighter for leaving the organization.,"[0:06:44,0:06:50]","Murder, collecting money from people, actions contrary to the teachings of the Quran",
https://www.youtube.com/watch?v=TGtGfydHKi0,14,documentary,157,A,Counting,How many times do scenes of surfing appear throughout the video?,"[0:01:43,0:01:45], [0:04:59,0:05:03], [0:06:04,0:06:07], [0:42:16,0:42:18], [0:43:58,0:44:02]",5,
,14,documentary,158,A,Enumeration,Please list all shark species mentioned by name in the video.,"[0:08:33,0:08:35], [0:13:58,0:14:02]","Great White Shark, Grey Nurse Shark",
,14,documentary,159,B,Counting,"When installing the Smart Drumline, what was the total number of buoys dropped into the ocean?","[0:24:24,0:24:40]",2,orange buoys
,14,documentary,160,B,Enumeration,Please list the sequence of events from Mick Fanning's shark attack to his rescue by jet ski.," [0:06:24,0:07:05] ",Shark knocks him off the board → tried to hold on to the board → he just keep swiming  → Rescue boat approaches → Jet ski arrives and rescues him,
,14,documentary,163,D,Counting,How many times does Chris Hemsworth appear wearing sunglasses?,"[0:01:50,0:01:51], [0:09:57,0:09:58], [0:13:20,0:13:23], [0:18:45,0:18:48], [0:37:57,0:37:59]",5,"At Jet ski, At Beach sand, At Yacht"
,14,documentary,164,D,Enumeration,Please list the types of vehicles used for research and rescue that appeared in the video.,"[0:03:00,0:03:07], [0:07:04,0:07:05], [0:33:19,0:33:25], ","Four-wheel drive vehicle, Jet ski, Yatch",
,14,documentary,165,E,Counting,"When filming the school of Grey Nurse Sharks, what was the maximum number of sharks visible on screen at one time?","[0:16:48,0:16:53]",3,
,14,documentary,166,E,Enumeration,Please list all place names related to the Great White Shark's migration route that Dr. Paul Butcher explained while drawing a map of Australia on the beach.,"[0:09:44,0:10:18],","Queensland, Fraser Island, Victoria, Tasmania",
,14,documentary,167,F,Counting,"In the latter half of the video (after 22 minutes), how many types of research equipment did the research team deploy into the ocean from the boat?","[0:22:33,0:22:41], [0:23:00,0:23:05]",2,"Alongside net, Smart Drumline"
,14,documentary,168,F,Enumeration,Please list all technologies and methods for protecting oneself from sharks introduced in the video.,"[0:22:33,0:22:41], [0:23:00,0:23:05], [0:28:17,0:28:25],  [0:34:31,0:34:36]","Alongside net, Smart Drumline, Ancient wisdom, Electrical shark deterrent",
,14,documentary,161,C,Counting,How many times was the audio of the news flash about the shark attack incident played?,"[0:01:38,0:01:42], [0:08:50,0:08:58],",2,
https://www.youtube.com/watch?v=8QdE--Y-x7U,15,live,169,A,Counting,How many Nobel Prize fields were mentioned by the narrator?,"[0:30:06,0:30:35], [0:37:46,0:37:52], [0:48:40,0:48:59], [0:55:50,0:56:00], [1:11:36,1:11:38],",5,"Physics, Chemistry, Physiology or Medicine, Literature, Economic Sciences"
,15,live,170,A,Enumeration,List all types of floral decorations appearing in the video.,"[0:02:28,0:03:05]","Pink Flower wall, Spherical flower arrangement, Flowers in vases, Podium flower decoration, Stage balcony decoration",
,15,live,171,B,Counting,How many times did the first recipient of the Physics Prize bow from the moment they ascended the stage to receive the award until they returned to their seat?,"[0:31:09,0:31:35]",3,
,15,live,172,B,Enumeration,List the sequence of actions taken by the recipient when receiving the award from the King.,"[0:32:22,0:32:39]",Approach the King →  Receive the diploma and medal → Shake hands → Bow to the King → Bow to the audience,
,15,live,175,D,Counting,How many cellists are shown in the orchestra on stage?,"[0:03:05,0:03:10], [0:51:26,0:51:27]",3,
,15,live,176,D,Enumeration,List all the colors of the dresses worn by the female members of the Swedish Royal Family.,"[0:07:00,0:07:08], [0:07:42,0:07:51], [1:10:51,1:10:56]","Blue with silver sequins, Gray, turquoise Green, Gold",
,15,live,177,E,Counting,How many red chairs for the recipients are placed in the center of the stage?,"[0:02:15,0:02:25]",9,
,15,live,178,E,Enumeration,List the types of flowers decorating the background of the bust of Alfred Nobel next to the podium on stage.,"[0:02:43,0:02:54]","Roses, Carnations, Orchids, Gerbera, Amaryllis",
,15,live,179,F,Counting,How many times did the woman (Queen) standing to the King's left clap when the King presented the award to the recipient?,"[0:31:39,0:31:40], [0:32:33,0:32:35], [0:38:31,0:38:35], [0:39:33,0:39:35], [0:50:03,0:50:05], [1:17:54,1:17:57],",6,
,15,live,173,C,Counting,"How many times did the narrator mention the word ""Swedish""?","[0:00:24,0:00:25], [0:00:55,0:00:56], [0:01:32,0:01:34], [0:01:56,0:01:57], [0:03:55,0:03:58], [0:04:42,0:04:46], [0:06:20,0:06:24], [0:06:41,0:06:42], ",8,
,15,live,174,C,Enumeration,List all names of people other than the recipients mentioned in the speech.,"[0:12:26,0:12:28], [0:18:07,0:18:10]","Juan Manuel Santos, Albert Camus",
https://www.youtube.com/watch?v=ViHbAhKTtGM,16,live,181,A,Counting,How many times do scenes of helicopter rescue operations appear in this video?,"[0:01:22,0:01:27]",1,
,16,live,182,A,Enumeration,List all types of warnings and advisories given to residents shown in the video.,"[0:09:53,0:10:14],
[0:10:19,0:10:24],
[0:13:29,0:13:53]","Evacuation advisory, boarding up windows, fueling cars, mandatory evacuation order",
,16,live,183,B,Counting,How many times was the category updated in the news before Tropical Depression 12 reached Category 5?,"[0:03:14,0:03:18], [0:03:29,0:03:32] ",2,
,16,live,184,B,Enumeration,List the official response procedures for Hurricane Katrina shown in the video in chronological order.,"[0:09:53,0:10:14],
[0:10:19,0:10:24], 
[0:13:29,0:13:53],
[0:14:29,0:14:47], [0:15:04,0:15:23]",Call for preparation → Evacuation advisory → Mandatory evacuation order → Police call for evacuation → Superdome opened as final shelter,
,16,live,187,D,Counting,How many different types of news alert tickers from different TV stations are displayed?,"[0:01:50,0:01:52]
[0:02:10,0:02:12]
[0:05:09,0:05:10]
[0:10:23,0:10:26]
[0:10:51,0:10:56]
[0:23:27,0:23:32]",6,
,16,live,188,D,Enumeration,List all types of rescue and emergency vehicles that appeared in the video.,"[0:01:22,0:01:27], [0:01:48,0:01:49], [0:01:57,0:02:06], [0:18:11,0:18:16], [0:20:05,0:20:07]","Helicopter, military truck, police car, pickup truck, boat, ambulance, fire truck, bus",
,16,live,190,E,Enumeration,List all types of footage displayed on the background multiscreen in the news screen at 2:11.,"[0:02:10,0:02:12]","People evacuating to the airport, smoke from an explosion or fire, aerial footage of flooded areas, flooded residential areas, airport parking lot or highway traffic jam",
,16,live,191,F,Counting,How many times are there scenes showing people waiting for help on rooftops or flooded streets after the hurricane made landfall?,"[0:01:00,0:01:26]",2,
,16,live,192,F,Enumeration,List the actions citizens were taking to prepare for the hurricane before the mayor issued the mandatory evacuation order.,"[0:04:07,0:04:23],
[0:04:36,0:04:42],
[0:04:48,0:05:07],
[0:09:52,0:10:06]","Swimming in a pool, fishing or crabbing, making Mardi Gras costumes, loading cars and evacuating, boarding up windows, fueling cars",
,16,live,185,C,Counting,How many times can emergency vehicle sirens be heard throughout the video?,"[0:18:11,0:18:14]",1,
,16,live,186,C,Enumeration,List all human factors mentioned by the narrator or interviewees that exacerbated the damage from Katrina.,"[0:01:58,0:02:02]",Government failures,
https://www.youtube.com/watch?v=xECIRjlxM3U,17,live,193,A,Counting,How many times did the scene switch from underwater to above water (on a ship or land)?,"[0:29:18, 0:29:37], [0:41:07, 0:41:27], [1:03:48, 1:05:25], [1:12:56, 1:13:28], [1:33:20, 1:33:58], [1:40:13, 1:41:00], [1:56:30, 1:57:08] ",7,
,17,live,194,A,Enumeration,"List all types of sea creatures, other than mermaids, depicted as main characters.","[0:12:48, 0:12:53], [0:09:08, 0:09:13], [0:10:28, 0:10:33], [0:19:50, 0:19:55]","Crab, Fish, Seagull, Octopus, Eel",
,17,live,195,B,Counting,"In the storm scene before the prince fell into the sea, how many times did lightning flash?","[0:31:43, 0:31:56]",11,
,17,live,196,B,Enumeration,List the steps Scuttle explained to Ariel on how to use a fork (dinglehopper).,"[0:11:06, 0:11:18]","Humans like to wear their hair in tails, pony, pig or duck. -> A primp here. -> A twirl there.",
,17,live,200,D,Enumeration,List all the tail fin colors of Ariel's sisters.,"[0:38:49,0:39:33]","Blue, Purple, Red, Orange, Yellow, Pink",
,17,live,201,E,Counting,What is the maximum number of sailors simultaneously shown on the ship's deck?,"[0:05:25, 0:05:28]",20,
,17,live,202,E,Enumeration,List the human world tools collected in Ariel's secret grotto.,"[0:24:12, 0:29:19], [0:51:25, 0:53:08]","fork, spoon, knife, laddle, cup, jug, scroll, candelabra, smoking pipe, telescope, music box, jewelry box, jewelry, paper, rope, clock, bell, net, framed painting, necklace, a statue of Prince Eric, books, silverwares",
,17,live,203,F,Counting,How many times does Ariel visit the human world (above water)?,"[0:09:05, 0:12:13], [0:30:18, 0:30:23], [1:05:16, 1:05:21], [1:57:02, 1:57:07]",4,
,17,live,204,F,Enumeration,"At the beginning of the story, list all the names of King Triton's daughters who sing at the concert.","[0:13:55, 0:14:08]","Aquata, Andrina, Arista, Attina, Adella, Alana",
,17,live,197,C,Counting,How many times is a previously sung song reprised (sung again in a shorter version)?,"[0:33:30, 0:34:12], [0:35:22,0:36:02], [1:53:44, 1:53:49], [1:55:50, 1:56:20], [1:57:02, 1:57:06], [1:59:44, 2:01:13]",6,
,17,live,198,C,Enumeration,"In the song ""Part of Your World,"" list the human world objects and concepts Ariel mentioned.","[0:25:13, 0:28:16]","Gadgets, Gizmos, Whozits, Whatzits, Thingamabobs, Walking, Jumping, Running, Strolling, Sun, Sand, Streets, Dancing, Fire, Burn, Shore, Land, Stand",
https://www.youtube.com/watch?v=o-gLbgpzCc8,18,live,205,A,Counting,How many scenes are there where Aladdin jumps down or leaps across from high places?,"[0:06:04,0:06:05], [0:10:09,0:10:11], [0:29:09,0:29:14]",3,
,18,live,206,A,Enumeration,Please list all types of special effects involving fire and smoke used in the production.,"[0:02:00,0:02:04], [0:13:47,0:13:51], [0:17:25,0:17:29], [0:37:19,0:37:21]","Flash, Explosion, Smoke, Sparks",
,18,live,207,B,Counting,How many times did Jafar command Genie before making his last wish?,"[0:36:15,0:36:22], [0:37:00,0:37:07]",2,
,18,live,208,B,Enumeration,Please list the steps Aladdin took to trap Jafar in the lamp.,"[0:39:04,0:39:50]","Aladdin points out that Genie is more powerful than Jafar → Provoked, Jafar wishes to become an all-powerful Genie → Genie grants the wish, transforming Jafar into a Genie → Jafar, now a Genie, is bound to the lamp that appeared with him → Aladdin grabs Jafar's lamp and traps him.",
,18,live,211,D,Counting,How many times does Jafar use magic by striking his cobra staff on the ground?,"[0:37:19,0:37:21], [0:38:40,0:38:42]",2,"First magic is lightning, Second is transforming into a giant snake."
,18,live,212,D,Enumeration,Please list all the types of animals that appeared in Prince Ali's parade.,"[0:20:50,0:0:22:15]","Horse, Elephant",
,18,live,213,E,Counting,"How many landmarks around the world did the magic carpet visit in the ""A Whole New World"" scene?","[0:30:10,0:32:07]",5,"The Great Pyramid of Giza , Big Buddha, Eiffel Tower, The Moscow Kremlin, Athens Acropolis"
,18,live,214,E,Enumeration,Please list all types of golden animal statues located inside the magical cave.,"[0:11:45,0:11:53]","bird, cow, camel",
,18,live,216,F,Enumeration,"After Genie was freed, please list all the modern clothing items he was wearing when he departed.","[0:44:36,0:44:42]","Aloha shirt, suitcase",
,18,live,210,C,Enumeration,Please list the restrictions on wishes that Genie explained as three rules.,"[0:14:45,0:15:06]","You cannot increase wishes, you cannot make people fall in love, you cannot bring the dead back to life",
https://www.youtube.com/watch?v=NP4RrJCYFGs,19,documentary,217,A,Counting,How many times are there scenes in the video where experts directly point at and explain ruins or artifacts?,"[0:05:11,0:05:40], [0:15:30,0:15:47], [0:21:08,0:21:32], [0:23:13,0:23:45], [0:33:57,0:34:15], [0:34:44,0:34:49]",6,
,19,documentary,218,A,Enumeration,Please list all the types of artifacts discovered in Pompeii and Herculaneum that were introduced in the video.,"[0:01:00,0:01:05], [0:08:32,0:08:37], [0:12:14,0:12:22], [0:14:11,0:14:16], [0:33:17,0:33:23]","Preserved bodies, Horse skeleton, Amphora, Chariot, Fresco, Human skeleton with iron shackles",
,19,documentary,219,B,Counting,"How many stages of main phenomena, depicted in CG, were there from the start of the Vesuvius volcano eruption until the occurrence of the first pyroclastic flow?","[0:19:38,0:19:43], [0:20:13,0:20:18], [0:25:08,0:25:16]",3,
,19,documentary,220,B,Enumeration,"Please list the steps for making a plaster cast of the body, based on the video's explanation.","[0:07:22,0:07:27], [0:07:48,0:08:05]","Find the cavity formed within the volcanic ash, pour plaster into the cavity, remove the volcanic ash around the hardened plaster, the plaster cast is completed",
,19,documentary,223,D,Counting,"How many times are there scenes where real human bones (skeletons), not plaster statues, are clearly shown?","[0:01:08,0:01:13], [0:01:52,0:01:57], [0:14:49,0:14:55], [0:30:02,0:30:07], [0:34:38,0:34:42]",5,
,19,documentary,224,D,Enumeration,Please list all the names of the experts featured in this documentary who are introduced with their titles.,"[0:03:08,0:03:11], [0:03:56,0:03:59], [0:11:16,0:11:21], [0:18:17,0:18:22], [0:28:15,0:28:20]","Dr Luana Toniolo, Dr Gabriel Zuchtriegel, Dr Sophie Hay, Prof Dougal Jerram, Prof Pier Paolo Petrone",
,19,documentary,225,E,Counting,How many beds were there in the slave's room discovered in the villa in the suburbs of Pompeii?,"[0:10:27,0:10:32]",3,
,19,documentary,226,E,Enumeration,"Please list the living essentials, other than the bed, found in the slave's room.","[0:12:14,0:12:46]","Amphoras, Horse tack. chamber pot, wooden chest",
,19,documentary,227,F,Counting,How many victims who died from pyroclastic flow after surviving the initial eruption were found in a villa on the outskirts of Pompeii?,"[0:23:47,0:23:52]",2,
,19,documentary,228,F,Enumeration,List the attributes of the victims identified from the human remains found in Herculaneum's boat chamber.,"[0:32:02,0:32:44]","Male, Female, Children, Slaves, Locals, Migrants from the Mediterranean, Near East, and Central Europe and South Europe",
,19,documentary,221,C,Counting,How many times is the audio of news reports about the discovery of Pompeii inserted in the video?,"[0:02:22,0:02:34]",1,
,19,documentary,222,C,Enumeration,Please list all place names other than Pompeii and Herculaneum that the experts appearing in the video mentioned.,"[0:04:52,0:05:01]","Italy, Rome, Naples, Mount Vesuvius, Villa site",
https://www.youtube.com/watch?v=-hgaSElC3wU,20,live,229,A,Counting,How many times do the cats all strike the same pose simultaneously during the song 'Jellicle Ball'?,"[0:29:38,0:29:55], [0:30:09,0:30:19]",2,
,20,live,230,A,Enumeration,Please list all the 'common names' given to cats that are mentioned in the song 'Cats'.,"[0:19:15,0:19:22]","Peter, Augustus, Alonzo, James, Victor, Jonathan, George, Bill Bailey",
,20,live,231,B,Counting,How many times do other cats gently touch her before Grizabella ascends to the Heavyside Layer?,"[1:40:51,1:40:57]",1,
,20,live,236,D,Enumeration,"Please list all cats whose costumes consist only of white, black, or both colors.","[0:21:18,0:21:22], [0:42:05,0:42:08], [0:34:52,0:35:07],","Victoria, Mistoffelees, Bustopher Jones, Gus",
,20,live,238,E,Enumeration,Please list all food and drink-related props found on the stage set.,"[0:37:00,0:37:05]","fish, meat, fried egg, shimp, bottled milk, bacon, pizza, sausage, bread, grapes, slice cake,",
,20,live,240,F,Enumeration,Please list all the main cat characters who gather at the front of the stage to see Grizabella off when she ascends to the Heavyside Layer.,"[1:41:20,1:42:50]","Old Deuteronomy, Munkustrap, Rum Tum Tugger, Victoria, Mr. Mistoffelees, Bombalurina, Demeter, Jemima, Gus, Skimbleshanks",
,20,live,233,C,Counting,How many times does the police siren sound in the show?,"[0:38:12,0:38:15]",1,
,20,live,234,C,Enumeration,Please list all the roles Gus is said to have played in the song 'Gus: The Theatre Cat'.,"[0:36:05,37:00]","Firefrorefiddle, Growltiger, Dick Whittington’s",
https://www.youtube.com/watch?v=hROKtPqktO8,21,selfmedia,241,A,Counting,How many times does Chris put food or drink in his mouth throughout the video?,"[0:02:39,0:02:44], [0:06:14,0:06:18], [0:06:31,0:06:33], [0:09:53,0:09:54], [0:10:03,0:10:18], [0:27:46,0:27:48],  [0:38:37,0:38:39]",9,"coffee, gummy, sandwish, juice, fries, crispy fish, rice, hakarl, ice cream"
,21,selfmedia,242,A,Enumeration,List all types of natural phenomena and landforms in Iceland that appear in the video.,"[0:12:12,0:12:15], [0:14:11,0:14:14], [0:17:52,0:17:54], [0:18:31,0:18:57], [0:21:30,0:21:42], [0:24:10,0:24:12], [0:28:25,0:28:46], [0:29:07,0:29:22], [0:39:08,0:39:40]","Rift valley, Geyser, Cliff, Coastline, Hot spring, Lava field, Volcano, Lake, Mountain, Aurora, Waterfall, Glacier",
,21,selfmedia,243,B,Counting,"How many types of food, drinks, or supplements did Chris show before boarding the plane at the airport?","[0:02:39,0:02:47]",3,"coffee, granola bar, melatonon gummies"
,21,selfmedia,244,B,Enumeration,"List the process of baking bread with geothermal heat, following the steps shown in the video.","[0:24:10,0:24:50]",Dig a hole in the ground with a shovel → Take out the pot → Cool the pot with lake water → Take the bread out of the pot,
,21,selfmedia,247,D,Counting,How many times does a polar bear statue appear in the video?,"[0:04:58,0:05:03]",1,
,21,selfmedia,248,D,Enumeration,List all types of hats Chris wore.,"[0:06:55,0:06:56], [0:10:58,0:11:00], [0:29:07,0:29:09], [0:39:42,0:39:44]","Black and white patterned beanie, Gray beanie, Black pom-pom beanie, blue helmet",
,21,selfmedia,249,E,Counting,How many pillows are there in total in the twin-bedded hotel room where Chris stayed?,"[0:09:17,0:09:19]",2,white pillow
,21,selfmedia,250,E,Enumeration,List all the food and drinks on Chris's table during his first cafe meal after arriving in Iceland.,"[0:06:13,0:06:29]","Sandwich. cafe latte, Potato chips",
,21,selfmedia,251,F,Counting,"In the latter half of the video (after 19:30), how many times is Chris near a waterfall?","[0:26:09,0:26:11], [0:29:07,0:29:20], [0:36:02,0:36:15]",3,
,21,selfmedia,252,F,Enumeration,List all vehicles that appear in the night scenes after arriving in Iceland.,"[0:22:30,0:22:48]","Car, Bus, Truck",
,21,selfmedia,245,C,Counting,"How many times did Chris say the word ""Iceland"" or ""Icelandic"" throughout the video?","[0:00:16,0:00:18], [0:00:25,0:00:26], [0:03:39,0:03:40], [0:27:07,0:27:08], [0:41:19,0:41:20], [0:41:26,0:41:27]",7,
,21,selfmedia,246,C,Enumeration,List all the reasons Chris gave for traveling to Iceland at the beginning of the video.,"[0:00:16,0:01:10]","Because she hasn't taken a vacation in over 6 and a half years, because,its looks absolutely stunning with GL the northern lights, because he likes solo travel, for mental health/self-care, to provide an escape for viewers",
https://www.youtube.com/watch?v=o3tf4Q7Z1r0,23,selfmedia,265,A,Counting,How many times do scenes of people hugging appear?,"[0:00:01,0:00:06], [0:03:27,0:03:32], [0:03:54,0:04:06], [0:15:43,0:15:48], [0:15:53,0:15:58],",7,
,23,selfmedia,266,A,Enumeration,List all types of bags that appeared in the packing and unpacking scenes in the video.,"[0:20:03,0:20:25] [0:20:13,0:20:23] [0:24:07,0:24:19] [0:25:21,0:26:57]","Rolling suitcase, Plaid large bag, Duffel bag, Handbag",
,23,selfmedia,267,B,Counting,How many times is the action of taking food from a KFC box shown?,"[0:43:45,0:44:40]",1,
,23,selfmedia,268,B,Enumeration,List the steps to set up a new walk-in closet.,"[0:24:40,0:24:45], [0:28:21,0:28:33], [0:33:15,0:33:20]",Take shoes out of bags and spread them on the floor →  wipe shelves →  hang clothes on hangers → arrange shoes on shelves,
,23,selfmedia,271,D,Counting,How many times do scenes appear where a person is wearing a hat or cap?,"[0:04:40,0:04:45], [0:05:08,0:05:13], [0:06:27,0:06:33], [0:11:18,0:11:31], [0:17:41,0:17:46]",6,
,23,selfmedia,272,D,Enumeration,List all colors of the large plaid bags used for moving.,"[0:25:27,0:26:54], [0:51:38,0:52:10]","Blue and white and black, Green and white, Red and white and yellow and orange, Purple and white and black, brown and white and black.",
,23,selfmedia,273,E,Counting,What was the maximum number of people simultaneously in the living room of the new house?,"[0:14:24,0:14:29]",8,
,23,selfmedia,274,E,Enumeration,List all types of shoes scattered on the walk-in closet floor.,"[0:24:40,0:24:45], [0:32:07,0:32:12]","Sneakers, Heels, Sandals, Shoes, Boots, Crocs",
,23,selfmedia,275,F,Counting,How many times do scenes of opening closet or cupboard doors appear within 5 minutes from the start of the video?,"[0:04:32,0:04:37], [0:05:03,0:05:08]",2,
,23,selfmedia,276,F,Enumeration,List all food and drinks consumed after moving into the new house (after 8:09).,"[0:21;27,0:21:32], [0:44:16,0:44:21], [0:49:29,0:49:34], [0:53:05,0:53:10]","Water, Bread, Porridge, Coffee, Fried chicken, Hamburger, Orange soda, Noodles, Cola, Fufu, soup",
,23,selfmedia,269,C,Counting,How many gospel songs do the characters sing together?,"[0:11:19,0:11:31], 
[0:14:14,0:14:19]",3,
,23,selfmedia,270,C,Enumeration,List all brand names mentioned audibly in the video.,"[0:03:35,0:03:40], [0:30:52,0:30:57], [0:38:08,0:38:13], [0:34:13,0:34:18], [0:38:59,0:39:04], [0:44:35,0:44:40]","Sonia Hair Extensions, Adidas, TikTok, Christian dior, Michael kors, KFC",
https://www.youtube.com/watch?v=qbT--nas9cI,24,selfmedia,277,A,Counting,How many times did the characters travel by plane throughout the video?,"[0:02:15,0:04:03], [0:04:15,0:04:35], [0:21:09,0:21:45]",3,
,24,selfmedia,278,A,Enumeration,Please list all land mammals that appeared on the safari tour.,"[0:21:55,0:22:50], [0:22:58,0:23:13]","Lion, Zebra, Impala, Elephant, Warthogs",
,24,selfmedia,279,B,Counting,How many types of items were included in the amenity kit provided on the Delta Air Lines flight?,"0:02:36,0:03:05]",6,"Eye Mask, Apothecary, Socks, Pen, Toothbrush, Toothpaste"
,24,selfmedia,280,B,Enumeration,"On Day 1 of travel, please list the steps from leaving home until entering the airport lounge.","[0:00:41,0:01:44]",Packing the case → Traveling by car → Arriving at the airport → Checking in at the Delta One counter → Relaxing and dining in the lounge,
,24,selfmedia,283,D,Counting,"How many times did the Delta Air Lines logo or the word ""DELTA"" appear in the lounge or on the plane?","[0:00:57,0:01:06], [0:01:49,0:01:50]",2,
,24,selfmedia,284,D,Enumeration,Please list all types of animals that appeared outside of the safari tour.,"[0:10:20,0:10:51], [0:12:23,0:13:06], [0:19:59,0:20:17], [0:20:31,0:20:42], ","Turtle, Horse, Giant tortoise, Cat, Fish, Dolphin",
,24,selfmedia,285,E,Counting,"In the dolphin watching scene, what is the maximum number of people on one boat? (Excluding the boat the filmer is on)","[0:20:33,0:20:38]",5,"male, female"
,24,selfmedia,286,E,Enumeration,Please list all seafood and side dishes served on the platter for lunch at the sandbank.,"[0:11:33,0:11:43]","Lobster, Shrimp, Squid, Octopus, Fish, French Fries, Salad",
,24,selfmedia,287,F,Counting,"In the dining scene at the airport lounge, how many appetizers were ordered before the main dish was served?","[0:01:23,0:01:33]",3,"bread, pasta, fried calamari"
,24,selfmedia,288,F,Enumeration,"After arriving in Africa, please list all types of vehicles that appeared in the video.",,"Van, Boat, Safari Jeep, Small Plane, Golf Cart",
,24,selfmedia,281,C,Counting,"How many times did the word ""Zanzibar"" appear, spoken or in text, throughout the video?","[0:04:03,0:04:07], [0:04:18,0:04:19], [0:05:40,0:05:45], [0:06:22,0:06:28], [0:23:45,0:23:46], [0:27:33,0:27:39], [0:31:10,0:31:13]",7,
,24,selfmedia,282,C,Enumeration,Please list all languages displayed on the KLM in-flight monitor.,"[0:04:18,0:04:19], ","English, Nederlands, Français, Español, Japanese, Korean, Deutsch, Italiano, Arabic, Russian, Português, Simplified Chinese",
https://www.youtube.com/watch?v=6uAK2TiVXYI,25,selfmedia,289,A,Counting,How many dishes cooked directly over an open flame or charcoal fire are featured in this video?,"[0:16:35,0:16:47], [0:25:55,0:26:45], [0:28:50,0:29:07], [0:32:09,0:33:45]",4,"Kebab, Bone in short rib, Roasted Vegetables, Cowboy Steak"
,25,selfmedia,290,A,Enumeration,Please list all the types of meat and seafood used as main ingredients in this video.,"[0:01:57,0:02:04], [0:26:05,0:26:13], [0:14:08,0:14:10], [0:24:08,0:24:21], [0:37:31,0:37:33], [0:32:19,0:32:21], ","Veal shank (Osso Buco), Beef (Short Rib, Cowboy Steak), Lamb, Shrimp, Squid, Mussels, Octopus",
,25,selfmedia,291,B,Counting,"How many manual steps are performed when making Ossobuco Empanadas, until the dough is closed?","[0:02:32,0:02:55]",4,Put the osubuco on the dough→ Put water on the edge of the dough→ Fold the dough and press it well→ Close the dough
,25,selfmedia,292,B,Enumeration,"Please list the steps for making short rib lettuce wraps, following the video.","[0:27:16,0:27:40]",Pick up lettuce → Spread smoked aioli → Top with short rib → Top with pickled cucumber → Top with sweet and sour onion → Wrap,
,25,selfmedia,295,D,Counting,"How many times did the man in the black T-shirt, wearing black gloves, participate in cooking?","[0:03:00,0:03:42], [0:14:32,0:15:22]",2,
,25,selfmedia,296,D,Enumeration,Please list all the vegetables and fruits that were hanging on the shelf above the grill.,"[0:01:10,0:01:12], [0:05:49,0:05:51]","Pineapple, cauliflower, onion, bell peppers, Broccolini, Cabbage, String Beans",
,25,selfmedia,297,E,Counting,"How many pieces of kebab are ultimately on the plate, served as","[0:17:04,0:17:09]",7,
,25,selfmedia,298,E,Enumeration,Please list all the accompaniments served around the steak in the final plating of Taro Cowboy Steak.,"[0:34:23,0:34:48]","Rosemary, herb butter, sea salt, chimichurri, roasted red onion",
,25,selfmedia,299,F,Counting,"In the latter half of the video (from 15 minutes onwards), how many dishes does a chef wearing black gloves cook over an open flame?","[0:15:40,0:15:56], [0:26:03,0:26:48], [0:28:57,0:29:31], [0:32:09,0:32:39], [0:36:26,0:36:43]",5,"lamb, short rib, vegetables, ribeye, mushroom"
,25,selfmedia,300,F,Enumeration,Please list all dishes where a burner (torch) was used as a finishing touch for cooking.,"[0:11:12,0:11:27], [0:34:35,0:34:39]","Bone Marrow with Ossobuco Marmalade, Tallow Cowboy Steak",
,25,selfmedia,293,C,Counting,How many times do you hear the sound of the burner igniting during cooking?,"[0:11:12,0:11:22], [0:11:51,0:11:54], [0:34:35,0:34:39]",3,
,25,selfmedia,294,C,Enumeration,Please list the technical terms related to dishes and cooking methods that the chefs mentioned.,"[0:00:01,0:00:05], [0:01:43,0:01:44], [0:01:56,0:01:58], [0:02:50,0:02:51], [0:06:01,0:06:02], [0:11:41,0:11:43], [0:14:01,0:14:02], [0:14:19,0:14:20],  [0:26:08,0:26:10], [0:26:18,0:28:19], [0:31:37,0:31:41], [0:36:15,0:36:17]","48-day aged, Josper, Osso Buco, Repuruge, Baklava, Chimichurri, Beyti, Lavash, Asado, Sous Vide, Tallow, Mastic",
https://www.youtube.com/watch?v=fAV3tR1ZEJs,26,selfmedia,301,A,Counting,How many colors of aprons appear in the video?,"[0:00:21,0:00:22]
[0:15:08,0:15:11]
",2,"Maroon, Black"
,26,selfmedia,302,A,Enumeration,List all cooking methods introduced in the video.,"[0:00:33,0:00:40], [0:01:46,0:01:51], [0:01:51,0:01:58],  [0:10:43,0:10:50], [0:25:43,0:25:50], ","Stir-frying, Chopping, Smoking, Frying, Boiling",
,26,selfmedia,303,B,Counting,"When making the pepper sauce for the Giant Crab (Crabzilla), how many ingredients were added to the pot before adding the crab meat?","[0:23:44,0:23:51]",5,"Oil, Onion, Garlic, Black Pepper, Sri Lankan Black Pepper"
,26,selfmedia,304,B,Enumeration,List the steps to make Coconut Sambol.,"[0:07:59,0:08:15]","Crack the coconut → Grate the coconut → Pound onion, chili, and salt with a mortar and pestle → Squeeze lime → Add grated coconut → Mix everything together",
,26,selfmedia,307,D,Counting,"In the kitchen of ""Manel Lanka"", what is the maximum number of stoves lit simultaneously?","[0:00:32,0:00:35]",3,Gas stove
,26,selfmedia,308,D,Enumeration,List all types of drinks arranged on the table.,"[0:04:01,0:04:03], [0:17:01,0:17:08]","Water, Iced Tea",
,26,selfmedia,309,E,Counting,"In the set meal served at ""Manel Lanka"", how many types of vegetable or bean side dishes were there in the small white bowls?","[0:03:08,0:03:10], [0:03:26,0:03:34], [0:03:43,0:03:49], [0:04:47,0:04:51], [0:07:09,0:07:11], ",6,
,26,selfmedia,310,E,Enumeration,"List all crab size names displayed inside the ""Ministry of Crab"" restaurant.","[0:10:05,0:10:06], [0:10:20,0:10:25]","½ Kilo, Small, Medium, Large, XL, Kilo Krab, Jumbo, Colossal, OMG!!!, Crabzilla",
,26,selfmedia,311,F,Counting,"At ""Ministry of Crab"", how many types of prawn dishes did the reporter taste before eating the Giant Crab (Crabzilla)?","[0:16:42,0:16:49], [0:17:10,0:17:12], [0:21:19,0:21:22], [0:21:53,0:22:03]",3,"Chili Garlic Prawns, Olive Oil Garlic Chili Prawns, Sri Lankan Prawn Curry"
,26,selfmedia,312,F,Enumeration,"List the 3 types of prawn dishes cooked in the ""Ministry of Crab"" kitchen, in the order they were prepared.","[0:12:59,0:14:31]",Chili Garlic Prawns → Olive Oil Garlic Chili Prawns → Sri Lankan Prawn Curry,
,26,selfmedia,305,C,Counting,"Throughout the video, how many times can the rhythmic sound of ingredients being chopped with a knife be heard?","[0:01:46,0:01:50], [0:02:03,0:02:11], [0:07:59,0:08:06], [0:23:16,0:23:26]",6,
,26,selfmedia,306,C,Enumeration,List all types of seafood mentioned by name by the reporter.,"[0:00:01,0:00:03], [0:03:15,0:03:16] [0:04:10,0:04:11], [0:11:03,0:11:05], [0:12:45,0:12:47]","Sri Lankan Mud Crab, Fish Curry, Dried Fish, Clams, Prawns",
https://www.youtube.com/watch?v=JPPMz8fEml0,27,selfmedia,313,A,Counting,How many times do the three YouTubers appear eating with locals?,"[0:30:10,0:30:12], [0:31:28,0:31:35]",2,
,27,selfmedia,314,A,Enumeration,Please list all types of transportation used by the YouTubers.,"[0:00:25,0:00:27], [0:03:27,0:03:30], [0:10:13,0:10:25], [0:22:51,0:23:06], [0:29:51,0:29:54], [0:30:22,0:30:26]","Airplane, Passenger car, taxi van, Scooter, Bus, Jet ski",
,27,selfmedia,315,B,Counting,How many locals did the YouTuber in the white and blue T-shirt talk to before finding accommodation?,"[0:06:39,0:06:52], [0:07:45,0:08:01], [0:09:55,0:10:00], [0:10:06,0:10:38], [0:17:48,0:18:02] [0:19:42,0:20:24]",17,
,27,selfmedia,316,B,Enumeration,Please list the steps from arriving at the airport to talking to the taxi driver.," [0:02:52,0:03:08]",Greet fans → Crossed at the pedestrian crossing from airport to parking area → walk trough the airport parking lot → Took a taxi,
,27,selfmedia,319,D,Counting,How many times does the Lebanese flag (the flag itself or its design) appear throughout the video?,"[0:00:05,0:00:07], [0:00:30,0:00:33], [0:04:22,0:04:24], [0:04:49,0:04:52], [0:09:22,0:09:23], [0:09:45,0:09:46], [0:10:46,0:10:48], [0:32:34,0:32:36]",8,
,27,selfmedia,320,D,Enumeration,"Please list all colors of clothing worn by the protagonists that say ""Seek Discomfort"" or ""Love Over Fear"".","[0:00:28,0:00:35], [0:00:41,0:00:42], [0:01:55,0:01:56], [0:03:41,0:03:42], [0:03:39,0:03:40]","Black, White, Blue, Green, Cream/Beige, Red",
,27,selfmedia,321,E,Counting,"In the scene where the protagonists first eAT a local family's home, what is the total number of people around the table?","[0:31:17,0:31:45]",6,
,27,selfmedia,322,E,Enumeration,Please list the dishes served on the table at the first local family meal.,"[0:31:13,0:31:27]","Meat and tomato dish, Hummus, Labneh, Tabbouleh, Fatteh, Assorted raw vegetables, Olives, Pita bread, Chicken and rice dish",
,27,selfmedia,323,F,Counting,How many times do motorcycles or scooters appear driving in night scenes?,"[0:01:11,0:01:12], [0:14:00,0:14:02], [0:22:51,0:23:06], [0:25:33,0:25:41]",4,
,27,selfmedia,324,F,Enumeration,Please list the types of places the protagonists visited before sunset.,"[0:02:58,0:03:07], [0:04:10,0:04:13], [0:06:39,0:06:42], [0:07:45,0:07:48], [0:09:37,0:09:46]","Airport, Currency exchange shop, Fastfood chain, Flower shop, Martyr Square",
,27,selfmedia,317,C,Counting,How many times are news headlines read aloud at the beginning of the video?,"[0:04:22,0:04:25], [0:04:49,0:04:58]",2,
,27,selfmedia,318,C,Enumeration,"Please list the social issues Lebanon is facing, as mentioned in the video.","[0:04:13,0:05:11], [0:05:22,0:05:31]","Political instability, Corruption, Aftermath of civil war, Economic mismanagement, Excessive debt, Financial crisis/currency collapse, Collapse of the banking system, Widespread protests, Aftermath of the Beirut port explosion, Poverty",
https://www.youtube.com/watch?v=uusf1qG_uZ4,28,selfmedia,325,A,Counting,How many times does the pink-haired teacher appear?,"[0:00:04,0:00:12], [0:03:14,0:03:17], [0:25:10,0:25:16], [0:32:33,0:32:37]",0,
,28,selfmedia,326,A,Enumeration,Please list all the types of vehicles that appeared in the video.,"[0:07:08,0:07:15], [0:24:59,0:25:04], [0:27:19,0:27:45], [0:36:50,0:37:10]","Sports car, Ambulance, School bus, Purple car",
,28,selfmedia,327,B,Counting,How many types of training did the children receive in the first escape plan?,"[0:00:52,0:01:13]",3,
,28,selfmedia,331,D,Counting,How many times do characters appear with crying faces?,"[0:00:22,0:00:28], 
[0:00:35,0:00:37], 
[0:04:06,0:04:13], 
[0:10:36,0:10:38], 
[0:17:16,0:17:18],
[0:20:21,0:20:24], 
[0:31:21,0:31:23],
[0:32:07,0:32:11],
[0:37:57,0:38:00], 
[0:43:18,0:43:20], 
[0:52:02,0:52:04]
",11,
,28,selfmedia,332,D,Enumeration,Please list all animal-themed clothes worn by the characters.,"[0:00:55,0:00:56], [0:03:14,0:03:17], [0:04:47,0:04:49], [0:09:32,0:09:36], [0:21:37,0:21:52]","Dog-pattern pajamas, Cat hoodie, Rabbit hoodie, Blue dog kigurumi, Unicorn-pattern pajamas,",
,28,selfmedia,333,E,Counting,What was the maximum number of babies training simultaneously in the first training scene?,"[0:00:47,0:01:08]",4,
,28,selfmedia,334,E,Enumeration,Please list all the words displayed on the glowing panel in the spaceship's control room.,"[0:55:40,0:56:42]","Oxygen, Fuel, Damage, Countdown, Ignition, Ship Lights, Pad Lights, Cut Engines, Hull Breach",
,28,selfmedia,335,F,Counting,How many times did the lifeguard instructor caution about rule violations in the pool scene?,"[0:16:06,0:16:36]",1,daycare
,28,selfmedia,336,F,Enumeration,Please list in order the places the children arrived at after escaping from the first nursery school.,"[0:02:22,0:02:30]",Blue and green hallway → Slide → Outdoor playground,
,28,selfmedia,329,C,Counting,"How many times did the teacher address the children with ""everyone"" or similar words?","[0:00:47,0:00:49],
[0:03:15,0:03:17],
[0:03:26,0:03:28],
[0:08:56,0:08:58],
[0:11:57,0:12:02],
[0:16:46,0:16:48],
[0:24:21,0:24:22],
[0:27:12,0:27:29], 
[0:27:43,0:27:45], 
[0:29:34,0:29:36],
[0:29:56,0:29:58], 
[0:32:13,0:32:14]
",12,
,28,selfmedia,330,C,Enumeration,Please list all the animals that appeared in the story the teacher read aloud.,"[0:03:30,0:03:35], [0:25:39,0:25:47],  
[0:32:58,0:33:04], 
[0:41:41,0:41:44], [0:45:51,0:45:54]
","Lion, Zebra, 
Chicken, 
Shrimp, Shark, 
Frog, 
Cow",
https://www.youtube.com/watch?v=Ydquix8R08c,29,selfmedia,337,A,Counting,How many times was the dish served in a takeout bowl?,"[0:16:16,0:16:21], [0:18:05,0:18:09], [0:24:27,0:24:34], [0:28:37,0:28:47],",5,
,29,selfmedia,338,A,Enumeration,Please list all the main electrical appliances used for cooking.,"[0:02:57,0:03:07], [0:07:09,0:07:40], [0:10:05,0:10:16], [0:15:12,0:15:41] ","commercial combi oven, commercial-grade electric stove with integrated ovens, blender, flat-top griddle",
,29,selfmedia,339,B,Counting,"When making salsa sauce, how many ingredients were added before blending?","[0:09:06,0:10:07]",7,"oil, tomatoes, apple cider, honey, canned tomatoes, salt, red chili peppers"
,29,selfmedia,340,B,Enumeration,Please list the cooking steps for spicy potatoes.,"[0:01:55,0:02:42], [0:02:53,0:03:06], [0:05:06,0:05:15], [0:05:15,0:05:23]",Peel potatoes → Cut potatoes → Steam in a commercial combi oven → Add spices and mix → Mash with a masher,
,29,selfmedia,343,D,Counting,How many times did the chef put on new blue gloves?,"[0:00:30,0:00:31], [0:10:36,0:10:37], [0:11:14,0:11:15], [0:13:25,0:13:26]",4,
,29,selfmedia,344,D,Enumeration,"Please list the types of knives that appeared in the video, based on their visual characteristics.","[0:01:55,0:01:56], [0:02:23,0:02:24]","paring knife, chef’s knife",
,29,selfmedia,345,E,Counting,How many types of vegetables were in the black basket that the chef took out of the refrigerator?,"[0:01:27,0:01:34]",1,bell pepper (capsicum)
,29,selfmedia,346,E,Enumeration,Please list the contents of the side dish bowls arranged on the plating counter.,"[0:01:11,0:01:15]","Mixed vegetable salad, Salsa Sauce, Grated cheese",
,29,selfmedia,347,F,Counting,"After the chicken was cooked and placed in the drawer, how many times did the chef cook on the griddle with spatulas in both hands?","[0:14:52,0:15:42], [0:16:55,0:17:38], [0:18:38,0:19:26], [0:20:55,0:21:23], [0:22:55,0:23:38], [0:25:08,0:25:38], [0:26:15,0:26:24], [0:27:24,0:28:08], [0:29:20,0:29:58]",9,
,29,selfmedia,348,F,Enumeration,"When plating on a white dish, please list the toppings added to the tacos in order.","[0:00:41,0:02:00]",Mixed vegetables → Fajita Chicken → Salsa Sauce → Grated Cheese,
,29,selfmedia,341,C,Counting,How many times was the chef spoken to by others?,"[0:07:27,0:08:01], [0:08:13,0:08:55], [0:12:17,0:12:24]",3,
,29,selfmedia,342,C,Enumeration,Please list all the spices mentioned by the narrator that were used to season the potatoes.,"[0:00:39,0:00:46]","Cumin, Coriander, Paprika, Salt, Pepper, Harissa Spice Mix",
https://www.youtube.com/watch?v=X2MTX-pyARY,30,selfmedia,349,A,Counting,"How many times did characters transform significantly from their original forms, such as into babies or monsters?","[0:02:12,02:29], [0:05:04,05:07]",2,
,30,selfmedia,350,A,Enumeration,Please list all types of vehicles that appeared in the video.,"[0:01:13,01:31], [0:05:29,05:40], [0:14:15,14:21], [0:19:58,20:02], [0:23:32,23:42], [0:25:10,25:18],","Car, Bus, Limousine, Van, Truck, Snowmobile",
,30,selfmedia,351,B,Counting,How many children stated their desired age before entering the rejuvenation machine to become adults?,"[0:01:39,02:15]",6,
,30,selfmedia,352,B,Enumeration,"Please list the events in order, from the children trying to become adults to them turning into babies instead.","[0:01:37,02:30]",The inventor's child prepares the rejuvenation machine → The children state their desired ages → The children enter the machine → The machine activates → The children turn into babies,
,30,selfmedia,355,D,Counting,How many times did the blue hippo toy appear throughout the video?,"[0:00:00,0:00:18], [0:00:28,0:01:11], [0:01:38,0:01:41], [0:01:48,0:02:02], [0:02:13,0:02:21], [0:02:27,0:02:37], [0:02:47,0:02:58], [0:03:06,0:03:11], [0:03:35,0:03:47], [0:04:04,0:04:23], [0:05:07,0:05:12], [0:05:22,0:05:23], [0:06:14,0:06:21], [0:06:38,0:06:40], [0:06:50,0:06:55], [0:07:01,0:07:15], [0:07:42,0:07:56], [0:12:18,0:13:00], [0:14:1,0:15:42], [0:21:05,0:22:19], [0:26:21,0:26:48], [0:28:28,0:28:47]",22,
,30,selfmedia,357,E,Counting,"In the scene where they are protesting in front of the government office, what was the maximum number of characters holding placards?","[0:18:33,0:18:53]",8,
,30,selfmedia,358,E,Enumeration,Please list all the flavors displayed inside the ice cream truck.,"[0:23:49,0:24:35","Chocolate, Vanilla, Birthday Cake, Mint Chip, Bubble Gum",
,30,selfmedia,359,F,Counting,How many times did the weather change while the children were protesting in front of the government office?,"[0:18:33,0:20:56]",4,"Clear, Thunderstorm, Rainy, Cloudy"
,30,selfmedia,360,F,Enumeration,Please list all the secrets revealed while Janice's (the muscular girl's) diary was being read.,"[0:06:06,0:7:58], [0:08:36,0:10:18]","Eats spaghetti with chocolate, Doesn't brush teeth in the morning or at night, Doesn't wash hands after using the toilet, Sucks thumb when sleeping, Is a crybaby who cries when seeing a cat, Likes Boss Boy",
,30,selfmedia,353,C,Counting,How many times were characters heard crying or screaming?,"[0:00:00,0:00:03], [0:02:29,0:02:33], [0:03:35,0:03:46], [0:08:18,0:08:20], [0:13:01,0:13:08], [0:16:22,0:16:28], [0:19:38,0:19:45], [0:21:01,0:21:02], [0:24:23,0:24:25], [0:27:15,0:27:53], [0:27:59,0:28:02], [0:30:53,0:30:58], [0:31:04,0:31:16]",14,
,30,selfmedia,354,C,Enumeration,"Please list the things only adults can do, which the children cited as reasons for wanting to be adults.","[0:00:27,0:00:42]","Watch The Simpsons, Drive",
https://www.youtube.com/watch?v=s9AwOOjsImo,31,selfmedia,361,A,Counting,How many errands did the woman run in this video?,"[0:00:46,0:00:47], [0:01:41,0:01:42], [0:06:38,0:06:39], [0:07:15,0:07:16], [0:07:21,0:07:22], [0:14:06,0:14:07], [0:18:17,0:18:18], [0:18:49,0:18:50], [0:20:27,0:20:28], [0:29:34,0:29:35], [0:33:32,0:33:33]",11,
,31,selfmedia,362,A,Enumeration,Please list all types of errands the woman ran in this video.,"[0:00:46,0:00:47], [0:01:41,0:01:42], [0:06:38,0:06:39], [0:07:15,0:07:16], [0:07:21,0:07:22], [0:14:06,0:14:07], [0:18:17,0:18:18], [0:18:49,0:18:50], [0:20:27,0:20:28], [0:29:34,0:29:35], [0:33:32,0:33:33]","Buying matcha, restocking delivery carts, restocking the refrigerator, laundry, folding clothes, Pilates, shopping at Alo, donating clothes, returning a slow cooker, showering, preparing steak dinner",
,31,selfmedia,363,B,Counting,How many types of food did she take out before taking out the eggs from the grocery bag?,"[0:01:58,0:04:41]",9,"Milk, ground beef, watermelon, chicken meatballs (2 types), beef New York strip steak, breakfast bites (chicken sausage), cottage cheese, Parmesan cheese, avocado"
,31,selfmedia,364,B,Enumeration,Please list the steps to prepare a steak dinner.,"[0:32:34,0:33:11]","Heat the pan → Cook the steak → Cook eggs in steak drippings → Slice the steak → Plate the steak, eggs, and potatoes",
,31,selfmedia,368,D,Enumeration,Please list the types of drinks that appeared in the video.,"[0:00:45,0:00:49], [0:01:23,0:01:33], [0:01:58,0:02:01], [0:05:16,0:05:42], [0:12:18,0:12:22]","Matcha, water, Prime Energy Drink, Prime Hydration Packet, milk, Olipop Soda, Boba Milk Tea, almond milk, Gorgie Enery Drink, Califia Farms Cold Brew Coffee, champagne, beer, Alani Energy Drink",
,31,selfmedia,370,E,Enumeration,Please list all the food items arranged on the kitchen counter after grocery shopping.,"[0:05:07,0:05:09]","Milk, ground beef, watermelon, chicken meatballs (2 types), beef New York strip steak, breakfast bites (chicken sausage), cottage cheese, Parmesan cheese, avocado, eggs",
,31,selfmedia,371,F,Counting,"After returning home from shopping, how many types of purchased food items did she put in the refrigerator?","[0:05:45,0:06:12]",10,"Milk, ground beef, watermelon, chicken meatballs (2 types), beef New York strip steak, breakfast bites (chicken sausage), cottage cheese, Parmesan cheese, avocado, eggs"
,31,selfmedia,372,F,Enumeration,Please list all the chores and routines she mentioned or performed within the first minute of the video.,"[0:00:28,0:00:30], [0:00:35,0:00:36], [0:00:48,0:00:54]","Laundry, grocery shopping, buying matcha, vlogging",
,31,selfmedia,365,C,Counting,How many times did the sound effect for a completed To-Do list item play?,"[0:00:47,0:00:47], [0:01:41,0:01:42], [0:06:38,0:06:39], [0:07:15,0:07:16], [0:07:21,0:07:22], [0:14:06,0:14:07], [0:16:18,0:16:19], [0:18:17,0:18:18], [0:18:49,0:18:50], [0:20:27,0:20:28], [0:29:31,0:29:35], [0:33:32,0:33:33]",13,
,31,selfmedia,366,C,Enumeration,Please list the food items she named while taking groceries out of the bag.,"[0:01:58,0:04:43]","Milk, ground beef, watermelon, chicken meatballs, beef New York strip steak, breakfast bites, cottage cheese, Parmesan cheese, avocado, eggs",
,32,sport,374,A,Enumeration,List all Liverpool players who committed a foul in this match.,"[0:13:11,0:13:20], [0:23:50,0:24:00]
[1:35:19,1:35:21]","Trent Alexander-Arnold, Virgil van Dijk, Bobby Clark",
,32,sport,375,B,Counting,"In the free-kick situation that led to Liverpool's first goal, how many Liverpool players touched the ball after the kick?","[1:24:04,1:24:10]",0,
,32,sport,379,D,Counting,How many times was Liverpool manager Jürgen Klopp shown giving instructions or reacting?,"[0:23:00,0:23:05], [0:40:20,0:40:27],  [0:46:03,0:46:06]",3,
,32,sport,380,D,Enumeration,List all jersey numbers of Arsenal players who took a shot.,"[0:08:05,0:08:10], [0:10:55,0:11:00], [0:27:23,0:27:29], [0:37:52,0:37:58],","24,29,7,41,",
,32,sport,381,E,Counting,"At 7 minutes 19 seconds, during Arsenal's corner kick, what was the total number of field players from both teams inside the penalty area?","[0:07:22,0:07:30]",5,
,32,sport,382,E,Enumeration,"At 10 minutes 35 seconds, in the scene where Ødegaard hit the crossbar with a shot, list all jersey numbers of Liverpool players who were inside the penalty area.","[0:10:35,0:10:40]","2,5,17",
,32,sport,383,F,Counting,"In the second half, how many times did an Arsenal player attempt a shot from inside the penalty area?","[0:53:22,0:53:27]",1,
,32,sport,377,C,Counting,"How many times did the commentator say ""crossbar"" or ""bar""?","[0:45:40,0:45:51]  [0:49:07,0:49:09]",3,
,32,sport,378,C,Enumeration,List the names of players not participating in this match who were mentioned in the live commentary.,,"Mohamed Salah, Mohamed Elneny, Wataru Endō, Takehiro Tomiyasu, Oleksandr Zinchenko, Kieran Tierney, Thomas Partey, Fabio Vieira, Jurriën Timber",
https://www.youtube.com/watch?v=T1yhBv1ytzw,33,sport,385,A,Counting,What is the total number of yellow cards shown in the entire match?,"[1:04:16,1:04:17], [1:04:52,1:04:54], [1:28:17,1:28:18], [1:32:57,1:32:58]",4,
,33,sport,386,A,Enumeration,"List the jersey numbers of all players who scored goals in this match, in the order they scored.","[0:30:04,0:30:07], [0:39:05,0:39:10], [1:34:13,1:34:21]","19, 2, 22",
,33,sport,387,B,Counting,"Before Brighton's winning goal was scored, how many passes (including headers) were connected inside the penalty area?","[1:34:05,1:34:15]",3,
,33,sport,388,B,Enumeration,List the ball movements inside the penalty area leading up to Brighton's Mitoma's winning goal.,"[1:34:05,1:34:15]",Estupiñán heads the ball back to the center → Mitoma traps the ball and lifts it to evade the defender → Mitoma volleys the ball to score the winning goal,
,33,sport,391,D,Counting,How many times was Brighton's manager (the man in the black jacket) shown in a close-up giving instructions in the technical area?,"[0:08:40,0:08:42], [0:01:48,0:01:50], [0:13:08,0:13:10]",3,
,33,sport,392,D,Enumeration,List all Liverpool players (in red uniforms) with single-digit jersey numbers who appeared during the match.,"[0:02:14,0:02:17],  [1:12:49,1:12:51], [0:18:17,0:18:19], [1:28:29,1:28:38]","2,5,6,7,8",
,33,sport,393,E,Counting,"During Brighton's free kick after the 49th minute of the second half, how many players were in Liverpool's wall?","[0:52:39,0:52:47]",5,Male
,33,sport,394,E,Enumeration,"During Liverpool's first corner kick of the first half, list all jersey numbers of Brighton players (excluding the goalkeeper) who were inside the penalty area.","[0:06:58,0:07:10]","22, 30 7, 2, 13, 28, 4, 5, 10, 18",
,33,sport,395,F,Counting,"In the first half, how many shots (including free kicks) did Brighton take from the time Liverpool scored until the halftime whistle blew?","[0:33:25,0:33:28], 
[0:33:54,0:33:55], 
[0:38:50,0:38:51],
[0:39:05,0:39:08]",4,
,33,sport,396,F,Enumeration,List all combinations of jersey numbers for players substituted out and players substituted in by Liverpool in the second half.,"[1:01:32,1:01:35], [1:21:25,1:21:28], [1:26:34,1:26:42], 
","66 → 7, 8 →14 19 → 27, 6 → 17, 43 → 3,",
,33,sport,389,C,Counting,"How many times did the commentator say the word ""wonderful""?","[0:06:15,0:06:16], [1:40:07,1:40:10]",2,
,33,sport,390,C,Enumeration,List the tactical elements that the commentator mentioned as challenges for Liverpool.,"[0:00:58,0:01:41]","Lack of energy and intensity, Low second ball recovery rate, Disadvantage in possession",
https://www.youtube.com/watch?v=Xjf5N9S3jAA,34,sport,397,A,Counting,How many service aces did Novak Djokovic make?,"[0:11:11,0:11:13]], [0:47:03,0:47:05]",3,
,34,sport,398,A,Enumeration,Please list the types of winning shots when Tsitsipas scored.,"[0:14:12,0:14:13], [0:16:25,0:16:30], [0:29:38,0:29:42], [0:45:05,0:45:07]","Forehand winner, Volley, Counter to drop shot, Swing volley",
,34,sport,399,B,Counting,How many shots did the rally starting from 15:31 last?,"[0:15:31,0:15:45]",10,
,34,sport,400,B,Enumeration,Please list in order the point-winning patterns of the final game where Djokovic won the set.,"[0:46:42,0:46:56], [0:47:03,0:47:05]",Wide serve to the deuce court → Tsitsipas backhand return error →Service ace,
,34,sport,403,D,Counting,Please tell me the number of times the folk dance troupes from Greece and Serbia respectively appeared on the court during the parade of athletes.,"[0:00:06, 0:00:13], [0:02:22, 0:02:58]",1,
,34,sport,404,D,Enumeration,Please list all the host city names depicted on Djokovic's bag.,"[0:12:35,0:12:42]","Paris, London, New York",
,34,sport,405,E,Counting,What was the maximum number of ball persons on the court during player entry?,"[0:00:17,0:00:21]",3,
,34,sport,406,E,Enumeration,"Please list all the colors of the tops of the people sitting in Novak Djokovic's team box, seen at 28:36.","[0:28:36,0:28:40]","White, Navy, Red",
,34,sport,408,F,Enumeration,List the time (minutes:seconds) of points where the player played near the net during the first half of the match (Games 1-4).,"[0:14:09,0:14:13],  [0:25:11,0:25:15]","14:09, 25:11",
,34,sport,401,C,Counting,"How many times did the referee call ""let"" during the match?","[0:05:45,0:05:46]",1,
https://www.youtube.com/watch?v=tKIFQI9cH2c,35,sport,409,A,Counting,How many service aces did Serena Williams score?,"[0:05:13,0:05:21],
[0:15:41,0:15:48],
[0:18:37,0:18:58],
[0:25:11,0:25:24],
[0:31:23,0:31:33],
[0:36:45,0:37:00],
[0:37:10,0:37:18],
[0:40:25,0:40:38],
[0:47:41,0:47:51],
[0:48:15,0:48:51],
[1:01:59,1:02:07],
[1:02:21,1:02:25],
[1:07:24,1:07:30],
[1:10:48,1:10:59]",14,
,35,sport,410,A,Enumeration,Please list the types of shots Venus Williams scored.,"[0:01:27,0:01:30], [0:10:41,0:10:44], [0:13:23,0:13:25], [0:23:01,0:23:03]","Service ace, Forehand winner, Backhand winner, Forehand volley",
,35,sport,411,B,Counting,How many shots did the rally starting from 57:50 last?,"[0:57:50,0:58:16]",17,
,35,sport,412,B,Enumeration,"Please list the point progression of the game where Serena Williams first broke in the match, by scorer.","[0:00:41,0:00:55], 
[0:01:56,0:02:23], 
[0:03:19,0:03:25], 
[0:03:35,0:03:47]",Serena->Serena->Serena->Serena>Serena,
,35,sport,415,D,Counting,How many times did the player request a challenge (official review)?,"[0:24:08,0:24:25], ",1,
,35,sport,416,D,Enumeration,"Please list all brand logos found on Serena Williams' gear (apparel, racket).","[0:00:19,0:00:22], [0:40:33,0:40:35]","Nike, Wilson",
,35,sport,417,E,Counting,What is the maximum number of ball kids that can appear simultaneously within a single frame?,"[0:00:23,0:00:29]",4,
,35,sport,418,E,Enumeration,"At the 11:52 changeover, please list the items visible in Serena Williams' bench area.","[0:11:52,0:12:02]","Racket bag, Towel, Drink bottle, Tube container, Cup, White bag",
,35,sport,419,F,Counting,How many times did Serena Williams break Venus Williams's service game in the first set?,"[0:02:15,0:02:27], [0:28:33,0:28:43]",2,
,35,sport,420,F,Enumeration,"Please list the results of the break points Venus Williams obtained in the second set, categorized by the reasons for losing the point.","[0:49:50,0:49:58]",Return hit the net,
,35,sport,413,C,Counting,"How many times did the umpire call ""Game""?","[0:02:23,0:02:24], [0:07:23,0:07:26], [0:14:20,0:14:23],
[0:20:02,0:20:05], [0:23:05,0:23:06], [0:26:14,0:26:16], 
[0:28:38,0:23:41], [0:32:28,0:32:30], [0:35:10,0:35:12], 
[0:37:15,0:37:18],
[0:39:42,0:39:43], 
[0:42:42,0:42:44],
[0:46:58,0:47:00], 
[0:49:58,0:50:02], 
[0:52:14,0:52:16],
[0:55:28,0:55:29], 
[1:01:02,1:01:04], 
[1:02:58,1:03:00],
[1:06:18,1:06:20],
[1:12:01,1:12:03]",20,
,35,sport,414,C,Enumeration,Please list all sponsor names mentioned in advertisements and live commentary at the game venue.,"[0:00:23,0:00:28], [0:03:55,0:04:00], [0:33:33,0:33:47], [0:03:46,0:03:51]","KIA, Jacob's Creek, Rolex, ANZ, Fly Emirates,  IBM, Optus",
,36,sport,422,A,Enumeration,List all the winning patterns by which Ma Long scored points in this match.,"[0:07:35,0:07:37], [0:08:02,0:08:04]","Forehand topspin, Backhand counter",
,36,sport,424,B,Enumeration,List the sequence of play for the last point that Fan Zhendong won in the 5th game.,"[0:58:03, 0:58:10]",Fan Zhendong's short serve → Ma Long's forehand push → Fan Zhendong's backhand flick → Ma Long's backhand shot goes out,
,36,sport,427,D,Counting,How many times did Fan Zhendong (in the blue uniform) wipe sweat with a towel during the match?,"[0:14:24,0:14:31], [0:26:43,0:26:45], [0:36:06,0:36:22], [0:35:59,0:37:16], [0:38:12,0:38:15], [0:39:01,0:39:04], [0:40:05,0:40:08]",7,
,36,sport,428,D,Enumeration,List all the colors of the dragon depicted on Ma Long's black uniform.,"[0:16:32,0:16:35]","Gold, purple, pink",
,36,sport,431,F,Counting,"After the 4th game, how many points had more than 10 rallies?","[0:29:27,0:29:35], [0:37:42,0:37:51]",2,
,36,sport,432,F,Enumeration,"List all the games in which a player took a timeout during the match, and the score of the player who took the timeout at that moment.","[0:35:47,0:36:02], [1:03:38,1:36:41]","3rd game, Ma Long, 9 points, 6th game, Fan Zhendong, 2 points",
,36,sport,426,C,Enumeration,List all of Ma Long's nicknames mentioned in the English commentary.,"[0:01:11,0:01:13]","The Captain, The Dragon, The Dictator",
https://www.youtube.com/watch?v=KLIa2UaE2KE,37,sport,433,A,Counting,How many service aces did the Brazil team have?,"[0:18:05,0:18:09], [0:21:22,0:21:28], [0:30:01,0:30:04], [0:46:08,0:46:11], [1:07:23,1:07:28]",5,
,37,sport,434,A,Enumeration,Please list all Italian players who scored block points in this match by their jersey numbers.,"[0:23:36,0:23:38], [0:52:17,0:52:21]",15,
,37,sport,435,B,Counting,"In the first set, how many consecutive points did Brazil score from a 12-12 tie?","[0:15:11,0:20:05]",4,12-16
,37,sport,436,B,Enumeration,"In the rally where Italy tied 16-16 in the second set, please show the sequence of ball touches by the Italian team using player jersey numbers.","[0:51:13,0:51:15]",16 → 6 → 5,
,37,sport,439,D,Counting,How many Italian players with arm tattoos were on the court during the match?,"[0:00:50,0:00:52], [0:09:27,0:09:29], [0:28:18,0:28:20]",3,"Zaytsev. Juantorena, Lanza"
,37,sport,440,D,Enumeration,Please list all jersey numbers of Brazil team players who wore arm sleeves during the match.,"[0:01:17,0:01:18]",12,Lipe
,37,sport,441,E,Counting,"In the first rally of the first set, what was the maximum total number of players near the net?","[0:03:01,0:03:02]",6,
,37,sport,442,E,Enumeration,Please list all jersey numbers of players on the Italian side of the court at the start of the second set.,"[0:31:50,0:31:53]","5, 6, 9, 10, 13, 15",
,37,sport,443,F,Counting,"In the first set, after Italy scored 10 points or more, how many times did the Brazil team score with a block?","[0:11:15,0:11:17], [0:14:48,0:14:50], [0:15:31,0:15:33], [0:17:53,0:17:55], [0:27:32,0:27:35]",4,
,37,sport,437,C,Counting,How many times did the referee's whistle blow before the first 5 points of the first set were decided?,"[0:02:48,0:03:02], [0:03:15,0:03:31], [0:03:55,0:04:08], [0:04:19,0:04:35], [0:04:50,0:05:08]",10,
,37,sport,438,C,Enumeration,Please list all the surnames of Italian players mentioned by the commentator during the starting lineup introduction.,"[0:00:13,0:00:40]","Juantorena, Giannelli, Zaytsev, Lanza, Buti, Birarelli, Colaci",
https://www.youtube.com/watch?v=CgvJqGxzRfE,38,tv,445,A,Counting,How many 4-chair turns (all judges turn around) were there?,"[0:00:15,0:00:19],
[0:02:09,0:02:49],
[0:04:05,0:05:21],
[0:05:48,0:06:25],
[0:07:52,0:08:45],
[0:10:47,0:11:19],
[0:12:04,0:12:31],
[0:13:53,0:14:36],
[0:16:05,0:17:21],
[0:17:58,0:18:47],
[0:19:48,0:20:27],
[0:22:26,0:22:32],
[0:24:43,0:24:50],
[0:27:46,0:28:15],
[0:30:46,0:31:33],
[0:34:34,0:35:15],
[0:36:15,0:36:57],
[0:38:23,0:38:55],
[0:39:47,0:41:03],
[0:42:52,0:43:26],
[0:43:34,0:44:21],
[0:45:14,0:45:47],
[0:47:00,0:48:16],
[0:50:37,0:50:42],
[0:54:26,0:55:13],
[0:56:26,0:57:05],
[0:57:25,0:59:05],
[1:01:27,1:01:48],
[1:02:53,1:02:58],
[1:02:53,1:02:58],
[1:06:13,1:06:38],
[1:09:40,1:09:55],
[1:10:13,1:11:09],
[1:12:33,1:14:04],
[1:14:25,1:14:35],",35,
,38,tv,446,A,Enumeration,Please list all the instruments played by the participants.,"[0:13:31,0:13:35], [0:19:32,0:19:36], [0:39:39,0:39:43]
[1:10:34,1:10:45]","Guitar, Piano",
,38,tv,448,B,Enumeration,Please list by name the order in which the judges turned around during Huntley's (male at 0:00) performance.,"[0:00:16,0:00:18]",Gwen→John→Niall→Reba,
,38,tv,451,D,Counting,How many participants wearing hats appeared?,"[0:15:53,0:15:56], [0:38:12,0:38:14], [0:39:45,0:39:47]",3,
,38,tv,452,D,Enumeration,Please list all the colors of the judges' chairs that appeared on the screen.,"[0:00:05,0:00:09], [0:09:39,0:09:43]","Red, White, Gray, Black",
,38,tv,453,E,Counting,How many contestants played the guitar on the stage?,"[0:13:30,0:13:34], [0:19:31,0:19:35], [0:39:45,0:39:49]",3,
,38,tv,454,E,Enumeration,Please list the names of four judges displayed on the stage floor.,"[0:00:28,0:00:30]","REBA, NIALL, GWEN, JOHN",
,38,tv,455,F,Counting,"Of the performances that resulted in a 4-chair turn (all judges turning around), how many male contestants were there?","[0:00:00,0:00:03], [0:01:37,0:01:40], [0:07:27,0:07:30], [0:15:52,0:15:55]
[0:17:58,0:18:47],
[0:19:48,0:20:27],
[0:22:26,0:22:32],
[0:34:34,0:35:15],
[0:38:23,0:38:55],
[0:39:47,0:41:03],
[0:42:52,0:43:26],
[0:43:34,0:44:21],
[0:45:14,0:45:47],
[0:47:00,0:48:16],
[0:50:37,0:50:42]
[0:54:26,0:55:13],
[0:57:25,0:59:05],
[1:10:13,1:11:09],
[1:12:33,1:14:04],",19,
,38,tv,449,C,Counting,How many songs were sung in English in the video?,"[0:00:04,0:00:11], [0:01:37,0:01:41], [0:05:27,0:05:31]
[0:07:52,0:08:45],
[0:10:47,0:11:19],
[0:12:04,0:12:31],
[0:16:05,0:17:21],
[0:17:58,0:18:47],
[0:21:30,0:23:21],
[0:23:28,0:24:53],
[0:27:22,0:29:00],
[0:39:59,0:41:19],
[0:45:00,0:46:37],
[0:46:58,0:48:10],
[0:48:21,0:50:00],
[0:48:21,0:50:00],
[0:52:25,0:55:00],
[0:55:33,0:57:00],
[0:57:33,0:59:10],
[1:02:33,1:03:33],
[1:04:05,1:05:33],
[1:06:05,1:08:10],
[1:10:11,1:12:10],
[1:14:25,1:15:30],",24,
,38,tv,450,C,Enumeration,Please list five exclamations uttered by the judges during the performance.,"[0:00:07,0:00:08], [0:00:25,0:00:26], [0:01:29,0:01:30], [0:02:05,0:02:06]","Whoa, Wow, Wooo, Ooh",
https://www.youtube.com/watch?v=EwskdNETNx8,39,tv,457,A,Counting,How many performances were there where all the judges simultaneously stood up and applauded?,"[0:05:50,0:05:55], [0:07:36,0:07:40], [0:09:21,0:09:26], [0:20:52,0:20:57], [0:22:56,0:23:01], [0:30:10,0:30:15], [0:46:42,0:46:47],",7,
,39,tv,458,A,Enumeration,Please list all types of hats worn by the judges.,"[0:03:50,0:03:55], [0:09:35,0:09:40], [0:15:52,0:15:57], [0:49:42,0:49:47]","Cap, Fedora Hat,",
,39,tv,459,B,Counting,"In the first four chair-turn performances, how many seconds passed from when the last judge pressed the button until the song ended?","[0:00:36,0:01:29]",53,
,39,tv,460,B,Enumeration,"In the first four chair turns, please list the order in which the judges pressed the button, based on their clothing characteristics.","[0:00:08,0:00:13], [0:00:24,0:00:29], [0:00:36,0:00:41]",Woman in rainbow-colored clothes → Man in red shirt → Man in blue denim jacket  → Woman in gold dress,
,39,tv,463,D,Counting,How many contestants or judges have visible tattoos?,"[0:00:29,0:00:34], [0:02:15,0:02:20], [0:04:14,0:04:19], [0:07:47,0:07:52], [0:12:02,0:12:07], [0:21:13,0:21:18], [0:23:14,0:23:19], [0:30:19,0:30:20]",9,
,39,tv,464,D,Enumeration,Please list all footwear worn by the contestants.,"[0:00:12,0:00:17], [0:04:38,0:04:41], [0:17:13,0:17:18]","Sandals, Boots, Shoes,",
,39,tv,465,E,Counting,"During Richard Mantarliev's performance, what was the maximum number of musicians on stage?","[0:07:52,0:07:57]",5,
,39,tv,466,E,Enumeration,Please list all types of drinks seen on the judges' desks.,"[0:00:08,0:00:13], [0:03:50,0:03:55], [0:43:23,0:43:28]",Water,
,39,tv,467,F,Counting,"Among the performances where all four judges turned around, how many times did the contestant cry?","[0:00:08,0:00:13], [0:03:50,0:03:55], [0:43:23,0:43:28]",23,
,39,tv,468,F,Enumeration,"Among the performances where all four judges turned around, please list those where the contestant played an instrument, along with the instrument.","[0:07:44,0:07:49], [0:11:20,0:11:25], [0:30:17,0:30:22], [0:32:26,0:32:31], [0:37:41,0:37:46]","Richard Mantarliev(Electric Guitar), Tiago Barbosa(Acoustic Guitar), Nick Cunningham(Acoustic Guitar), Nadezhda Aleksandrova(Grand Piano), Benjamin Haycock(Acoustic Guitar)",
,39,tv,461,C,Counting,How many performances were there where a judge pressed the button within the first 2 minutes and 30 seconds?,"[0:00:08,0:00:13], [0:02:08,0:02:13]",2,
,39,tv,462,C,Enumeration,Please list all song titles by female artists covered in this video.,"[0:06:07,0:06:12], [0:17:33,0:17:38], [0:21:23,0:21:28], [0:23:01,0:23:06], [0:26:58,0:27:03], [0:41:33,0:41:38], [0:43:05,0:43:10], [0:46:53,0:46:58], [0:52:52,0:52:57]","Turning Tables, Chandelier, Frozen, It's All Coming Back to Me Now, Dancing on My Own, Chain of Fools, POV, Hurt, Strong",
https://www.youtube.com/watch?v=vZV2WCKMsKs,40,tv,469,A,Counting,How many acts featured dogs jumping over obstacles?,"[0:12:19,0:12:25], [0:21:19,0:22:39], [0:24:20,0:24:35], [0:52:59,0:53:15]",4,
,40,tv,470,A,Enumeration,Please list all types of props used in the dog performances.,"[0:00:50,0:02:05], [0:05:14,0:05:36], [0:11:41,0:11:52], [0:15:07,0:15:11], [0:22:53,0:25:20], [0:54:45,0:55:51], [0:48:50,0:49:32], [0:53:02,0:53:25]","Piano, Scooter, Baton, Top hat, Cup, Table, Small hurdle, Guitar, Microphone, Pedestal, Large lollipop, Large tube, Bone sign with ""THE END"" written on it, Notebook, Pen, Tennis ball, Blue box, Frisbee",
,40,tv,471,B,Counting,"In Police Officer Dave's magic trick, how many steps did judge Simon take before opening the notebook?","[0:57:47,0:58:34]",6,
,40,tv,472,B,Enumeration,Please list the steps of Olga and Bonnie's piano performance.,"[0:00:50,0:02:15]",Appeared on a scooter → Climbed onto the stand next to the piano → Performed to the conductor's baton → Played the piano → Bowed → Final pose,
,40,tv,475,D,Counting,How many dogs appeared wearing ribbons or bow ties?,"[0:00:04,0:00:12], [0:20:19,0:20:24], [0:36:39,0:36:46], [1:08:17,1:08:24]",4,"Bonnie, Trip, Miracle, Mouse"
,40,tv,476,D,Enumeration,"Please list all dog breeds that appeared in the video, as far as they can be identified.","[0:00:11,0:00:12], [0:04:33,0:04:34], [0:11:28,0:11:30], [0:15:07,0:15:08], [0:20:19,0:20:20], [0:22:52,0:22:53], [0:25:40,0:25:41], [0:30:26,0:30:27], [0:36:39,0:36:40], [0:42:55,0:42:56],  [0:47:43,0:47:44], [0:54:24,0:54:25], ","Cocker Spaniel, Border Collie, Dachshund, Vizsla, Maltese mix, Landseer, Jack Russell Terrier, Pug, Bichon Frise, Leonberger, German Shepherd, Pitbull mix, Maltese",
,40,tv,477,E,Counting,"In Alexa Lauenburger's performance, what was the maximum number of dogs on stage at the same time?","[0:25:09,0:25:11]",8,
,40,tv,478,E,Enumeration,"In Dave and Finn's magic trick, please list all the words describing Finn that appeared on the screen.","[0:58:10,0:58:23]","Brave, Amazing, Fast",
,40,tv,479,F,Counting,How many performances received a standing ovation from all four judges?,"[0:07:42,0:07:45], [0:25:21,0:25:24]",2,"Amber & Nymeria, Alexa Lauenburger"
,40,tv,480,F,Enumeration,Please list all performers whom judge Simon Cowell initially reacted negatively to but ultimately gave a pass.,"[0:00:26,0:00:32], [0:03:55,0:03:56], [0:18:30,0:18:36], [0:19:44,0:19:45],","Olga & Bonnie, Aaron & Buddy",
,40,tv,473,C,Counting,How many times did the buzzer sound indicating failure?,"[0:00:15,0:00:18]",4,
,40,tv,474,C,Enumeration,Please list the positive adjectives the judges used to praise the dogs.,"[0:03:09,0:03:42], [0:20:23,0:20:27], [0:28:28,0:28:55], [0:45:40,0:46:35], [0:52:17,0:52:18]","Unbelievable, Amazing, Fabulous, Gorgeous, Incredible, Talented, Fantastic, Best, Adorable, Cute, Brilliant, Special,",
https://www.youtube.com/watch?v=sk00epALZps,41,tv,481,A,Counting,How many times in the entire video does Kobe Bryant lift the NBA Championship Trophy?,"[0:14:55,0:15:03],",1,
,41,tv,482,A,Enumeration,List all the different types of awards Kobe Bryant is shown receiving in the video.,"[0:15:44,0:15:45], [0:28:14,0:28:20], [0:29:15,0:29:19]","NBA Championship Trophy, Academy Award (Oscar statue), Olympic Gold Medal",
,41,tv,483,B,Counting,"In the 2018 interview, how many people did Kobe state he spoke to in order to entice LeBron James to the Lakers?","[0:33:15,0:33:17]",1,
,41,tv,484,B,Enumeration,List the sequence of events Kobe described in the 2018 interview leading up to LeBron James coming to the Lakers.,"[0:33:15,0:33:37]","Spoke with Jeanie Buss → She wanted to get LeBron to L.A. → LeBron wouldn’t come if management wasn’t figured out → Needed to make sure things were clean, focused, and not chaotic → Jeanie fixed the management issues, making it possible for LeBron to join.",
,41,tv,487,D,Counting,How many times does Kobe Bryant appear wearing a suit in the conversational interview with Jimmy Kimmel?,"[0:04:43,0:04:49], [0:28:14,0:28:20], [0:28:49,0:28:52], [0:32:02,0:32:07]",4,
,41,tv,488,D,Enumeration,List all the jersey numbers Kobe Bryant wears for the Lakers in the video.,"[0:39:12,0:39:17], [0:39:51,0:39:54]","8, 24",
,41,tv,489,E,Counting,"In the post-championship interview in 2010, what is the maximum number of people sitting on the couch at the same time?","[0:22:33,0:22:35], [0:22:35,0:22:38]",3,
,41,tv,490,E,Enumeration,List all the types of locations where Kobe Bryant is being interviewed.,"[0:04:43,0:04:49], [0:24:01,0:24:05], [0:14:08,0:14:16]","Talk show studio, Post-game press conference room, Backstage/Locker room",
,41,tv,491,F,Counting,"In the latter half of the video (after 15 minutes), how many times does Kobe Bryant hug or high-five a teammate on the court?","[0:26:20,0:26:22]
[0:26:47,0:26:52], [0:39:47,0:39:50], ",3,
,41,tv,492,F,Enumeration,List all the dates of past interviews or events where the date is displayed on screen.,"[0:04:44,0:04:46], [0:15:01,0:15:03], [0:21:22,0:21:24], [0:22:14,0:22:16], [0:28:54,0:28:56], [0:32:06,0:32:08]","SEPTEMBER 3, 2019, JUNE 19, 2009, MARCH 7, 2013, JUNE 18, 2010, SEPTEMBER 9, 2008, OCTOBER 23, 2018",
,41,tv,485,C,Counting,"How many times do you hear the crowd chanting ""Kobe"" or ""MVP""?","[0:05:05,0:05:08], [0:15:32,0:15:38], [0:28:52,0:28:58], [0:32:10,0:32:16], [0:40:35,0:40:41]",5,
,41,tv,486,C,Enumeration,List all the professions or roles Jimmy Kimmel used to describe Kobe Bryant in the opening monologue.,"[0:00:46,0:00:47], [0:01:13,0:01:15], [0:02:08,0:02:09], [0:02:23,0:02:24], [0:03:13,0:03:14]","Hero, Real-life superhero, Athlete, Basketball player, Father",
https://www.youtube.com/watch?v=AeEYQ62t8hA,42,tv,493,A,Counting,How many late-night talk show hosts appeared in the video in total?,"
[0:12:36,0:12:38], 
[0:12:51,0:12:53], 
[0:13:31,0:13:34], 
[0:14:33,0:14:35], 
[0:14:55,0:14:57], 
[0:17:06,0:17:13]
",6,
,42,tv,494,A,Enumeration,"List all the foods laid out on the table in the ""Spill Your Guts"" segment.","[0:21:43,0:22:14]","Bull penis, Salmon Clam Juice Wasabi Smoothie, BugTrifle",
,42,tv,495,B,Counting,How many times did James Corden attempt to enter the passcode to open the locked stage door?,"[0:01:18,0:01:27],
[0:03:19,0:03:21],
[0:04:37,0:04:39]
",4,
,42,tv,496,B,Enumeration,List the sequence of actions Will Ferrell took until he destroyed James Corden's desk.,"[0:18:05,0:18:38]",Appears with a sledgehammer → Approaches James Corden's desk → Starts hitting the desk → Completely destroys the desk,
,42,tv,499,D,Counting,How many times does James Corden appear wearing polka dot pajamas?,"[0:12:22,0:16:55]",1,
,42,tv,500,D,Enumeration,"In the dream scene, list all the late-night talk show hosts who appeared in James Corden's bedroom in order of appearance.","[0:12:36,0:12:38], [0:12:51,0:12:53], [0:13:31,0:13:34], [0:14:33,0:14:35], [0:14:55,0:14:57]","Seth Meyers, Jimmy Kimmel, Stephen Colbert, Jimmy Fallon, David Letterman",
,42,tv,501,E,Counting,"In the dream scene, what was the maximum number of people simultaneously in James Corden's bedroom?","[0:15:51,0:16:43]",5,
,42,tv,502,E,Enumeration,"List the guests who appeared in the ""Carpool Karaoke"" clips played during the final piano performance.","[0:36:27,0:36:30]",Adele,
,42,tv,503,F,Counting,How many people peered at James Corden through the door window while he was trapped in the stairwell?,"[0:02:54,0:03:17], [0:03:48,0:04:21]",2,
,42,tv,504,F,Enumeration,"In the dream scene of the late-night talk show hosts, list the ""secrets of late-night hosts"" mentioned by hosts other than James Corden.","[0:12:48,0:15:40]","You can't quit talk shows, Late-night hosts are part of a special club, How we dont watch every episode of TV or movie that our guests around to promote.  You fake laugh at boring guests, You grow a huge beard after quitting the show, The quitting host's segments are divided among other hosts, After retirement, you should appear at corporate events, on podcasts, and on ""The Masked Singer""",
,42,tv,497,C,Counting,How many times did the mechanical voice from the intercom speak?,"[0:00:55,0:01:56],
[0:02:38,0:02:47]
",15,
,42,tv,498,C,Enumeration,List the events President Joe Biden mentioned as memories with James Corden.,"[0:10:15,0:10:43], [0:10:59,0:11:10]","Working for him at the White House, a special thanks for never asking me to sing in the car",
https://www.youtube.com/watch?v=NzCO0G8AGLU,43,tv,505,A,Counting,What is the total number of times either team captured or attempted to capture an animal?,"[0:00:10,0:00:19], [0:00:26,0:00:29]",3,"Fish, Boar, Crocodile"
,43,tv,506,A,Enumeration,List all types of flora and fauna that both teams successfully secured as food.,,"Caiman, Oyster, Pig, Fish, Yucca",
,43,tv,507,B,Counting,How many people did it take for the male team to capture the caiman?,"[0:00:23,0:00:34]",4,
,43,tv,511,D,Counting,"Throughout the entire video, how many times does a boat appear on screen?","[0:00:03,0:00:09], [0:14:34,0:14:40], [0:16:04,0:16:10], [0:18:53,0:20:11], [0:24:09,0:24:20], [0:25:04,0:25:11], [0:27:58,0:28:26], [0:31:45,0:31:51], [0:32:11,0:32:41], [0:00:23,0:00:34]",10,
,43,tv,512,D,Enumeration,List all types of hats worn by the participants appearing in the video.,"[0:00:04,0:00:08]","Wide-brim hat, military-style cap, floppy sun hat.",
,43,tv,513,E,Counting,How many plastic bottles were used in the filtration device part of the water purifier made by the male team?,"[0:22:49,0:23:03]",5,
,43,tv,514,E,Enumeration,List the clothes that were hung on the clothesline at the female team's first camp.,"[0:04:45,0:04:46]","Top, Tshirt",
,43,tv,516,F,Enumeration,List all reasons shown or mentioned in the video for participants leaving the island.,"[0:11:18,0:18:27] , [0:32:41,0:32:57]","medical evacuation due to tendon rupture, Conflict with other members",
,43,tv,509,C,Counting,"How many times does Bear Grylls speak directly, other than in narration?",,4,
,43,tv,510,C,Enumeration,List the names given to the piglets encountered by the female team.,"[0:16:11,0:16:14]","Sage, Onion",
https://www.youtube.com/watch?v=Vk_Af0htZGU,44,tv,517,A,Counting,"How many times do guests start dancing on stage after the DNA test results are announced as ""he is the father""?","[0:08:08,0:08:13]
[0:37:53,0:38:02]",2,Female
,44,tv,518,A,Enumeration,List the typical emotional expressions of guests when DNA test results are announced.,"[0:07:55,0:08:00], [0:16:03,0:16:08], [0:22:50,0:23:06], [0:29:30,0:29:38], [0:37:53,0:38:02]","Dancing, screaming, crying, running away, hugging, being stunned",
,44,tv,520,B,Enumeration,List the typical progression of the show.,"[0:02:05,0:02:34], [0:05:17,0:06:00], [0:07:53,0:07:57], [0:12:37,0:13:56]",Introduction of the case by the host → Appearance and claims of the client (mother) → Denial VTR of the other party (man identified as the father) → Appearance and argument of the other party → Announcement of DNA test results by the host → Emotional reactions of the parties involved → Intervention by security guards (if necessary) → Backstage interview,
,44,tv,523,D,Counting,How many guests (client or other party) wearing green clothes appear?,"[0:02:54,0:02:55], [0:10:04,0:10:21],  [0:32:06,0:32:09]",3,
,44,tv,524,D,Enumeration,List all types of hats worn by male guests appearing in the video.,"[0:12:18,0:12:21], [0:34:16,0:34:20]","Black pinstripe cap with a dollar sign, red and black baseball cap",
,44,tv,525,E,Counting,What is the maximum number of security guards visible simultaneously in one frame?,"[0:23:23,0:23:25]",6,
,44,tv,526,E,Enumeration,List the wall designs used as the studio background.,"[0:02:50,0:02:55 ], [0:04:37,0:04:40], [0:06:05,0:06:09]","Red brick wall, white window frame design, gray tiled wall, white pillars",
,44,tv,527,F,Counting,"How many men ran off stage after the DNA test results revealed ""he is the father""?","[0:08:01,0:08:05], [0:37:53,0:37:59]",2,
,44,tv,528,F,Enumeration,List the names of the parties involved in cases where a new girlfriend or wife was present when the man was revealed to be the father.,"[0:07:56,0:08:03], [0:22:49,0:22:53]","Corey, Tyesha, Tawanna, Raymond, Shanae, Lakiesha",
,44,tv,522,C,Enumeration,List the child's physical characteristics cited by the man when denying paternity.,"[0:06:53,0:06:59], [0:18:33,0:18:35], [0:34:40,0:34:46]","Skin color, hair color, moles",
https://www.youtube.com/watch?v=moALQl818ZY,45,tv,529,A,Counting,"How many types of natural disasters (earthquakes, landslides, etc.) were covered in this news program?","[0:00:13,0:00:26], [0:08:33,0:08:36]",2,"Earthquake, landslides"
,45,tv,530,A,Enumeration,List all the main news headlines introduced by anchor Tom Costello at the beginning of the program.,"[0:00:12,0:01:22]","CITY SHOOK UP, HOT REPORT, NEW CHARGES, PRINCE 'SCOOP', RECORD-BREAKING NIGHT?",
,45,tv,531,B,Counting,"After the earthquake in New Jersey, how many major airports experienced ground stops due to the impact?","[0:02:30,0:02:39]",2,
,45,tv,532,B,Enumeration,List the sequence of events that led to the dismissal of two senior officers regarding the airstrike by the Israel Defense Forces that killed seven World Central Kitchen aid workers.,"[0:15:14,0:15:27]","Serious mistake stemming from misidentification, errors in decision-making, and a serious failure → Serious violation of command and control → Dismissal of two senior officers",
,45,tv,536,D,Enumeration,List all the news headlines introduced on the main screen with black and white video clips.,"[0:00:15,0:01:04], [0:01:09,0:01:24], [0:08:36,0:08:39], [0:10:59,0:11:09], [0:13:49,0:13:52], [0:17:46,0:17:51], [0:21:11,0:21:13], [0:29:07,0:29:11], [0:34:08,0:34:13], [0:38:27,0:38:32]","CITY SHOOK UP, HOT REPORT, NEW CHARGES, PRINCE 'SCOOP', RECORD-BREAKING NIGHT?, RACE TO RESCUE, PROMISING MORE AID, SENIOR OFFICERS DISMISSED, IN THE GREEN, CLOCK TICKING,
MOTHER'S FIGHT, SON NOW ACCUSED, WOMEN'S FINAL FOUR",
,45,tv,537,E,Counting,"In the footage of the rescue operation in Taiwan, what was the maximum number of rescuers shown at one time inside the cave/tunnel?","[0:08:41,0:08:45]",10,
,45,tv,538,E,Enumeration,List the types of vehicles that appeared in the recovery operation footage of the Baltimore bridge collapse.,"[0:11:01,0:11:09] [0:11:17,0:11:33],[0:12:56,0:13:08]","Crane ship, Tugboat, Small boat",
,45,tv,539,F,Counting,How many times does the standing anchor appear on screen within the first 2 minutes of the program?,"[0:00:10,0:01:02], [0:01:25,0:01:42], [0:01:56,0:02:00]",3,
,45,tv,540,F,Enumeration,List all the individuals whose names were displayed on screen as victims of the Baltimore bridge collapse.,"[0:12:15,0:12:29]","ALEJANDRO HERNANDEZ FUENTES, DORLIAN CASTILLO CABRERA, MIGUEL LUNA, MAYNOR SUAZO, JOSE LOPEZ",
,45,tv,533,C,Counting,"How many times did the anchor, reporters, or interviewees say the word ""earthquake"" in this news program?","
[0:00:18,0:00:19], [0:01:32,0:01:33], [0:01:54,0:01:55], [0:02:30,0:02:31],  [0:02:44,0:02:45], [0:03:09,0:03:10], [0:03:56,0:03:57], [0:05:58,0:05:59], [0:06:33,0:06:34], [0:06:48,0:06:49],
[0:07:04,0:07:10],
[0:07:16,0:07:17],
[0:07:48,0:07:49],
[0:08:02,0:08:03],
[0:08:36,0:08:37],
[0:10:11,0:10:12],
[0:10:28,0:10:29]
",18,
,45,tv,534,C,Enumeration,"Regarding the New Jersey earthquake, list all the US cities and states where the caster mentioned the shaking was felt.","[0:00:13,0:00:26], [0:02:00,0:02:04]","New York City, New Jersey, Philadelphia, Boston",
https://www.youtube.com/watch?v=qAIRFyR6NyQ,46,cartoon,541,A,Counting,How many times do military vehicles appear in this video?,"[0:02:56,0:03:01], [0:08:08,0:08:13], [0:11:10,0:11:15], [0:19:09,0:19:14], [0:19:38,0:19:43]",5,
,46,cartoon,542,A,Enumeration,Please list all types of vehicles that appeared in the video.,"[0:00:21,0:00:26], [0:01:24,0:01:31], [0:02:50,0:02:55], [0:08:13,0:08:18], [0:19:08,0:19:12]","Boat, Train, Car, Bicycle, Truck, Motorcycle",
,46,cartoon,543,B,Counting,"After Margot received the summons, how many bags appeared on screen in total before the Frank family departed for the Annex?","[0:13:09,0:13:23], [0:13:48,0:13:53], [0:16:22,0:16:27], [0:17:08,0:17:13]",15,
,46,cartoon,547,D,Counting,How many times does the tram appear in the video?,"[0:01:27,0:01:32], [0:10:55,0:11:00], [0:11:26,0:11:31], [0:18:58,0:19:03], ",4,
,46,cartoon,548,D,Enumeration,Please list the types of photos posted on the wall of Anne and Margot's room.,"[0:27:34,0:27:51], [0:35:19,0:35:24]","Celebrities, Dutch Royal Family (Queen Wilhelmina), Family photos, Childhood photos, Airplanes",
,46,cartoon,549,E,Counting,How many people are sitting around the table during the Hanukkah celebration scene?,"[0:46:59,0:47:04]",8,
,46,cartoon,550,E,Enumeration,Please list the food items on the table for the first dinner in the Annex.,,"Soup, Bread, Sausage, Potatoes",
,46,cartoon,551,F,Counting,"After life in the Annex began, how many times does Anne have nightmares or groan in her sleep?","[0:44:50,0:44:55]",1,
,46,cartoon,552,F,Enumeration,"After the Van Daan family joined the Annex, please list the activities they all do together.","[0:29:26,0:29:31], [0:37:39,0:37:44], [0:46:59,0:47:03], [0:49:40,0:49:45]","Reading and knitting, Listening to the radio, Hanukkah celebration, Eating New Year's cake",
,46,cartoon,545,C,Counting,How many times can the air raid siren or the sound of bombing be heard?,"[0:44:54,0:44:59], [0:56:05,0:56:10]",2,
,46,cartoon,546,C,Enumeration,Please list all North African cities mentioned in the radio broadcast where Allied forces landed.,"[0:37:33,0:37:38]","Tunis, Algiers, Casablanca, Oran",
https://www.youtube.com/watch?v=Za2Z_JRxCuk,47,cartoon,553,A,Counting,How many times has Miz defeated multiple enemies with a single slash?,"[0:14:43,0:14:50], [0:21:57,0:22:07]",2,"warriors, monster"
,47,cartoon,554,A,Enumeration,Please list all types of weapons Mizu used in combat.,"[0:06:16,0:06:20], [0:06:34,0:06:35], [0:25:30,0:25:42]","Hojōjutsu ropes, Katana, Tanto, flash smoke bomb",
,47,cartoon,555,B,Counting,How many times did Mizu stab his sword into the castle wall to create a foothold when climbing it?,"[0:26:45,0:26:50]",1,
,47,cartoon,556,B,Enumeration,Please list the steps Mizu takes to infiltrate the castle.,"[0:01:44,0:01:55], [0:03:24,0:03:45], [0:04:48,0:04:50]",Cross the frozen lake -> Find a hidden passage in the snow -> Enter the underground tunnel -> Proceed through the tunnel -> Break the gate's lock -> continued swimming through the water out of the tunnel,
,47,cartoon,559,D,Counting,How many scenes are there where Miz wears glasses as a disguise?,"[0:00:28,0:00:34]",1,
,47,cartoon,560,D,Enumeration,Please list the weapons that each member of 'Yonhonkiba' had when they confronted Mizu.,"[0:13:30,0:13:32], [0:24:18,0:24:24]","Warriors: Katana, Giant Man: Kanabo",
,47,cartoon,561,E,Counting,"At the dinner scene with Fowler, what was the total number of cups placed on the table?","[0:08:34,0:08:37]",4,wine goblet
,47,cartoon,562,E,Enumeration,Please list all the tools Mizu prepared to infiltrate the castle.,"[0:03:29,0:03:31]","Lock picking, Shuriken, Tekko-kagi,, Smoke bomb, Kyoketsu-shoge",
,47,cartoon,563,F,Counting,"After infiltrating the castle, how many enemies did Miz defeat before reaching the room where Fowler is?","[0:06:34,0:06:35], [0:13:26,0:15:08], [0:25:09,0:25:11], [0:29:13,0:29:16]",45,samurai warrior
,47,cartoon,564,F,Enumeration,Please list the distinctive traps and obstacles Mizu passed through to reach the top floor of the castle.,"[0:03:56,0:04:02], [0:10:47,0:10:51], [0:12:14,0:12:16], [0:21:23,0:21:35], [0:25:20,0:25:23]","Flooded underground tunnel, spike trap, Collapsing corridor with spike trap, Caged monster, ring of fire",
,47,cartoon,557,C,Counting,How many times did a gunshot sound during Fowler's gun demonstration?,"[0:29:24,0:29:25]",1,
,47,cartoon,558,C,Enumeration,Please list the people Miz named as targets of revenge.,"[0:01:41,0:01:43]","Fowler,",
https://www.youtube.com/watch?v=S7KdzLl-SwE,48,cartoon,565,A,Counting,How many times do characters transform into different forms with magical effects?,"[0:00:19,0:00:23], [0:02:35,0:02:39], [0:03:27,0:03:30], [0:03:45,0:03:50], [0:08:08,0:08:15], [0:11:54,0:11:58], [0:14:30,0:14:32], [0:15:02,0:15:05], [0:26:08,0:26:14], [0:27:01,0:27:07], [0:27:52,0:27:59], [0:29:40,0:29:42], [0:30:08,0:30:09], [0:30:36,0:30:37], [0:33:21,0:33:25], [0:35:38,0:35:41]",16,
,48,cartoon,566,A,Enumeration,Please list all types of animal-themed buses that appear in the video.,"[0:29:15,0:29:21], [0:30:08,0:30:13], [0:30:37,0:30:43], [0:31:01,0:31:07]","Lion Bus, Rabbit Bus, Elephant Bus, Monkey Bus",
,48,cartoon,567,B,Counting,How many times did the pink T-Rex eat sweets before getting a cavity?,"[0:15:05,0:17:47]",1,
,48,cartoon,568,B,Enumeration,Please list the steps the boy took to solve the puzzle to help the shark trapped in the cage.,"[0:25:47,0:26:08]",Pull the blue shell gloves → Wrong Color → Pull the red crab gloves → The boy pressed the red button and get the red key→ Inserted the red key to unlocked the cage,
,48,cartoon,571,D,Counting,How many times does the pink T-Rex wearing a blue and white striped scarf appear?,"[0:08:22,0:08:43]
[0:08:48,0:09:20]
[0:11:23,0:11:45]",3,
,48,cartoon,572,D,Enumeration,Please list all types of hats worn by the characters.,"[0:00:22,0:00:31], [0:01:31,0:01:33], [0:02:37,0:02:39], [0:02:51,0:02:58], [0:21:36,0:21:42], [0:25:15,0:25:20], [0:31:17,0:31:22], [0:31:01,0:31:10], [0:33:25,0:33:26], ","Red party hat with a star, Flower crown, Chef hat, Leaf headband with feathers, Pink hooded ear cover, Red party hat with a star, Blue driver's cap, Brown monkey hat, Yellow and pink striped horn covers,",
,48,cartoon,573,E,Counting,What is the maximum number of toys floating in the bathtub in the scene where the boy is taking a bath?,"[0:25:06,0:25:11]",6,
,48,cartoon,574,E,Enumeration,Please list all the foods arranged on the table in the final meal scene.,"[0:03:08,0:03:13]","Veggies with sauce, Sandwich, Sushi, Steak, Salad, Gyoza, Rice, Grilled chicken, Tofu soup, Siopao Buns",
,48,cartoon,575,F,Counting,"How many times are characters or objects depicted inside the toilet bowl while the song ""Who Left the Poo Poo?"" is playing?","[0:21:48,0:21:56], [0:22:27,0:22:30], [0:23:03,0:23:05], [0:23:17,0:23:20], [0:24:02,0:24:03]",6,
,48,cartoon,576,F,Enumeration,Please list all the items that fell off the shelves while the boy was pushing the cart in the supermarket scene.,"[0:34:01,0:34:08]","Cans, Yellow Flag",
,48,cartoon,569,C,Counting,"How many times is the phrase ""yum, yum, yum"" repeated in total in the song?","[0:00:45,0:00:46], [0:01:15,0:01:16], [0:01:44,0:01:45], [0:02:15,0:02:16], [0:02:52,0:02:53], [0:03:18,0:03:19]",6,
,48,cartoon,570,C,Enumeration,Please list all types of dinosaurs mentioned in the song.,"[0:00:35,0:00:37], [0:01:34,0:01:36], [0:02:41,0:02:43], [0:04:25,0:04:26], [0:05:17,0:05:19], [0:06:12,0:06:14]","T-rex, Brachiosaurus, Struthiomimus, Pachycephalosaurus, Spinosaurus, Pterosaur",
https://www.youtube.com/watch?v=ayKCzl5xRh4,49,cartoon,577,A,Counting,How many times do independent song scenes appear throughout the entire video?,"[0:07:09,0:07:10],",12,
,49,cartoon,578,A,Enumeration,Please list all the types of food that dinosaurs ate or tried to eat.,"[0:07:16,0:07:17],","plant leaves, apatosaurus, anykylosaurus, edmontonia, Dinosaur, hypsilophodon, insect, fish, meat, brocoli, tomato",
,49,cartoon,579,B,Counting,"In the story 'Hunter, T-REX's Diary', how many times did Tyrannosaurus Rex fail a hunt?","[0:07:48,0:07:49],",4,
,49,cartoon,580,B,Enumeration,"Please list the series of events until Tyrannosaurus is counterattacked by Ankylosaurus in the story of 'Hunter, T-REX's Diary'.","[0:08:02,0:08:03],",Tyrannosaurus discovers Ankylosaurus → Judges it to be a perfect meal and charges → Tries to bite Ankylosaurus → Ankylosaurus swings its tail hammer → Hits Tyrannosaurus's head,
,49,cartoon,583,D,Counting,How many times do scenes with a volcano in the background appear?,"[0:08:36,0:08:37],",5,
,49,cartoon,584,D,Enumeration,Please list all the designs of the car's wheels that appear in the song 'Dinosaur Car'.,"[0:10:11,0:10:12],","Log, Sunflower",
,49,cartoon,585,E,Counting,"In the scene where the numerical train appears, how many train cars are there in total?","[0:10:28,0:10:29]",10,
,49,cartoon,586,E,Enumeration,Please list all the playground equipment and facilities in the dinosaurs' playground.,"[0:00:25,0:00:29], [0:00:40,0:00:42], [0:00:49,0:00:51]","slide, swing, hammock, xylophone, stepping stones, arch, stone bench, log tunnel",
,49,cartoon,587,F,Counting,"How many times do dinosaurs directly interact with creatures other than dinosaurs, such as fish and insects?","[0:27:04,0:27:06], [0:27:18,0:27:20], [0:33:52,0:33:54],  [0:39:23,0:39:25]",4,"fish, buterfly, worm."
,49,cartoon,588,F,Enumeration,Please list all characters who are shedding tears in the latter half of the video (from 25 minutes onwards).,"[0:50:27,0:50:29], [0:51:50,0:51:52],  [0:54:31,0:54:44]","Tyrannosaurus, Iguanodon,",
,49,cartoon,581,C,Counting,"How many times is the lyric ""Tyrannosaurus Rex"" sung in the song?","[0:01:27,0:01:32], [0:02:07,0:02:12], [0:02:24,0:02:29], [0:03:58,0:03:59], [0:09:17,0:09:22], [0:09:35,0:09:40],  [0:10:05,0:10:10]",13,
,49,cartoon,582,C,Enumeration,Please list all the dinosaurs whose names were called as the correct answer in the 'Who is it?' quiz corner.,"[0:35:43,0:35:45], [0:36:07,0:36:09], [0:36:31,0:36:33], [0:37:04,0:37:06]","Triceratops, Brachiosaurus, Pteranodon, Tyrannosaurus Rex",
https://www.youtube.com/watch?v=SRq0weUKskM,50,cartoon,589,A,Counting,How many times does Blinky appear harvesting nuts and fruits?,"[0:00:26,0:00:39], [0:02:14,0:02:36], [0:04:49,0:05:10]",3,
,50,cartoon,590,A,Enumeration,List all types of characters that can fly and appeared in the video.,"[0:00:23,0:00:26], [0:02:40,0:02:43], [0:16:57,0:17:02], [0:23:50,0:23:52]","Blinky, Owl, Winter Queen, Dove",
,50,cartoon,591,B,Counting,"After the doll fell from the bus, how many times did it hit the ground or rocks before sinking into the river?","[0:01:50,0:01:58]",2,
,50,cartoon,592,B,Enumeration,List the steps Sneed the Bear took to threaten Grog the Frog and steal Blinky's food.,"[0:07:42,0:09:08]",Sneed catches Grog → Sneed threatens to eat Grog → Sneed agrees and makes Grog lead him to the pantry → Sneed wake up and chased blinky's→ Sneed eats all the food,
,50,cartoon,595,D,Counting,How many times does Ben the Owl appear wearing a beret instead of a wizard's hat?,"[0:02:40,0:03:03], [0:06:31,0:07:15], [0:11:33,0:13:07], [0:21:44,0:22:33], ",4,
,50,cartoon,596,D,Enumeration,List all types of insect-like characters that appear in the video. (Excluding Blinky),"[0:02:23,0:02:26], ","Snail,Caterpillar",
,50,cartoon,597,E,Counting,"In the scene where the mouse construction company appears, what is the maximum number of mice visible on screen at the same time?","[0:37:19,0:37:25]",3,
,50,cartoon,598,E,Enumeration,List the types of food found inside Blinky's pantry where he stores food for winter.,"[0:09:05,0:09:08]","berries, grapes,  corn,  bean pods,  pumpkins, Acorns, star fruit, apples,",
,50,cartoon,599,F,Counting,"After the snow started falling, how many times did Blinky, as a ball of light, help or guide the girl?","[0:33:59,0:34:02], [0:36:29,0:36:33], [0:38:08,0:38:13], [0:38:44,0:38:52], [0:40:31,0:40:55]",5,
,50,cartoon,600,F,Enumeration,List all the colors of clothing Grog the Frog wore while being held by Sneed the Bear.,"[0:07:42,0:08:21]","Purple, Yellow",
,50,cartoon,593,C,Counting,How many times does Sneed the Bear bark or growl?,"[0:03:37,0:03:38], [0:04:01,0:04:02], [0:07:42,0:07:44], [0:07:57,0:08:02], [0:09:53,0:10:03], [0:19:01,0:19:02], [0:19:25,0:19:26], [0:19:40,0:19:48], [0:30:20,0:30:21], [0:33:14,0:33:15], [0:33:57,0:33:58],  [0:39:09,0:39:10], [0:39:47,0:39:48], [0:40:02,0:40:03]",14,
,50,cartoon,594,C,Enumeration,"List the types of food Blinky collects for winter, as mentioned by the narrator.","[0:00:28,0:00:33]","Nuts, Berries",
https://www.youtube.com/watch?v=81SbCR6p3Z0,51,cartoon,601,A,Counting,How many times does Mary cry or scream out of anger or frustration?,"[0:01:16,0:01:18],
[0:01:46,0:01:48],
[0:02:07,0:02:12],
[0:39:48,0:40:01],
[0:50:25,0:50:36],
[0:51:08,0:51:15],",6,
,51,cartoon,602,A,Enumeration,List all the types of animals Dickon is with or interacting with.,"[0:15:58,0:16:32],
[0:26:32,0:26:42], [0:36:33,0:38:25], [0:56:17,0:56:26],","Robin,Squirrel,horse",
,51,cartoon,603,B,Counting,How many types of transportation did Mary use to get from India to Misselthwaite Manor?,"[0:04:01,0:04:56],  [0:05:23,0:06:16]",2,"train , horse-drawn carriage"
,51,cartoon,604,B,Enumeration,List the sequence of events until Mary finds the key to the secret garden.,"[0:22:06,0:24:23], [0:24:30,0:24:33]",Led by a robin to find a key  between the brances of tree → Finds a hidden door covered in ivy → Used the key to open the door,
,51,cartoon,607,D,Counting,How many times does Colin's mother's (Aunt Lilian's) portrait appear?,"[0:18:53,0:18:55],  [0:48:54,0:48:56], [0:49:21,0:49:23], [0:49:29,0:49:31], ",4,
,51,cartoon,608,D,Enumeration,List all the characters wearing hats that appear in the story.,"[0:00:36,0:01:00], [0:01:44,0:01:45], [0:07:03,0:07:05], [0:10:43,0:10:46], [0:15:51,0:16:06], [0:42:22,0:42:24]","British soldiers in India, Mary's father, Mary's mother, Mary, Dr. Craven, Ben Weatherstaff, Dickon, Archibald Craven",
,51,cartoon,610,E,Enumeration,List all the gardening tools the children used to restore the secret garden.,"
[0:36:29,0:36:57], [0:37:04,0:37:06], [0:45:39,0:45:41]","Trowel, Shovel",
,51,cartoon,611,F,Counting,How many times did Mary visit Colin's room between their first meeting and him going out into the garden?,"[0:33:22,0:35:00], [0:39:30,0:41:47], [0:41:59,0:42:40]",3,
,51,cartoon,612,F,Enumeration,List the changes in the garden between Mary's first entry into the secret garden and her uncle's return.,"[0:24:43,0:24:51], [0:44:02,0:44:11]","Withered ivy and weeds, Dry and cracked fountain, Broken bench → Lush plants and blooming flowers, Fountain with flowing water, Well-maintained path",
,51,cartoon,605,C,Counting,"How many times is the word ""magic"" mentioned in the story?","[0:26:03,0:26:05], ",1,
,51,cartoon,606,C,Enumeration,List the causes the servants gave for the crying sound Mary heard at night.,"
[0:12:12,0:12:15], ","Sound of the wind,",
https://www.youtube.com/watch?v=S8vPx-u9p_A,52,cartoon,613,A,Counting,How many times do characters shed tears?,"[0:12:34,0:12:48],  [0:47:48,0:47:54], [0:53:46,0:53:53], [0:56:20,0:56:28],
[0:56:35,0:56:40],",6,
,52,cartoon,614,A,Enumeration,List all the types of animals Gerda spoke to or interacted with.,"[0:18:34,0:18:48], [0:25:31,0:26:44], [0:45:0,0:45:31]","Swallow, Lamb, Crow, Dove, Reindeer",
,52,cartoon,615,B,Counting,How many times did Kai act mean towards Gerda before the Snow Queen abducted him?,"[0:12:03,0:12:21],  [0:14:07,0:14:09], [0:14:26,0:14:33]",4,
,52,cartoon,616,B,Enumeration,List the steps of the old woman's actions that led Gerda to forget Kai.,"[0:21:06,0:21:40], [0:21:50,0:22:12]",Inviting Gerda into her house and treating her to cherries → Combing Gerda's hair with a magical golden comb,
,52,cartoon,619,D,Counting,How many times does Ole Lukøje (the storyteller) appear wearing red clothes?,"[0:01:18,0:02:12], 
[0:12:42,0:13:19], [0:17:56,0:18:27], [0:22:17,0:22:52], [0:34:33,0:35:10],  [1:00:10,1:00:25]
",6,
,52,cartoon,621,E,Counting,What is the maximum number of children visible on screen when they are having a snowball fight in the square?,"[0:13:34,0:13:46]",14,
,52,cartoon,622,E,Enumeration,"List all the types of flowers, other than roses, that bloomed in the old woman's garden.","[0:21:12,0:21:38]","Poppy, Dahlia, Lily, Tulip, Hyacinth, Dandelion, Morning Glory, Snowdrop, Carnation, Sunflower, Passion Flower, Tiger Lily",
,52,cartoon,623,F,Counting,How many times does Kai laugh after being possessed by the mirror shard and before being taken away by the Snow Queen?,"[0:12:22,0:12:25],  [0:14:28,0:14:31]",2,
,52,cartoon,624,F,Enumeration,List all the places Gerda passed through from the start of her journey to find Kai until she met the crow.,"[0:18:27,0:25:55],",Daisy Field → River → Reed Thicket → Old Woman's Magic Garden → Desolate Autumn Landscape,
,52,cartoon,617,C,Counting,How many times do the church bells ring when Kai is sledding in the square?,"[0:13:20,0:13:27], ",9,
,52,cartoon,618,C,Enumeration,List the types of dreams Ole Lukøje mentioned children see at the beginning of the story.,"[0:03:37,0:04:17]","Wonderful fairy tale dreams, Dreams of seeing nothing",
https://www.youtube.com/watch?v=jbvdw4JKY0s,53,cartoon,625,A,Counting,How many times did Gru announce to the Minions what he had stolen or was about to steal?,"[0:00:39,0:00:43], [0:00:56,0:01:00], [0:01:05,0:01:08],
[0:01:35,0:01:40], [0:02:18,0:02:20]",5,"times square jumbotron, small statue of liberty , Eiffel tower ,shrink ray, Moon"
,53,cartoon,626,A,Enumeration,List all the historical bosses the Minions served before meeting Gru.,"[0:18:33,0:19:10], [0:19:31,0:20:01], [0:20:18,0:20:32], [0:20:50,0:21:18]","T-Rex, Caveman, Egyptian Pharaoh, Vampire, Napoleon",
,53,cartoon,627,B,Counting,How many cupcakes did Lucy destroy before catching Gru at the cupcake shop?,"[0:11:37,0:11:50]",8,
,53,cartoon,631,D,Counting,How many popcorns did Vector eat when Gru first saw him wearing an orange tracksuit?,"[0:05:19,0:05:22]",3,
,53,cartoon,632,D,Enumeration,List all the types of historical costumes the Minions wore.,"[0:18:22,0:19:23], [0:19:31,0:20:08], [0:20:18,0:21:18], [0:23:50,0:23:53]","Primitive leaf clothing, Fur clothing, Ancient Egyptian clothing, Vampire cloak, Napoleonic era military uniform, King's attire",
,53,cartoon,633,E,Counting,"In the scene where Gru corrects Dr. Nefario, saying he ordered a ""dart gun"" instead of a ""fart gun,"" how many cookie robots are on the lab bench?","[0:03:09,0:03:15]",3,
,53,cartoon,634,E,Enumeration,List all the creatures Gru and his team encountered in the ventilation shaft when infiltrating Vector's base.,"[0:05:37,0:05:41]",Shark,
,53,cartoon,635,F,Counting,"At El Macho's fortress, how many Minions did Gru directly shoot with the jam gun to turn the purple Minions back to normal?","[0:17:33,0:17:56]",13,
,53,cartoon,629,C,Counting,How many times did the Minions perform songs or shows on stage?,"[0:23:17,0:23:44], [0:30:05,0:31:41]",2,
,53,cartoon,630,C,Enumeration,List all the types of martial arts Lucy mentioned about herself.,"[0:12:16,0:12:20]","Jujutsu, Krav Maga, Aztec combat techniques, Krumping",
https://www.youtube.com/watch?v=pXD3txG2bVQ,54,cartoon,637,A,Counting,How many species of animals appear in the video?,"[0:00:00,0:00:11], [0:04:06,0:04:10], [0:08:11,0:08:16], [0:18:22,0:18:30], [0:21:56,0:22:10], [0:22:52,0:22:53], [0:22:59,0:23:21], [0:33:00,0:33:04]",8,"cat, dog, bird, cow, horse,fish , beaver, rabbit"
,54,cartoon,638,A,Enumeration,Please list all the animals appearing in the video.,"[0:00:00,0:00:04], [0:04:06,0:04:10], [0:06:40,0:06:45], [0:26:48,0:26:53], [0:08:11,0:08:16], [0:22:52,0:23:04], [0:33:00,0:33:05], [0:35:00,0:35:05], [0:35:17,0:35:22]","Cat, Dog, Cow, Calf, Crow, Beaver, Fish, Rabbit, Little bird, Butterfly",
,54,cartoon,639,B,Counting,How many times did Uncle Fyodor dig the ground until he found the treasure?,"[0:07:20,0:07:28], [0:07:45,0:07:47],
[0:07:54,0:07:57]",3,
,54,cartoon,640,B,Enumeration,Please list in order the events from when Uncle Fyodor left home until he found a new house in Prostokvashino Village.,"[0:03:18,0:03:53], [0:04:06,0:05:05]","Uncle Fyodor and Matroskin prepare to run away from home → On the way to the village, they meet the dog Sharik → The three of them arrive at Prostokvashino Village → They find a vacant house with a sign that says ""A house where anyone can live.""",
,54,cartoon,643,D,Counting,"How many times do scenes appear where Pechikin the mail carrier is riding a bicycle, or is with a bicycle?","
[0:17:05,0:17:20], ",1,
,54,cartoon,644,D,Enumeration,Please list everything Uncle Fyodor and Matroskin packed in their backpacks to leave the house.,"[0:03:18,0:03:47]","frying pan, thermos, kettle, pot with a ladle, plate, cup",
,54,cartoon,645,E,Counting,How many wooden spoons are hanging on the kitchen wall of a city house?,"[0:08:50,0:09:32]",13,
,54,cartoon,646,E,Enumeration,Please list everything that the three people hung on the house walls after the big cleaning.,"[0:06:25,0:06:55]",A picture of a tree with the half-moon,
,54,cartoon,647,F,Counting,How many outdoor scenes with falling snow are there in the third episode 'Prostokvashino Winter'?,"
[0:35:53,0:36:00], [0:39:16,0:39:26], [0:42:34,0:42:43], [0:45:41,0:46:36], [0:47:49,0:47:52], [0:48:44,0:50:37], ",6,
,54,cartoon,648,F,Enumeration,Please list all the things Pechkin delivered to their house before Uncle Fyodor's parents arrived in Prostokvashino.,"[0:11:18,0:11:50], [0:30:36,0:32:59],","Newspaper, letter, box containing camera",
,54,cartoon,641,C,Counting,"How many times is the song ""Кабы не было зимы (If there were no winter)"" played?","[0:50:02,0:50:18], [0:50:29,0:51:20]",2,
,54,cartoon,642,C,Enumeration,Please list all the names of the people to whom Pechkin the mail carrier delivered letters and telegrams.,"0:12:50,0:13:20]
[0:43:07,0:43:22],","Uncle Fyodor's parents, Shark",
https://www.youtube.com/watch?v=RjDrZkBwzho,55,cartoon,649,A,Counting,How many times did the mouse gang successfully steal food?,"[0:03:17,0:05:13], [0:30:25,0:30:40]",2,
,55,cartoon,650,A,Enumeration,List all types of vehicles used by the police and the villains.,"[0:00:24,0:00:34], [0:01:07,0:01:09], [0:20:44,0:21:51], [0:23:21,0:23:27], 
[0:05:08,0:05:10], 
[0:45:18,0:45:22], [0:40:47,0:41:13],  [0:42:34,0:42:43],  [0:17:55,0:18:00]","Motorcycle, Helicopter, Police car, Hovercraft, Truck, Canoe, Raft, Boat, Tractor",
,55,cartoon,651,B,Counting,How many grasshoppers did the female praying mantis defeat by herself before Inspector Black Cat arrived?,"[0:32:50,0:33:20]",6,
,55,cartoon,652,B,Enumeration,List the steps the mice took to break into the granary and steal food.,"[0:03:24,0:05:10],",Drill a hole in the wall → Break the wall and enter → Pack food into bags and carry it out  → Load stolen goods onto the truck and escape,
,55,cartoon,656,D,Enumeration,List all types of insects that appeared in this animation.,"[0:30:08,0:30:12], [0:32:35,0:32:39],
[0:34:58,0:35:05], [0:35:12,0:35:16]","Praying mantis, Grasshopper, Bee,Butterfly, Dragonfly,  Ladybug,",
,55,cartoon,657,E,Counting,"What was the maximum number of police officers on screen when the hippopotamus, wild boar, and elephant were captured?","[0:22:36,0:22:41]",10,
,55,cartoon,658,E,Enumeration,List all the items placed on the judge's bench in the forest court.,"[0:28:16,0:28:20], [0:28:52,0:28:54]","Bell, Book, Documents",
,55,cartoon,659,F,Counting,How many times did the mouse gang's escape scenes by vehicle occur at night?,"[0:05:09,0:05:13], ",1,
,55,cartoon,660,F,Enumeration,List all scenes where Inspector Black Cat pursued the culprits in locations other than on the ground (in the air or underwater).,"[0:23:21,0:23:36], [0:31:38,0:31:45], [0:41:26,0:41:36], [0:54:36,0:55:07]","Air pursuit by flying motorcycle ,Water pursuit by eagle",
,55,cartoon,653,C,Counting,How many times did the alarm sound in the story?,"[0:03:04,0:03:05],
[0:06:49,0:06:51], [0:19:47,0:19:50], [0:20:44,0:20:58], [0:30:54,0:30:55], [0:48:40,0:48:42]",6,
,55,cartoon,654,C,Enumeration,"List all the charges brought against the hippopotamus, wild boar, and elephant in the forest court.","[0:28:55,0:29:00]","Crime of unearned income, Crime of plundering the fruits of others' labor",
https://www.youtube.com/watch?v=XNtNNplAwiI,56,cartoon,661,A,Counting,How many times in total were the Calabash Brothers captured by the demons?,"[0:18:54,0:20:01], [0:26:20,0:26:23], [0:50:09,0:50:38], [0:59:24,1:01:18]",5,
,56,cartoon,662,A,Enumeration,Please list all types of creatures that the demons use as their minions.,"
[0:09:20,0:09:22], [0:10:09,0:10:11], 
[0:10:58,0:11:03],[0:12:21,0:12:23],
 [0:17:24,0:17:27], [0:21:48,0:21:51], [0:24:49,0:24:52], ","Bat, Frog, Centipede, Spider, Snake,Boar, Lizard, Bee",
,56,cartoon,663,B,Counting,How many steps are there from when the old man planted the calabash seeds until the first calabash matured and fell?,"[0:06:52,0:06:54], [0:07:00,0:07:02], [0:07:20,0:07:27],  [0:07:51,0:08:17], [0:13:53,0:13:56]",5,
,56,cartoon,664,B,Enumeration,Please list the steps until the second brother (Clairvoyance and All-Hearing) was captured by the demoness.,"[0:21:20,0:21:24], [0:25:03,0:25:06], [0:26:11,0,0:26:23]",Reconnaissance with Clairvoyance and All-Hearing → Demoness blinds with a magic mirror → Demoness attacks ears with magic → Second brother falls → Captured by demon minions,
,56,cartoon,667,D,Counting,"How many times did the magic staff ""Ruyi"" held by the demoness emit light in the story?","[0:09:24,0:09:25], [0:17:13,0:17:15], [0:21:00,0:21:02],     [0:47:35,0:47:38], [0:48:37,0:48:43], [0:50:24,0:50:27],",6,
,56,cartoon,668,D,Enumeration,"Please list all the colors of the calabashes that grew on the vine, from left to right in order.","[0:08:14,0:08:17]","Red, Orange, Yellow, Green, Indigo, Blue, Purple",
,56,cartoon,669,E,Counting,"In the scene where the demonesses were holding a banquet, how many dishes were arranged on the table?","[0:45:50,0:45:59]",8,
,56,cartoon,670,E,Enumeration,Please list all the colors of the glowing corals placed in the throne room of the demoness's cave.,"[0:46:01,0:46:07]","Purple , Pink",
,56,cartoon,671,F,Counting,"After the old man was captured by the demons, how many calabashes fell from the vine?","[0:13:53,0:13:56], [0:20:31,0:20:33], [0:32:05,0:32:07], [0:41:09,0:41:11], [0:54:43,0:54:45], [0:58:13,0:58:15]",6,
,56,cartoon,672,F,Enumeration,Please list all the magical tools the demoness used against the Calabash Brothers inside the cave.,"[0:17:13,0:17:15], [0:25:03,0:25:06], [0:38:05,0:38:08], [0:47:35,0:47:38]","Ruyi, Magic Mirror, Rigid-Soft Yin-Yang Sword, Golden Wine Gourd",
,56,cartoon,665,C,Counting,"How many times did the Calabash Brothers call the old man ""Yeye""?","[0:08:20,0:08:26],  [0:13:29,0:13:36],  [0:18:45,0:18:54],   [0:26:37,0:26:41],   [0:33:17,0:33:21],   [0:35:44,0:35:50],   [0:36:24,0:36:27],   [0:41:25,0:41:28],   [0:53:08,0:53:12],  [0:53:32,0:53:34],  ",24,
,56,cartoon,666,C,Enumeration,Please list all the colors of the calabashes that the old man mentioned while singing during the growth process of the calabashes.,"[0:08:29,0:08:37]","Red, Orange, Yellow, Green, Blue, Indigo, Purple",
https://www.youtube.com/watch?v=CYTjhUNGK84,57,documentary,673,A,Counting,How many times were skewered dishes shown in the video?,"[0:00:20,0:00:22], [0:01:12,0:01:14], [0:03:28,0:03:33], [0:03:46,0:04:07],
[0:04:48,0:04:49], [0:08:27,0:08:38], [0:11:50,0:12:04]",7,
,57,documentary,674,A,Enumeration,List all ingredients cooked over an open flame in the video.,"[0:00:33,0:00:36],  [0:03:42,0:03:51], [0:04:52,0:04:55], [0:08:27,0:08:31], [0:11:50,0:11:53], [0:28:37,0:28:40],
[0:29:30,0:29:40]","Pork belly, Chicken, Snakehead fish, Snakehead fish offal, Sausage, Meatballs, Pork and rice in bamboo tubes",
,57,documentary,675,B,Counting,"When making Soto Banjar, what is the total number of ingredients (excluding soup and condiments) placed in the bowl?","[0:05:10,0:05:27]",7,"rice cake,rice noodles shredded chicken,carrots, boiled duck egg, deep fried potato dumpling,chicken neck"
,57,documentary,676,B,Enumeration,List the steps from capturing a pig to cooking it.,"[0:26:15,0:26:18], [0:27:20,0:27:42], [0:28:23,0:28:29], [0:28:29,0:28:41]",Capture and tie up → Ritwual for the Ancestors →  Slaughter → Pour hot water → Shave hair → Butcher → Washed Clean in the River → Stuff into bamboo tubes → Season → Cook over open flame,
,57,documentary,679,D,Counting,How many times does the InAT donesian flag appear in the video?,"[0:01:32,0:01:33], [0:01:59,0:02:00], [0:03:03,0:03:04],  [0:22:38,0:22:39], [0:26:17,0:26:19]
",5,
,57,documentary,680,D,Enumeration,List all types of vehicles that appeared in the video.,"[0:00:52,0:00:56], [0:00:38,0:00:38], [0:22:38,0:22:39], [0:09:30,0:09:31], [0:14:14,0:14:15]","Boat, Car, Truck, Motorcycle, Bicycle, Rickshaw",
,57,documentary,681,E,Counting,"In the floating market scene, what is the maximum number of boats simultaneously visible on screen?","[0:02:13,0:02:18]",77,
,57,documentary,682,E,Enumeration,"In the dining scene at the indigenous house, list all types of dishes arranged on banana leaves.","[0:29:21,0:29:23]","Pork cooked in bamboo, Pork offal cooked in bamboo, Rice wrapped in leaves, Sambal",
,57,documentary,683,F,Counting,"In the latter half of the video (after 15 minutes), how many types of pork dishes did the host eat?","[0:29:47,0:29:55], [0:30:30,0:30:41]",2,"Bamboo Cooked Pork,pork offal"
,57,documentary,684,F,Enumeration,List all the places where the host ate outdoors.,"[0:00:26,0:00:30], [0:00:38,0:00:41], [0:04:22,0:04:31], [0:05:53,0:06:06], [0:07:22,0:07:28], [0:17:40,0:17:43], [0:29:10,0:29:15]","Hut where sago worms were harvested, Roadside stall where pork was grilled, On a boAT the floating market, Street restaurant, Night market, Porch of an indigenous house",
,57,documentary,677,C,Counting,"How many times did the host say ""Cheers"" or something similar?","
[0:00:29,0:00:29], [0:17:52,0:17:53], ",2,
,57,documentary,678,C,Enumeration,List all the countries that make up Borneo Island mentioned by the narrator.,"[0:00:05,0:00:08], [0:08:52,0:08:59]","Brunei, Malaysia, InAT donesia",
https://www.youtube.com/watch?v=KktLi3UifPY,58,documentary,685,A,Counting,"How many times do scenes appear in the video where presenters eat raw meat (such as basashi, torisashi)?","[0:00:01,0:00:20], [0:00:55,0:00:57], [0:16:22,0:16:33], [0:18:06,0:18:18], [0:19:51,0:20:02], [0:22:33,0:22:38]",6,
,58,documentary,686,A,Enumeration,Please list all the seafood eaten by the cast members that appeared in the video.,"[0:00:30,0:00:30], [0:00:45,0:00:51], [0:01:47,0:01:52], [0:19:40,0:20:02], [0:37:10,0:38:31], [0:42:48,0:42:58], [0:45:08,0:45:20], [0:51:25,0:51:36]","Oysters, Shrimp, Mudskipper, Shark heart, Carp, Whitebait, Octopus, Giant isopod",
,58,documentary,687,B,Counting,"In the process of making the $100 ramen, how many types of toppings were directly added to the bowl after the noodles and soup were put in?","[0:11:15,0:11:37]",8,"slices of rare wagyu ,sukiyaki, white asparagus,naganegi, half boiled egg, pure gold flakes,truffle oil"
,58,documentary,688,B,Enumeration,Please list the steps for making octopus crackers.,"[0:44:30,0:44:31],
[0:44:38,0:45:11]
",Prepare a live octopus → put some oil on press machine →  Coat with potato starch → Place on a hot press machine → Press and bake → Peel off from the press machine → Serve,
,58,documentary,691,D,Counting,How many types of headbands (hachimaki) worn by the male presenter appear?,"[0:00:02,0:00:03], [0:00:26,0:00:26], [0:01:17,0:01:17], [0:02:05,0:02:05],",4,
,58,documentary,692,D,Enumeration,Please list all types of ramen eaten by the presenters in this video.,"[0:03:42,0:03:44], [0:05:51,0:05:52], [0:11:38,0:11:39]","Shoyu Ramen, Genovese Ramen, Wagyu Ramen",
,58,documentary,693,E,Counting,What is the maximum number of people simultaneously shown on screen inside the ramen shop?,"[0:05:29,0:05:31]",6,
,58,documentary,694,E,Enumeration,"In the scene where the $100 ramen is eaten, please list all the tableware and side dishes arranged on the table other than the ramen bowl.","[0:11:38,0:11:44]","plate, Chopsticks, Ladle, Lime,side dish bowl, Foie gras paste,",
,58,documentary,695,F,Counting,"In the first 5 minutes of the video, how many times are scenes shown where the chef is preparing food in the kitchen?","[0:00:38,0:00:45], [0:01:02,0:01:23], [0:01:35,0:01:38], [0:02:15,0:02:19], [0:02:40,0:02:45], [0:02:57,0:02:58",11,
,58,documentary,696,F,Enumeration,"In the latter half of the video (after 15 minutes 30 seconds), please list all the raw ingredients eaten by the presenters.","[0:16:22,0:16:33], [0:18:06,0:18:18], [0:19:51,0:20:02], [0:22:33,0:22:38], [0:42:52,0:43:03]","Beef sushi, Beef yukhoe, Shark heart, Basashi, Raw whitebait",
,58,documentary,689,C,Counting,"How many times did the narrator say the word ""Japan"" or ""Japanese""?","
[0:00:15,0:00:15], [0:00:27,0:00:27], [0:01:08,0:01:08], [0:01:39,0:01:40], [0:01:53,0:01:54], [0:02:28,0:02:29],   [0:25:13,0:25:14], [0:39:05,0:39:06]",8,
,58,documentary,690,C,Enumeration,Please list all Japanese city and prefecture names mentioned or displayed in the video.,"[0:00:27,0:00:27], [0:01:25,0:01:27], [0:02:34,0:02:34], [0:25:17,0:25:19], [0:26:25,0:26:26], [0:35:24,0:35:25], [0:39:09,0:39:19], [0:51:10,0:51:10]","Tokyo, Sendai, Fukuoka, Harajuku, Fukushima, Kanagawa, Shizuoka, Kamakura, Kitakata, Aizu",
https://www.youtube.com/watch?v=kqdpdU4PBS0,59,documentary,697,A,Counting,How many times does the scene of the protagonists' white van driving on a mountain road appear?,"[0:00:10,0:00:13], [0:01:42,0:01:45], [0:01:57,0:02:01], [0:02:27,0:02:31], [0:03:32,0:03:36], [0:03:52,0:03:59], [0:05:51,0:05:59], [0:16:15,0:16:16] ",8,
,59,documentary,698,A,Enumeration,"Please list all types of vehicles that appeared along the way, other than the protagonists' white van and passenger car.","[0:00:14,0:00:16], [0:00:33,0:00:42],  [0:02:10,0:02:14], [0:12:29,0:12:30]","Truck, Bicycle,van, Autorickshaw,Motorcycle",
,59,documentary,699,B,Counting,"In the sheep butchering process in the village, how many steps are shown from slaughter to hanging the carcass?","[0:17:10,0:17:15], [0:17:36,0:17:40], [0:17:49,0:17:59], [0:18:37,0:18:40] ",4,"pray, blood drained, skinning, chopped meat"
,59,documentary,700,B,Enumeration,"Please list the steps for making a special 3-pound Chapli Kebab, in the order shown in the video.","[0:07:58,0:08:25],
","Crack eggs into hot oil -> Scramble eggs in the oil -> Mix scrambled eggs, olive, and cheese into ground meat -> Mix by hand -> Form large patties -> Fry in a large frying pan",
,59,documentary,703,D,Counting,How many times did elaborately decorated trucks appear on the mountain road?,"[0:02:10,0:02:16],  [0:03:25,0:03:33], ",3,
,59,documentary,704,D,Enumeration,Please list all types of hats worn by the Taliban soldiers appearing in the video.,"[0:00:14,0:00:20],  [0:00:51,0:00:52], [0:05:20,0:05:23], [0:06:21,0:06:23]","Baseball cap, Scarf, Pakol hat, Balaclava, Turban-style hat, Beret",
,59,documentary,705,E,Counting,"In the scene (6:21) where a commemorative photo is taken with Taliban soldiers, how many people are pictured in total, including the narrator and his producer?","[0:06:21,0:06:28]",10,
,59,documentary,706,E,Enumeration,Please list all the food laid out on the table in front of the narrator at the restaurant in Jalalabad (8:34).,"[0:08:34,0:08:42]","Special Chapli Kebab, Regular Chapli Kebab, Green Yogurt Sauce, Naan",
,59,documentary,707,F,Counting,How many times did the light blue car appear while driving on the mountain road from Kabul to Jalalabad?,"[0:00:08,0:00:14],  [0:02:17,0:02:20], [0:02:58,0:02:59]",4,
,59,documentary,708,F,Enumeration,Please list all the types of pots the chef was simultaneously cooking in at the Karahi restaurant at night.,"[0:11:35,0:11:39]",karahi pot,
,59,documentary,701,C,Counting,How many times did the narrator say the word 'checkpoint'?,"[0:00:14,0:00:17], [0:00:50,0:00:51],  [0:02:39,0:02:40], [0:02:47,0:02:48], [0:02:54,0:02:55], [0:03:03,0:03:04],
[0:03:27,0:03:28], [0:04:20,0:04:21], [0:05:14,0:05:15]",10,
,59,documentary,702,C,Enumeration,Please list the two main dish names that the narrator mentioned as the purpose of going to Jalalabad to eat.,"[0:01:07,0:01:20]","Chapli Kebab, Karahi",
https://www.youtube.com/watch?v=uW9mcG0rdLY,60,documentary,709,A,Counting,How many times do scenes appear where orcas prey on or attempt to prey on their catch?,"[0:00:17,0:00:26], 
[0:02:14,0:03:00], 
[0:08:15,0:08:42], 
[0:20:25,0:21:00],
[0:39:30,0:40:15]
",5,
,60,documentary,710,A,Enumeration,Please list all types of marine mammals that appeared in the video.,"[0:00:04,0:00:10], [0:00:27,0:00:36]","Orca, Elephant Seal",
,60,documentary,711,B,Counting,"In the scene starting at 8:15, how many times did the orca attack before preying on the elephant seal?","[0:08:17,0:08:32]",1,
,60,documentary,712,B,Enumeration,Please list the steps taken by orcas when hunting elephant seals cooperatively.,"[0:08:15,0:08:52]",Scout the shore → One individual beaches itself to catch an elephant seal → Drag the prey into the water → Share the prey with the pod members,
,60,documentary,715,D,Counting,"In the first half of the video (up to 20 minutes), how many times does the cameraman appear wearing a red cold-weather jacket?","[0:00:14,0:00:17], [0:01:48,0:01:55], 
[0:02:22,0:02:25], [0:06:13,0:06:33], 
[0:07:09,0:07:11], 
[0:10:02,0:10:13], [0:10:19,0:10:28],  
[0:10:33,0:10:37], [0:10:44,0:10:50],
[0:16:30,0:16:42], [0:16:48,0:16:52]",11,
,60,documentary,716,D,Enumeration,Please list the types of vehicles the cameraman used for travel and filming.,"[0:01:45,0:01:55], [0:03:27,0:03:34], [0:05:43,0:05:46]","Fishing boat, Rubber boat, Helicopter",
,60,documentary,717,E,Counting,"In the scene at 2:43, how many workers are fishing from the fishing boat?","[0:02:42,0:02:46]",2,
,60,documentary,718,E,Enumeration,"In the diving scene starting at 30 minutes 28 seconds, please list the equipment worn by the diver.","[0:30:28,0:30:35], [0:30:43,0:30:55], [0:31:00,0:31:09]","Wetsuit, Diving mask, Air tank, Regulator, BCD, Fins, Underwater camera housing",
,60,documentary,719,F,Counting,"In the latter half of the video (after 26 minutes), how many times do male elephant seals fight?","[0:26:21,0:26:59]",1,
,60,documentary,720,F,Enumeration,Please list the animals that appeared in the night scenes.,"[0:33:51,0:33:53], [0:36:06,0:36:09]","Elephant Seal, Penguin",
,60,documentary,713,C,Counting,"Between 24 minutes 30 seconds and 26 minutes 50 seconds, how many times did the male elephant seal vocalize?","[0:24:30,0:26:50]",15,
,60,documentary,714,C,Enumeration,Please list all types of creatures mentioned by the narrator.,"[0:00:05,0:00:09], [0:01:59,0:02:11], [0:02:17,0:02:19], [0:05:01,0:05:04], [0:06:43,0:06:44], [0:23:20,0:23:22], 
","Orca, Elephant Seal, Patagonian Toothfish, Dolphin, Fish, Squid, 
Skua, Giant Petrel",
https://www.youtube.com/watch?v=TZ0j6kr4ZJ0,61,documentary,721,A,Counting,How many times are scenes depicted where people are engaged in activities as climate change adaptation measures?,"[0:00:00,0:01:44], [0:07:36,0:09:14], [0:09:49,0:10:39]",3,
,61,documentary,722,A,Enumeration,Please list all specific initiatives presented in the video as climate change adaptation measures.,"[0:00:00,0:01:44], [0:07:33,0:09:25], [0:09:45,0:10:38]","Coral breakwater construction, mangrove afforestation, concrete breakwater construction",
,61,documentary,723,B,Counting,How many stages is the process of making sugar from palm sap depicted in?,"[0:16:38,0:19:42]",5,"collecting sap,boiling, thickening, cooling, forming sugar"
,61,documentary,724,B,Enumeration,Please list the steps for building a coral breakwater at low tide.,"[0:00:00,0:01:44]",Walk far along the low-tide beach→Collect chunks of coral from the seabed→Carry the collected coral to the shore→Stack the coral to build a wall,
,61,documentary,727,D,Counting,"Throughout the entire video, how many houses are visible that are partially or completely submerged in water?","[0:02:31,0:02:41], [0:03:33,0:03:35], [0:05:33,0:05:39], [0:05:49,0:05:52], [0:06:01,0:06:02], [0:06:17,0:06:18], [0:06:45,0:06:47], [0:06:59,0:07:14], [0:12:08,0:12:10]",15,
,61,documentary,728,D,Enumeration,Please list the types of accessories worn by dancers in the traditional dance scene.,"[0:13:38,0:14:27]","Head ornament made of leaves or straw, necklace made of flowers or leaves, shell necklace, bracelet made of straw, shell belt, waist skirt made of straw or leaves",
,61,documentary,729,E,Counting,What is the maximum number of people that can appear on screen at one time in the scene where mangrove seedlings are being planted?,"[0:08:20,0:08:23]",14,"male, female"
,61,documentary,730,E,Enumeration,Please list man-made structures that have been abanAT doned or submerged due to coastal erosion.,"[0:02:33,0:02:35]",House,
,61,documentary,732,F,Enumeration,"List the changes in life mentioned by residents, comparing the past (e.g., 20 years ago) and the present.","[0:05:15,0:05:30], [0:11:04,0:11:14]","The sea was far away → The sea became close and dangerous, The land was lush → People stay in there homelanes → But now people migrate from there for a better future",
,61,documentary,725,C,Counting,How many times do residents answer interviews in English in the video?,"[0:03:20,0:03:30], [0:08:02,0:08:56], [0:09:18,0:09:24], [0:11:05,0:11:40], [0:11:52,0:12:02], [0:14:58,0:16:16], [0:18:02,0:19:36], [0:20:44,0:21:00], [0:21:37,0:22:03], [0:24:10,0:24:18], [0:26:43,0:26:54], [0:27:09,0:27:41], [0:39:26,0:39:45],  [0:41:16,0:42:21]",16,
,61,documentary,726,C,Enumeration,Please list the effects that residents and the narrator mentioned were caused by climate change.,"[0:00:29,0:00:32] [0:02:29,0:02:43], [0:03:25,0:03:33], [0:14:50,0:14:55], [0:35:48,0:35:56]","Sea level rises cause flooding residents house, storm surge, intense tropical storms, land flooding/submergence, salinization/contamination of drinking water, destruction of houses, heavy rainfall",
https://www.youtube.com/watch?v=ihfjEFGdZdc,62,documentary,733,A,Counting,How many times does the Bugatti Chiron appear driving on a wet road surface?,"[0:25:26,0:25:40], [0:29:35,0:29:40], [0:29:56,0:29:59]",3,
,62,documentary,734,A,Enumeration,List all body color combinations of the Bugatti Chiron that appear in the video.,"[0:00:45,0:00:46], [0:01:07,0:01:09], [0:01:19,0:01:25], [0:01:49,0:01:50], [0:03:51,0:03:55], [0:45:20 ,0:45:50], [0:46:02,0:46:04]","Black & Light Blue, Matte Grey, Black & Silver Trim, Black & Orange Stripes, All Black & Orange Interior, Black & Light Blue & Silver, Blue & Light Blue, White & Black & Blue Wheel",
,62,documentary,735,B,Counting,"After the engine is mounted on the chassis, how many major component groups are installed before the exhaust system is attached?","[0:24:25,0:25:10], [0:25:45,0:26:34]",3,"Transmission, Suspension & axles, Engine block"
,62,documentary,736,B,Enumeration,List the assembly steps from when the monocoque is brought into the factory until the front and rear chassis are joined.,"[0:04:50,0:04:53], [0:05:21,0:05:26], [0:06:11,0:06:21], [0:28:56,0:29:02], [0:31:31,0:31:55],  [0:32:26,0:33:03], [0:32:51,0:32:58]",Monocoque brought into factory → Placed on assembly platform → Installation of wire harness (wiring) → Installation of front differential → Fitting a guard → Installing ESC → Assembly of front chassis → Joining of front and rear chassis,
,62,documentary,739,D,Counting,How many times does the Bugatti emblem clearly appear on the vehicle's front grille?,"[0:01:31,0:01:32], [0:01:42,0:01:43], [0:02:16,0:02:17], [0:02:33,0:02:34], [0:03:45,0:03:54], [0:03:08,0:03:11], [0:19:52,0:19:53], [0:20:06,0:20:08], [0:25:29,0:25:31], [0:40:45,0:40:47]",10,
,62,documentary,740,D,Enumeration,List all types of road environments where the Bugatti Chiron is driven.,"[0:00:45,0:00:50], [0:01:24,0:01:27], [0:02:07,0:02:11], [0:21:12,0:21:15]","Public roads in forested areas, High-speed test track (oval course), Urban areas, Country roads along vineyards",
,62,documentary,741,E,Counting,"At the Atelier assembly station, what is the maximum number of people working on one vehicle (chassis) simultaneously?","[0:32:56,0:33:04]",3,
,62,documentary,742,E,Enumeration,List all equipment placed around the vehicle during a pit stop for a test drive.,"[0:21:42,0:21:52]","Tires, Air compressor, Large fan, Tent, Jack stands, impact wrench",
,62,documentary,743,F,Counting,"How many times does the car appear driving on public roads, excluding test tracks and runways, with its rear wing raised?","[0:00:52,0:00:54], [0:01:35,0:01:39], [0:02:03,0:02:04]",3,
,62,documentary,744,F,Enumeration,"After the engine and transmission are installed, list the main external components attached to the rear of the vehicle in chronological order.","[0:27:07,0:27:12], [0:27:29,0:27:38], [0:42:38,0:42:43]","Exhaust system → Installing giagantic exhaust to chassis → Rear body panel (including taillights, spoiler mount) → Hydraulic rear wing → Engine cover",
,62,documentary,737,C,Counting,"Throughout the video, how many times does test driver Andy Wallace speak in an interview?","[0:01:44,0:01:47], [0:21:15,0:21:21], [0:22:39,0:23:00]",3,
,62,documentary,738,C,Enumeration,List all languages spoken in the interviews in the video.,"[0:01:44,0:01:47]",English,
https://www.youtube.com/watch?v=vaL_vSdZKZo,63,documentary,745,A,Counting,How many times did a helicopter appear in the entire video?,"[0:19:41,0:19:55], [0:26:14,0:26:16], [0:36:48,0:36:52], [0:44:39,0:45:07], [0:45:54,0:45:59]",5,
,63,documentary,746,A,Enumeration,List all types of ships that appeared in the video.,"[0:00:19,0:00:21], [0:00:50,0:00:53], [0:04:08,0:04:09], [0:09:19,0:09:28], [0:33:32,0:33:35], [0:49:46,0:49:49]","Tanker, Container ship, Frigate, Warship, Small boat, Fishing boat, Workboat, Yacht",
,63,documentary,747,B,Counting,"How many times did the crew of the tanker ""Bow Cecil"" secure wires to install barbed wire when preparing for pirate countermeasures?","[0:11:15,0:11:17], [0:11:25,0:11:30], [0:11:42,0:11:44], [0:12:14,0:12:15]",4,
,63,documentary,748,B,Enumeration,List the sequence of procedures from when the Norwegian frigate discovered a suspicious pirate boat until its release.,"[0:06:36,0:07:50], [0:21:55,0:23:35],","Discovered suspicious small boat (skiff) and mothership → Issued ship alarm (Quick Draw) → Armed soldiers took positions → Launched rigid-hulled inflatable boat (RHIB) → Approached pirate boat → Discovered and seized weapons (RPG, AK47) and equipment (grappling hook, ladder) → Provided food and water to pirates without detaining them→Assisted with GPS operation→Released the pirates",
,63,documentary,751,D,Counting,"How many times is the Norwegian flag, hoisted on the mast of the Norwegian warship ""Fridtjof Nansen,"" clearly visible?","[0:00:15,0:00:17], [0:00:37,0:00:39], [0:05:47,0:05:49]",3,
,63,documentary,752,D,Enumeration,List all types of weapons possessed by pirates or seized by the navy.,"[0:21:55,0:22:23]","Rocket-propelled grenade (RPG), Assault rifle (AK47), Grappling hook, Ladder",
,63,documentary,753,E,Counting,What was the maximum number of people simultaneously on the pirate's small boat (skiff)?,"[0:21:43,0:21:50]",7,people
,63,documentary,754,E,Enumeration,"List all anti-piracy equipment that the crew of the tanker ""Bow Cecil"" took out from the blue container on deck.","[0:01:52,0:02:12]","Bulletproof vests, Steel plates, Helmets",
,63,documentary,755,F,Counting,"After the ""Pirate Hunting"" title card is displayed, how many times does a military helicopter appear in the video?","[0:19:41,0:19:55], [0:26:14,0:26:16], [0:36:48,0:36:52], [0:44:39,0:45:07], [0:45:54,0:45:59]",5,
,63,documentary,756,F,Enumeration,"List all anti-piracy measures implemented on the tanker ""Bow Cecil"" after passing through the Suez Canal.","[0:11:15,0:11:52]","Installation of barbed wire, Installation of water hoses spraying hot water, Deployment of floating ropes",
,63,documentary,749,C,Counting,How many gunshots were heard throughout the video?,"[0:06:20,0:06:26], [0:47:35,0:47:36], [0:48:29,0:48:30], [0:48:54,0:48:55], [0:50:17,0:50:18]",5,
,63,documentary,750,C,Enumeration,List all countries mentioned in the video's narration or interviews.,"[0:01:09,0:02:24], [0:05:30,0:05:33], [0:04:30,0:04:31], [0:26:22,0:26:26],","Singapre, Somalia, Egypt, Saudi Arabia, Oman, Yemen, Eritrea, Sudan, Ethiopia, India, Turkey, Norway, America, Kenya",
https://www.youtube.com/watch?v=-WnyRMZqV1U,64,live,757,A,Counting,"In this video, what is the total number of category awards where Oscar winners were announced?","[0:03:06,0:03:12],
[0:06:20,0:06:26],
[0:08:20,0:08:26],
[0:12:19,0:12:32], 
[0:16:43,0:16:49],
[0:19:26,0:19:32], 
[0:23:21,0:23:31], 
[0:26:55,0:27:00], 
[0:29:25,0:29:31],
[0:32:15,0:32:21], 
[0:36:34,0:36:39], 
[0:40:10,0:40:18], 
[0:42:22,0:42:29], 
[0:45:50,0:45:55], 
[0:49:30,0:49:35],
[0:52:30,0:52:36],
[0:58:15,0:58:20],
[1:00:59,1:01:06],
[1:03:14,1;03:18],
[1:05:44,1:05:52],
[1:08:56,1:08:59],
[1:15:52,1:15:59],
[1:20:25,1:20:29],
[1:28:34,1:28:43]",24,
,64,live,758,A,Enumeration,Please list all the announced animation-related award-winning works.,"[0:06:19,0:06:23], [0:08:20,0:08:24]","Toy Story 4, Hair Love",
,64,live,759,B,Counting,How many people's headshots were displayed on the screen before the Best Supporting Actor Award nominees were announced?,"[0:00:51,0:00:54]",5,
,64,live,760,B,Enumeration,"Please list the sequence of events leading up to Brad Pitt receiving the Best Supporting Actor award, based on events on stage.","[0:02:34,0:03:00], [0:03:05,0:03:22], [0:03:28,0:03:35]",Presenter announces candidates → Presenter opens envelope and announces winner → Brad Pitt takes the stage → Receives Oscar statue from presenter → Begins acceptance speech,
,64,live,763,D,Counting,How many times does a man wearing a black tuxedo and a bow tie appear on stage as a presenter?,"[0:10:02,0:10:04], [0:18:13,0:18:19], [0:27:57,0:28:00], [0:34:17,0:34:20], [0:38:42,0:38:45], [0:43:51,0:43:54], [0:54:28,0:54:32], [0:55:20,0:55:23]",9,
,64,live,764,D,Enumeration,Please list the dress colors of the actresses nominated for the Best Supporting Actress Award.,"[0:36:12,0:36:44]","Black, Black, Silver, Green, Black",
,64,live,765,E,Counting,What was the maximum number of people on stage at one time at the award ceremony?,"[0:29:57,0:30:00]",8,
,64,live,766,E,Enumeration,"Please list the types of graphics displayed as the stage background, other than a movie scene.","[0:00:01,0:00:03], [0:00:32,0:00:34], [0:02:27,0:02:29], [0:05:28,0:05:30], [0:10:02,0:10:04], [0:12:12,0:12:14], [0:28:38,0:28:40], [0:45:19,0:45:21]
","Golden spiral object, shimmering curtain, award category title logo, abstract swirl pattern, starry sky, moving lines of light, wavy fabric-like texture, golden particle effect",
,64,live,767,F,Counting,How many times was the applauding audience shown after the announcement of the Best Supporting Actor award and before the introduction of the nominees for the Best Animated Feature Film award began?,"[0:03:11,0:03:22], [0:03:28,0:03:34], [0:03:50,0:04:01], [0:04:17,0:04:23], [0:04:42,0:04:47]
[0:05:07,0:05:19]
",6,
,64,live,768,F,Enumeration,"After the announcement of the Best Supporting Actor Award, please list the next two award categories that were announced.","[0:05:46,0:05:50], [0:07:48,0:07:51]",Animation Feature Film Award→Animation Short Film Award,
,64,live,761,C,Counting,"How many times has the presenter said the phrase ""And the Oscar goes to"" or a similar phrase?","[0:03:06,0:03:08],
[0:06:20,0:06:21],
[0:08:20,0:08:22],
[0:12:19,0:12:22], 
[0:16:43,0:16:45],
[0:19:26,0:19:30], 
[0:23:21,0:23:24], 
[0:26:55,0:26:57], 
[0:29:25,0:29:27],
[0:32:15,0:32:17], 
[0:36:34,0:36:36], 
[0:40:10,0:40:12], 
[0:42:22,0:42:24], 
[0:45:50,0:45:52], 
[0:49:30,0:49:32],
[0:52:30,0:52:32],
[0:58:15,0:58:17],
[1:00:59,1:01:00],
[1:03:14,1;03:16],
[1:05:44,1:05:46],
[1:15:52,1:15:54],
[1:20:25,1:20:26],
[1:28:34,1:28:36]",23,
,64,live,762,C,Enumeration,Please list the categories of people Brad Pitt thanked in his acceptance speech.,"[0:03:37,0:05:13]","Academy, Director, Co-stars, Cast and crew, Stunt team, Parents, People I've met so far, Children",
https://www.youtube.com/watch?v=7HjNIPIgUg4,65,live,769,A,Counting,How many types of award categories were announced at the awards ceremony?,"[0:38:24,0:38:35], [0:40:29,0:40:30], [0:45:43,0:45:44], [0:49:54,0:49:55], [0:52:33,0:52:34], [0:55:43,0:55:44], [0:59:06,0:59:07], [1:03:39,1:03:40], [1:06:35,1:06:36], [1:10:06,1:10:47], [1:13:02,1:13:03], [1:20:19,1:21:55], [1:24:54,1:24:55], [1:29:37,1:29:38], [1:32:37,1:32:38], [1:33:02,1:33:03], [1:38:32,1:38:33]",17,"Power horse emerging player, Best womens player, Best middle east club, Best agent, Best sporting director, Best goalkeeper, Best midfielder, Best women`s club, Best winning coach, Best men`s club, Best middle east player, Best coach of the year, Player career award, Best president, Fan`s favorite player of the year"
,65,live,770,A,Enumeration,Please list all the soccer players who participated in the panel discussion.,"[0:03:11,0:04:37]","Ruben Dias, Kyle Walker, Cristiano Ronaldo",
,65,live,771,B,Counting,How many times did Cristiano Ronaldo answer direct questions from the host?,"[0:04:59,0:06:05], [0:08:00,0:09:11],  [0:10:16,0:11:38], [0:11:45,0:14:07], [0:18:46,0:20:30], [0:26:14,0:27:18]",6,
,65,live,772,B,Enumeration,"In a promotional video delivering a trophy, please list the steps until a skydiver delivers the trophy to the venue.","[0:30:23,0:32:40]",Receive trophy in the desert → Move to the runway by buggy → Board the airplane → Skydiving → Land on the pier → Travel by boat → Dive into the aquarium → Retrieve the trophy underwater → Change into a suit → Deliver the trophy to the venue,
,65,live,775,D,Counting,How many close-up shots of Cristiano Ronaldo's face were there when he was speaking?,"[0:05:17,0:05:18], [0:08:20,0:08:21], [0:10:39,0:10:40], [0:11:47,0:12:20], [0:12:34,0:12:35], [0:13:19,0:13:20], [0:18:57,0:19:03], [0:19:14,0:19:15], [0:19:50,0:19:51], [0:26:19,0:26:20], [0:26:56,0:26:57]",12,
,65,live,777,E,Counting,What is the maximum number of water bottles visible on the table on the stage during the panel discussion?,"[0:04:48,0:04:50]",4,
,65,live,778,E,Enumeration,Please list all the individuals displayed on the screen as nominees for the Best Sports Director Award.,"[0:52:30,0:52:44]","Txiki Begiristain, Cristiano Giuntoli, Thiago Scuro",
,65,live,779,F,Counting,How many trophies were physically handed over to the recipients on the stage after the panel discussion?,"[0:46:42,0:46:43], [0:50:37,0:50:38], [0:53:11,0:53:12], [0:57:16,0:57:17], [1:04:31,1:04:32]",5,
,65,live,780,F,Enumeration,Please list all award recipients who personally received the award on stage after the panel discussion.,"[0:46:30,0:46:46], [0:50:20,0:50:40], [0:52:56,0:53:13], [0:56:59,0:57:20]","Mahmoud El Khatib, Jorge Mendes, Cristiano Giuntoli, Ederson",
,65,live,773,C,Counting,How many times was the name 'Pep' or 'Guardiola' mentioned throughout the entire video?,"[0:07:53,0:07:54], [0:17:00,0:17:07], [0:17:53,0:18:00]",3,
,65,live,774,C,Enumeration,Please list all football leagues or competitions that Cristiano Ronaldo mentioned.,"[0:05:35,0:05:37], [0:11:58,0:12:06]","Champions League, Saudi League, French League",
https://www.youtube.com/watch?v=8NHmfpkxTSw,66,live,781,A,Counting,How many times was the orchestra performance held?,"[0:06:29,0:07:12], [0:31:57,0:35:10], [0:43:16,0:47:25], [0:53:42,0:57:15], [1:05:08,1:08:58], [1:18:50,1:21:54]",6,
,66,live,782,A,Enumeration,Please list all portraits and statues of Alfred Nobel that appeared in the video.,"[0:00:33,0:00:42], [0:02:13,0:02:20]","Gold relief portrait in the middle of of the podium, Bust in front of the green wall behind the podium",
,66,live,783,B,Counting,How many times did the first recipient of the Physics Prize bow when receiving the award from the King?,"[0:30:12,0:30:21]",3,
,66,live,784,B,Enumeration,Please list the sequence of steps taken by the first recipient of the Physics Prize when receiving the award.,"[0:30:01,0:30:42]",Stand up and walk to the center → Receive the award from the King and shake hands → Bow to the King → Bow to the other laureates → Bow to the audience → Return to one's seat,
,66,live,787,D,Counting,How many spherical pink flower objects are placed in front of the orchestra seats as stage decorations?,"[0:01:02,0:01:18]",4,
,66,live,788,D,Enumeration,"Please list the colors of the dresses worn by the female royals on stage where the King, Queen, Crown Prince, and Crown Princess were seated.","[0:06:12,0:06:22]","Purple, Pink",
,66,live,789,E,Counting,What is the total number of gold and blue chairs prepared for the Swedish Royal Family?,"[0:00:29,0:00:33], [1:01:53,1:02:03]",4,
,66,live,790,E,Enumeration,Visually identify and list the main types of plants decorating the green wall behind Nobel's bust.,"[0:02:19,0:02:34]","Fern, Monstera, Ivy",
,66,live,792,F,Enumeration,Please list all award fields whose 2020 laureates were introduced and applauded.,"[0:16:50,0:17:57]","Physics, Chemistry, Physiology or Medicine, Economic Sciences",
,66,live,785,C,Counting,How many years were mentioned as Nobel Prize award years in the opening narration?,"[0:00:14,0:00:16], [0:00:38,0:00:41], [0:03:09,0:03:13]",4,"2020, 2021,2022, 2001"
,66,live,786,C,Enumeration,Please list all types of plants related to the floral decorations mentioned in the first 3 minutes of narration.,"[0:02:19,0:02:57]","Fern, Monstera, Ivy, Cushion Moss, Scandinavian Reindeer Lichen, Carnation, Gloriosa, Amaranthus, Anthurium",
https://www.youtube.com/watch?v=YlQugR7KSKg,67,live,793,A,Counting,How many times does the audience applaud after an orchestra performance?,"[0:05:24,0:05:27], [0:18:34,0:18:39], [0:30:49,0:31:05], [0:43:07,0:43:11], [0:48:15,0:48:18], [0:54:41,0:54:44]",6,
,67,live,794,A,Enumeration,Please list all the scientific fields of the Nobel Prize awarded at this awards ceremony.,"[0:24:18,0:24:26], [0:31:15,0:31:30], [0:43:24,0:43:33], [0:59:50,1:00:12]","Physics, Chemistry, Physiology or Medicine, Economics",
,67,live,795,B,Counting,How many times does each recipient of the Physics Prize bow after receiving the award from the King?,"[0:25:21,0:25:31], [0:25:57,0:26:07], [0:26:28,0:26:36]",3,"Michael African, Simon Schama, Donna Theo Strickland"
,67,live,796,B,Enumeration,Please enumerate the series of steps until the recipient receives the award from the King.,"[0:49:18,0:49:58]",The recipient stands up → Proceeds to the center of the stage → Receives the award → Shakes Hands → Bows head to the King,
,67,live,799,D,Counting,How many times will the scene of the woman in a red dress applauding in the award winner's family section be shown?,"[0:25:28,0:25:30], [0:35:55,0:35:57], [0:25:28,0:25:30]",3,
,67,live,800,D,Enumeration,Please list all the colors of the dresses worn by the women of the Swedish Royal Family.,"[0:01:14,0:01:16]","Green, Pink with Orange, Pink with Gray",
,67,live,801,E,Counting,How many red chairs are there on the stage for the award winners to sit in?,"[0:04:43,0:04:45]",9,
,67,live,802,E,Enumeration,"Please list the main elements that constitute the stage background, other than the bust placed next to the podium.","[0:01:18,0:01:20]","yellow floral wall, pillars with yellow flowers on top, rows of yellow-green floral decorations along the upper backdrop, orchestra above, Swedish flag",
,67,live,803,F,Counting,How many times did the orchestra perform between the start of the Physics Prize awarding and the start of the Chemistry Prize awarding?,"[0:27:27,0:27:40],",1,
,67,live,804,F,Enumeration,"After the King and Queen were seated, and before the first award recipient ascended the stage, please list the characteristics of the attire of the person who gave a speech on stage.","[0:05:29,0:05:35]","black tailcoat, white vest, white bow tie, glasses, gold medal on a blue ribbon and another gold medal on a red ribbon",
,67,live,797,C,Counting,How many musicians did the narrator mention?,"[0:01:28,0:01:29], [0:13:44,0:13:45], [0:26:57,0:27:00], [0:37:12,0:37:13], [0:51:01,0:51:02]",5,"Wolfgang Amadeus Mozart, Claude Debussy, Charles Griffes, Alice Mary Smith, Richard Wagner"
,67,live,798,C,Enumeration,Please list all the musicians the narrator mentioned.,"[0:01:28,0:01:29], [0:13:44,0:13:45], [0:26:57,0:27:00], [0:37:12,0:37:13], [0:51:01,0:51:02]","Wolfgang Amadeus Mozart, Claude Debussy, Charles Griffes, Alice Mary Smith, Richard Wagner",
,68,live,806,A,Enumeration,Please list all types of string instruments shown in close-up in the video.,"[0:00:33,0:00:34], [0:18:20,0:18:25], [0:55:45,0:55:52]","Violin, Viola, Cello, Harp",
,68,live,807,B,Counting,How many times did the King bow when the first recipient of the Physics Prize was awarded by the King?,"[0:20:37,0:20:54]",3,
,68,live,808,B,Enumeration,Please list the sequence of steps until the recipient receives the award from the King.,"[0:19:35,0:20:54]",Recipient is announced and stands up → Moves to the center of the stage → Receives the certificate and medal from the King → Shakes hands with the King → Bows to the King → Bows to the Royal side → Bows to the audience → Returns to their seat,
,68,live,811,D,Counting,How many times was the woman in the purple dress sitting in the front row of the royal seats shown on camera?,"[0:00:14,0:00:32], [0:01:01,0:01:34], [0:01:54,0:02:07], [0:02:28,0:02:41], [0:03:02,0:03:32], [0:03:31,0:03:44], [0:04:33,0:04:37], [0:04:42,0:04:57],  [0:05:21,0:05:23], [0:05:53,0:06:01], [0:06:30,0:06:35], [0:07:15,0:07:28], [0:08:15,0:08:21], [0:08:54 ,0:09:05], [0:09:29,0:09:39], [0:09:57,0:10:11]",16,
,68,live,812,D,Enumeration,Please list the types of visually distinguishable flower and plant decorations displayed on the stage.,"[0:02:23,0:03:24]","Garland, Spherical bouquets, Lectern flower arrangement, Stage border flowers",
,68,live,813,E,Counting,What was the maximum number of people simultaneously in the blue circular area in the center of the stage during the award ceremony?," [0:04:33,0:44:39]",6,
,68,live,814,E,Enumeration,Please list all items on the lectern where speeches are given.,"[0:04:52,0:10:26]","Two microphones, Decorative floral arrangement, A folder or booklet",
,68,live,815,F,Counting,How many times was the scene of the orchestra performing shown when the recipients were seated in the red chairs?,"[0:03:44,0:03:48], [0:04:37,0:04:42], [0:10:59,0:11:56], [0:12:41,0:12:58], [0:30:23,0:30:38], [0:57:22,0:58:08]",6,
,68,live,816,F,Enumeration,Please list all award categories presented after the first solo performance by the female soprano singer.,"[0:42:05,0:42:35], [0:55:50,0:56:00], [1:09:42,1:10:48]","Physiology or Medicine Prize, Literature Prize, Economic Sciences Prize",
,68,live,810,C,Enumeration,Please list all languages spoken in the ceremony's speeches.,"[0:04:50,0:05:00], [0:50:05,0:50:11]","English, Swedish",
https://www.youtube.com/watch?v=f8DKD78BrQA,69,live,817,A,Counting,"Throughout the entire video, how many types of robots with different forms (humanoid, quadrupedal, arm-type, wheeled) appear?","[0:01:25,0:01:38], [0:13:37,0:13:40]",4,
,69,live,818,A,Enumeration,"Please list the scientific, technological, and industrial fields where AI is utilized in video.","[0:00:16,0:02:56], ","Space Science, Meteorology, Assistive Technology for the Visually Impaired, Medical Technology (Brainwave Voice Generation, Drug Discovery, Telemedicine, Surgical Assistance), Energy (Gravity Energy Storage, Nuclear Fusion), Robotics (Rehabilitation, Industrial Inspection, Manufacturing, Logistics), Autonomous Driving, Language Processing, Music Production, Digital Twin (Shipbuilding, Climate Change), 3D Content Creation",
,69,live,819,B,Counting,"How many exchanges were made between humans and AI in the dialogue with the autonomous vehicle, starting from 2:22?","[0:02:22,0:02:30]",2,
,69,live,820,B,Enumeration,"Please list in order the process of the technology that generates speech from brainwaves, starting from 0:48.","[0:00:48,0:00:58]",Brain wave detection → Decoding phonemes from brain waves → Speech generation by avatar,
,69,live,823,D,Counting,How many times do scenes featuring London's red double-decker buses appear in the video?,"[0:02:14,0:02:30]",1,
,69,live,824,D,Enumeration,Please list the types of vehicles that appear in the autonomous driving simulation video starting from 2:14.,"[0:02:13,0:02:30]","Cars, Vans, Bus, Bicycles",
,69,live,825,E,Counting,How many green robots carrying blue shelves are first shown in the Amazon Robotics scene starting from 13:38?,"[0:13:37,0:13:40]",7,
,69,live,826,E,Enumeration,Please list all car manufacturers from the list of company logos displayed at 5:03.,"[0:05:02,0:05:54]","BMW Group,Ford,JLR (Jaguar Land Rover),Mercedes-Benz,Stellantis and Kawasaki.",
,69,live,827,F,Counting,How many events are listed between 2016 and 2022 in the timeline of computing history displayed at 6:54?,"[0:06:54,0:07:28]",3,
,69,live,828,F,Enumeration,Please list all the technical elements enumerated under the item 'GENERATIVE AI' in the timeline displayed at 6:54.,"[0:06:54,0:07:29]","FINE TUNING, GUARDRAILING, ALIGNMENT, PROMPT ENGINEERING, RAG, VECTOR DB, MULTI-MODAL, COT & TOT, AGENTS",
,69,live,821,C,Counting,"In the video narration, how many types of roles did the AI identify itself as using the 'I am a...' format?","[0:00:09,0:00:13], [0:00:37,0:00:39], [0:00:59,0:01:01], [0:01:23,0:01:25], [0:01:45,0:01:47], [0:02:08,0:02:09]",6,
,69,live,822,C,Enumeration,"Please list the academic and technical fields introduced as being discussed at GTC, at the beginning of Jensen Huang's speech starting from 3:40.","[0:03:40,0:04:50]","science, algorithms, computer architecture, mathematics, climate tech, radio sciences, robotics, self-driving cars, artificial intelligence",
https://www.youtube.com/watch?v=FaV0tIaWWEg,70,live,829,A,Counting,"How many times are instances where AI generates something (e.g., code, images, text) displayed?","[0:00:18,0:00:27], [0:00:37,0:00:42], [0:01:42,0:01:43], [0:05:32,0:05:38], [0:09:20,0:09:22], [0:09:39,0:09:47], [0:09:55,0:09:56], [0:10:03,0:10:06], [0:12:22,0:12:37], [0:13:08,0:13:28], [0:13:53,0:13:54], [0:14:02,0:14:05], [0:14:52,0:14:55], [0:15:03,0:15:07], [0:15:12,0:15:15], [0:15:42,0:15:53], [0:16:40,0:16:43], [0:17:07,0:17:08], [0:17:14,0:17:16], [0:17:21,0:17:23], [0:21:08,0:21:11], [0:24:17,0:24:22]",26,
,70,live,830,A,Enumeration,"In the opening montage video (0:00-1:49), please list all industries and activity sectors where AI is utilized.","[0:00:23,0:01:49]","Software Development, Scientific Research (Astronomy), Arts (Image/Music Generation), Healthcare, Motorsports, Sports (Basketball), Agriculture, Education, Robotics",
,70,live,831,B,Counting,"At the beginning, in how many steps is the process of creating a video script using Bing Chat depicted?","[0:00:20,0:00:22]",1,Write a prompt for the AI to generate a script.
,70,live,832,B,Enumeration,"Please list in chronological order the historical timeline of ""The Pursuit of the Dream Machine"" presented by Satya Nadella.","[0:03:17,0:03:47]",1945: 'As We May Think' by Vannevar Bush→1960: 'Man-Computer Symbiosis' by J.C.R. Licklider→1968: 'The Mother of All Demos' by Douglas Engelbart→1972: Xerox Alto→1976: PC/Server→1990: World Wide Web→2007: iPhone/Cloud→2022: ChatGPT,
,70,live,835,D,Counting,How many times was Copilot's logo (a design like a swirling hexagon) displayed on the screen?,"[0:09:12,0:09:13], [0:09:35,0:09:36], [0:10:15,0:10:20], [0:14:16,0:14:22], [0:14:28,0:14:29], [0:14:43,0:14:44], [0:15:34,0:15:43], [0:16:08,0:16:15], [0:16:32,0:16:40], [0:24:12,0:24:13]",11,
,70,live,836,D,Enumeration,"Please list 7 logos of companies/products that were introduced as Copilot's plugin development partners, from those displayed on the screen.","[0:17:39,0:18:07]","Adobe, Atlassian, ServiceNow, Spotify, Instacart, Klarna, KAYAK",
,70,live,837,E,Counting,"How many screens in total, including the main screen, were installed on the stage for Satya Nadella's keynote speech?","[0:01:50,0:01:56], [0:03:19,0:03:23]",5,
,70,live,838,E,Enumeration,Please list the main features shown in the overview diagram of 'Azure AI Studio'.,"[0:18:15,0:18:28]","Build and train your own models, Ground Azure OpenAI Service and OSS models using your data, Built-in vector indexing, Retrieval augmented generation made easy, Create prompt workflows, AI safety built-in",
,70,live,839,F,Counting,"On the timeline of 'Pursuit of Dream Machine', how many technological revolutions that occurred before the year 2000 are displayed?","[0:03:17,0:03:47]",2,
,70,live,840,F,Enumeration,"Please list the major new services and features announced by Satya Nadella after he explained the ""Copilot Stack"" (after 10:40).","[0:11:10,0:11:13], [0:18:15,0:18:17], [0:19:06,0:19:08], [0:22:15,0:22:19]","Copilot extensibility and plugins, Azure AI Studio, Azure AI Safety, Microsoft Fabric",
,70,live,833,C,Counting,How many times is the word 'Copilot' spoken throughout the entire video?,"[0:05:29,0:05:32] .[0:06:51,0:07:03] ,[0:07:11,0:07:15] ,[0:08:38,0:08:38] ,[0:10:41,0:10:44] ,[0:10:50,0:11:03] ,[0:11:15,0:11:20] ,[0:11:41,0:11:41] ,[0:11:55,0:11:55] ,[0:14:28,0:14:28] ,[0:14:43,0:14:43] ,[0:15:21,0:15:21] ,[0:15:35,0:15:39] ,[0:15:57,0:15:57] ,[0:16:10,0:16:10] ,[0:16:26,0:16:26] ,[0:16:32,0:16:32] ,[0:17:34,0:17:34] ,[0:18:11,0:18:11] ,[0:18:26,0:18:26] ,[0:24:13,0:24:13],[0:11:41,0:11:41]",33,
,70,live,834,C,Enumeration,"Please list the names of new products and new features announced by Satya Nadella at the keynote speech, in order of announcement.","[0:07:46,0:07:52], [0:08:37,0:08:41], [0:11:10,0:11:13], [0:18:15,0:18:17], [0:19:06,0:19:08], [0:22:15,0:22:19]",Bing to ChatGPT→Windows Copilot→Copilot extensibility and plugins→Azure AI Studio→Azure AI Safety→Microsoft Fabric,
https://www.youtube.com/watch?v=rk24OUu_kJQ,71,live,841,A,Counting,How many times did the pyrotechnic effect of fire pillars rising on stage occur?,"[0:06:07,0:06:15], [0:48:13,0:48:15], [0:48:51,0:48:56], [0:49:30,0:49:39], [0:49:45,0:49:50], [0:50:02,0:50:06]",8,
,71,live,842,A,Enumeration,Please list all the vehicles used in Britney's aerial movement performance.,"[0:47:34,0:51:22], [1:23:50,1:25:53]","Aerial stage, Flying rig",
,71,live,844,B,Enumeration,"Please list the steps of the magic trick from 21:54, from Britney disappearing from a box to reappearing from another location.","[0:20:33,0:25:10]",The box top part opens up and Britney appears and started singing → The box front opened up and she came out while still singing on to the stage → comes back on the opened box while still singing → The box closes up and she disappeard,
,71,live,847,D,Counting,How many times does Britney appear wearing a hat?,"[0:30:26,0:30:33], [1:06:54,1:07:00], [1:21:16,1:23:53]",3,
,71,live,848,D,Enumeration,Please list all the colors of the pants worn by the male backup dancers when they performed shirtless.,"[0:44:10,0:44:17], [0:58:42,0:58:58], [1:12:27,1:12:30], [1:24:50,1:25:01]","blue, Brown, Red, Plaid (red and black), Purple, Black , camouflage",
,71,live,849,E,Counting,"Throughout the entire concert, what was the maximum number of performers (including Britney) simultaneously on stage?","[0:29:40,0:30:00]",9,
,71,live,851,F,Counting,"In the latter half of the concert (after 45 minutes), how many times did Britney appear from the circular lift in the center of the stage?","[1:03:00,1:03:05], [1:21:15,1:27:00]",2,
,71,live,852,F,Enumeration,"In the first half of the concert (before 45 minutes), please list all the songs that featured choreography where Britney was lifted or carried by male dancers.","[0:08:27,0:08:29]",Oops!... I Did It Again,
,71,live,845,C,Counting,"How many times did Britney say ""Thank you"" to the audience?","[0:12:24,0:12:26], [0:35:20,0:35:21], [0:37:47,0:37:49], [1:16:39,1:16:40], [1:17:40,1:17:41]",5,
,71,live,846,C,Enumeration,Please list the adjectives fans used to describe Britney during the intermission from 3:37.,"[0:03:37,0:03:55]","huge, enormous",
https://www.youtube.com/watch?v=16Z-XQh9jhk,72,live,853,A,Counting,How many times was a giant robot image displayed on the screen on stage?,"[0:00:23,0:00:25], [0:00:30,0:00:33], [0:00:45,0:00:50], [0:01:00,0:01:02], [0:01:24,0:01:26]",5,
,72,live,854,A,Enumeration,Please list all the giant balloon-like sets that appeared on stage.,"[0:01:37,0:01:42], [0:29:08,0:29:13], [0:32:28,0:32:33],  [0:36:30,0:36:37]","Robot head, Rainbow arch, Hand pointing upward",
,72,live,855,B,Counting,How many times did the drummer hit the cymbal before the guitarist's solo performance began?,"[0:00:41,0:00:43]",3,
,72,live,856,B,Enumeration,Please list the sequence of performances leading up to the guitarist's solo performance.,"[0:00:00,0:00:01], [0:00:01,0:00:18], [0:00:18,0:00:32], [0:00:32,0:00:48]","""PRESS START"" displayed on screen → Stage lighting and robot image display → Drummer's solo performance → Bassist's appearance",
,72,live,859,D,Counting,How many outfits did Katy Perry wear throughout the video?,"[0:01:44,0:01:49], ",1,
,72,live,860,D,Enumeration,Please list all types of costumes worn by the backup dancers.,"[0:03:38,0:03:43], [0:06:17,0:06:22], [0:19:58,0:20:03], [0:31:40,0:31:45], [0:36:31,0:36:36]","Red leotard and TV head costume, red leotard and swimmers cap, Colorful leotard and light bulb head costume, Food-themed costume, Red latex full-body suit,  pink leotard and eye/lip headpiece costume",
,72,live,861,E,Counting,What was the maximum number of performers on stage at the same time?,"[0:21:10,0:21:15]",13,
,72,live,862,E,Enumeration,Please list the instruments used by the band members on stage that have a black and white pattern design.,"[0:00:18,0:00:23], [0:00:36,0:00:41], [0:09:43,0:09:48]","Drum, Guitar, Keyboard",
,72,live,864,F,Enumeration,"Please list the themes of the images displayed on the central main screen during the performance of the first song (Chained to the Rhythm), in order of appearance.","[0:01:37,0:03:14],  [0:03:30,0:04:07], [0:04:32,0:05:27]","black screen → space rocket flying → Red abstract pattern → walking people in line → Sunset and palm trees → moon → blinking eyes → ""ALT"" text → space rocket → Colorful abstract pattern",
,72,live,857,C,Counting,"How many times did Katy Perry say ""Mumbai""?","[0:02:45,0:02:46], [0:04:42,0:04:43], [0:04:55,0:04:56], [0:16:52,0:16:53], [0:19:23,0:19:24], [0:24:26,0:24:27], [0:30:25,0:30:26], [0:33:17,0:33:18], [0:44:38,0:44:39], [0:53:04,0:53:05], [0:55:12,0:55:14], [0:55:58,0:53:59], [1:07:39,1:07:40], [1:20:40,1:20:41]",14,
,72,live,858,C,Enumeration,Please list the themes of Katy Perry's address to the audience.,"[0:04:42,0:04:57], [0:24:51,0:26:29], [0:45:21,0:45:53]","Greetings and expressions of joy, Visit to India and gratitude to fans, Asking how long the fans travel to see the concert",
https://www.youtube.com/watch?v=QB7FoIpx8os,73,live,865,A,Counting,"In the entire presentation, what is the total number of times the speaker appeared on stage?","[0:01:55,0:03:03]",1,
,73,live,866,A,Enumeration,"In the animation at the beginning of the presentation (0:46-1:51), list all the futuristic vehicles that appeared in the city transformed by AI chips.","[0:01:19,0:01:50]","Futuristic car, Monorail, Airplane, Spaceship",
,73,live,867,B,Counting,"In the diagram explaining the mechanism of RAG (Retrieval Augmented Generation), how many main components are shown?",,3,"Enterprise Data, RAG, AI Models"
,73,live,868,B,Enumeration,List the processing flow shown in the diagram explaining the mechanism of RAG (Retrieval Augmented Generation).,"[0:15:55,0:17:53]",Enterprise Data→RAG→AI Models,
,73,live,871,D,Counting,"In the opening video of Intel Vision (0:00-0:46), how many times was the ""intel vision"" logo displayed?","[0:00:00,0:00:05], [0:00:36,0:00:46]",2,
,73,live,872,D,Enumeration,List all the partner company and organization logos displayed on the introduction slide for the open platform for enterprise AI.,"[0:22:11,0:22:21]","anyscale, Articul8, DATASTAX, Deloitte., DOMINO, Hugging Face, KX, MariaDB Foundation, MINIO, qdrant, Red Hat, redis, SAP, VMware by Broadcom, Yellowbrick, zilliz",
,73,live,873,E,Counting,"In the bar graph showing the generation-by-generation performance comparison of Intel Xeon processors, what is the total number of bars displayed?","[0:41:21,0:41:34]",4,
,73,live,874,E,Enumeration,"In the animation at the beginning of the presentation, list the scenes from the healthcare and medical fields that have evolved due to AI chips.","[0:01:23,0:01:27]","Scientist examining test tubes, Child's eye scan, Girl drawing DNA structure on a digital screen",
,73,live,875,F,Counting,"In the Intel Xeon 6 processor introduction part (30:55-34:28), what was the total number of silicon wafers Pat Gelsinger held in his hand?","[0:31:30,0:32:05], [0:34:02,0:34:23]",2,
,73,live,876,F,Enumeration,"Towards the end of the keynote speech, in the live broadcast from the Ocotillo factory, list all the actions recommended by the AI assistant.","[0:56:52,0:57:01]","The AI assistant recommended summarizing the steps from different work orders that addressed the root cause issue, identifying the unique tasks performed in those work orders, and generating software agent actions.",
,73,live,869,C,Counting,What was the total number of times the audience applauded during the presentation?,"[0:01:55,0:01:58], [0:02:10,0:02:12], [0:02:47,0:02:52], [0:03:46,0:03:52], [0:10:14,0:10:21], [0:17:41,0:17:44], [0:22:11,0:22:15], [0:25:34,0:25:41], [0:29:38,0:29:41], [0:31:37,0:31:40], [0:40:24,0:40:28], [0:47:02,0:47:05], [0:48:19,0:48:26], [0:53:03,0:53:06]",14,
,73,live,870,C,Enumeration,"List the ""Three Laws of the Edge"" mentioned by Pat Gelsinger.","[0:13:29,0:15:53]","Economics, Physics, Land",
https://www.youtube.com/watch?v=nA4Q-7HI36E,74,selfmedia,877,A,Counting,How many times does the scene of the woman preparing strawberries appear?,"[0:00:01,0:00:10],
[0:01:42,0:01:50],
[0:03:22,0:06:09], 
[0:10:38,0:12:28],
[0:32:49,0:35:01]",5,
,74,selfmedia,878,A,Enumeration,Please list all types of animals that appeared in the garden.,"[0:01:08,0:01:12], [0:02:57,0:03:03], [0:03:44,0:03:52], [0:03:04,0:03:10], [0:04:46,0:04:53], [0:23:19,0:23:28], [0:04:55,0:04:59], [0:16:04,0:16:06], [0:37:13,0:37:35]","Cat, Dog, Crow, Chicken, Duck, Turkey, Rabbit, Frog, Bee",
,74,selfmedia,879,B,Counting,How many main steps did the woman take from crushing the strawberries to arranging the trays for drying?,"[0:10:38,0:12:28], [0:12:28,0:15:24], [0:16:34,0:17:09], [0:17:17,0:18:55]",4,"crushing,Strains,Prepares the drying trays,Arranges the crushed strawberries on the trays for drying"
,74,selfmedia,880,B,Enumeration,"Please list the steps for making a strawberry cake, from when the sponge cake is baked until it is completed.","[0:31:32,0:31:44], [0:31:53,0:32:26], [0:32:48,0:33:02], [0:33:18,0:33:31], [0:33:20,0:33:33], [0:33:40,0:33:51], [0:34:19,0:34:26], [0:34:38,0:35:01], [0:39:54,0:39:56]",Remove the baked sponge from the mold → Slice the sponge horizontally → Spread custard cream on the bottom layer → Arrange sliced strawberries on the sides → Sprinkle crushed nuts → Fill the center with strawberries → Pour custard cream over the top → Place the top layer → Spread custard cream and sprinkle crushed nuts → Decorate with strawberries → Remove the mold,
,74,selfmedia,883,D,Counting,How many types of aprons worn by the woman appear?,"
[0:10:10,0:10:15], [0:37:25,0:37:35]",2,"patterned design , multi-colored floral"
,74,selfmedia,884,D,Enumeration,Please list all types of baskets that appear in the video.,"[0:01:31,0:01:37], [0:00:56,0:01:01], [0:37:24,0:37:33]","Large harvesting basket, Shallow corn basket, Small basket with handle",
,74,selfmedia,885,E,Counting,"In the scene where tea is drunk at the table, how many sets of cups and saucers are there?","[0:41:27,0:41:38]",0,
,74,selfmedia,886,E,Enumeration,Please list all ingredients placed on the counter in the scene where the woman is preparing the cake.,"[0:22:06,0:22:12], [0:30:18,0:30:21]","Flour, Sugar, Egg, Strawberry, Starch, Milk, Butter",
,74,selfmedia,887,F,Counting,How many times does a person touch a crow throughout the video?,"[0:08:30,0:08:33]",1,
,74,selfmedia,888,F,Enumeration,Please list all animals shown in the garden between finishing washing the strawberries and starting to bake the cake batter.,"[0:06:36,0:06:39], [0:06:46,0:06:48], [0:07:42,0:07:47], [0:16:04,0:16:06], [0:23:19,0:23:28]","Dog, Duck, Cat, Crow, Frog, Chicken, Turkey",
,74,selfmedia,881,C,Counting,How many times is the crow's caw heard?,"[0:07:28,0:07:29], [0:08:31,0:08:33], [0:23:42,0:23:44], [0:41:38,0:41:39]",4,
,74,selfmedia,882,C,Enumeration,Please list all animals whose calls are heard in the video.,"
[0:01:23,0:01:26], [0:03:09,0:03:11],
[0:07:28,0:07:29],  ","Duck,  Chicken, Crow,",
https://www.youtube.com/watch?v=jcFvYo99CxQ,75,selfmedia,889,A,Counting,How many types of training does the man do throughout the video?,"[0:03:58,0:04:15], [0:04:27,0:05:26], [0:07:34,0:14:36], [0:18:54,0:20:58]",4,"yoga, cardio, weight lifting, mental relaxation on water"
,75,selfmedia,890,A,Enumeration,List all the types of drinks the man drank in the video.,"[0:00:19,0:00:28], [0:24:26,0:25:24], [0:29:43,0:29:48], ","Coffee, Coconut water, Protein Shake/Supplement",
,75,selfmedia,891,B,Counting,"During the poolside workout, how many exercises did you do before getting on the Assault Bike for the first time?","[0:07:34,0:07:40], [0:07:49,0:07:54], [0:09:18,0:09:24], [0:09:30,0:09:37]",4,"stretching using resistance band. lifting using dumbell, lifting weighted gym ball while stretching, lifting barbell"
,75,selfmedia,892,B,Enumeration,List the steps of his morning routine before he starts talking to the camera.,"[0:00:16,0:00:57]",Brew coffee → Go outside with coffee → look around by the pool while sipping coffee → Sit on the sofa and meditate,
,75,selfmedia,895,D,Counting,How many times does the man appear wearing a white top (tank top or polo shirt)?,"[0:00:16,0:04:15], [0:36:03,0:47:11], [0:47:18,0:48:31]",3,
,75,selfmedia,896,D,Enumeration,List all the colors of the barbell plates used in the outdoor weight training.,"[0:07:28,0:07:30], [0:09:26,0:09:28], [0:09:41,0:09:43]","green, blue",
,75,selfmedia,897,E,Counting,"In the beach club scene, what is the maximum number of people visible in the background?","[0:06:44,0:06:45]",35,
,75,selfmedia,898,E,Enumeration,List all the training equipment visible in the poolside outdoor gym area.,"[0:07:20,0:07:30], [0:11:15,0:11:25], [0:12:29,0:12:32], [0:15:06,0:15:08], [0:15:41,0:15:43]","Resistance band, Barbell Rack, Pull-up Bar, Barbell, Weight Plates, Dumbbells, Adjustable Bench, Assault Bike, Plyo Box, Medicine Ball, Rowing Machine, Treadmill, Sauna, Ice Bath",
,75,selfmedia,899,F,Counting,How many times did the man take supplements or eat between finishing his workout and starting work at the office?,"[0:24:26,0:25:24], [0:29:50,0:32:53]",2,"taking supplement, eating his first meal"
,75,selfmedia,900,F,Enumeration,List all types of clothing the man wore in the last 15 minutes of the video (after 25:00).,"[0:25:00,0:29:50], [0:36:03,0:49:31]","Gray Sleeveless T-shirt, White Shorts, White Polo Shirt",
,75,selfmedia,893,C,Counting,"How many times did this man mention the word ""work"" throughout the video?","[0:08:03,0:08:04], [0:09:07,0:09:08], [0:17:25,0:17:26], [0:19:12,0:19:13], [0:20:24,0:20:25], [0:24:27,0:24:28], [0:24:47,0:24:48]",7,
,75,selfmedia,894,C,Enumeration,List what the man mentioned about his coaching.,"[0:02:06,0:02:25], [0:26:39,0:28:42]","Collaborating with a mental performance coach, Discussing mindset and performance with the coaching team monthly, Running an online coaching business for 7 years, Exploring the root cause of clients' problems through blood tests, Optimizing sleep, nutrition, and supplements, Guiding clients to embody a healthy lifestyle",
https://www.youtube.com/watch?v=RCAqKnvu_P0,76,selfmedia,901,A,Counting,How many times do scenes of riding a train appear in the entire video?,"[0:02:00,0:02:34], [0:05:14,0:05:28], [0:08:22,0:08:39], [0:09:18,0:09:26], [0:18:52,0:18:54], [0:26:59,0:27:04], [0:35:17,0:35:32]",8,
,76,selfmedia,902,A,Enumeration,Please list all types of public transportation used on this trip.,"[0:00:48,0:01:20], [0:02:00,0:02:08], [0:32:01,0:32:15]","Airplane, Train, Bus",
,76,selfmedia,903,B,Counting,"After arriving at Narita Airport, how many procedures were completed before boarding the first train?","[0:01:25,0:01:57]",4,"go to immigration of japan, get luggage, get pocket wifi for 8 days, buy ticket for the train"
,76,selfmedia,904,B,Enumeration,"Please list the travel steps from arriving at Narita Airport to reaching the first destination, Oshiage Station.","[0:01:19,0:01:35], [0:01:40,0:01:48], [0:02:00,0:02:25],",Get off the airplane → Immigration control → Baggage claim → Pick up pocket Wi-Fi → Purchase train ticket → Board train → Get off at Oshiage Station,
,76,selfmedia,907,D,Counting,How many times does Mt. Fuji appear in the scenes?,"[0:00:07,0:00:08], [0:00:13,0:00:15], [0:32:04,0:32:46], [0:33:27,0:33:34], [0:34:11,0:34:16]",6,
,76,selfmedia,908,D,Enumeration,Please list all types of items purchased at the convenience store.,"[0:03:19,0:03:32]","Toothbrush, Sandwich, Pudding, Bottled drink",
,76,selfmedia,909,E,Counting,How many people are participating in the wedding procession at Meiji Jingu Shrine?,"[0:21:12,0:21:15]",0,
,76,selfmedia,910,E,Enumeration,Please list all items placed on the tray in the first dining scene at the hostel.,"[0:03:33,0:03:40]","Sandwich, Pudding, Bottled drink, Toothbrush, plastic spoon, Wallet, tissue paper",
,76,selfmedia,911,F,Counting,How many times do night scenes featuring an intersection appear?,"[0:00:51,0:00:59], [0:40:03,0:40:22]",5,
,76,selfmedia,912,F,Enumeration,Please list the types of land vehicles that appear in the latter half of the video (after 20 minutes).,"[0:20:59,0:21:02], [0:21:24,0:21:26], [0:24:47,0:24:52], [0:25:40,0:25:44],  [0:28:02,0:28:05], [0:28:25,0:28:27], [0:34:52,0:34:54]","Van, Atv plus sice 4 wheels Taxi, Police car, Motorcycle, Bicycle, Bus, Truck",
,76,selfmedia,905,C,Counting,How many times can Japanese announcements be heard on the station platform or inside the train in the video?,"[0:02:06,0:02:14], [0:02:27,0:02:40], [0:05:15,0:05:21], [0:08:28,0:08:37], [0:09:06,0:09:18], [0:16:01,0:16:06], [0:25:41,0:25:48], [0:35:28,0:35:33]",11,
,76,selfmedia,906,C,Enumeration,Please list all station names displayed as subtitles in the video.,"[0:02:09,0:02:13], [0:02:27,0:02:30],  [0:25:11,0:25:12], [0:29:05,0:29:06], [0:35:33,0:35:50]","Narita Airport, Oshiage, Honjo-Azumibashi, Ginza, Shinagawa, Harajuku, Shinjuku, Yokohama, Asakusa, Akihabara, Minatomirai line",
https://www.youtube.com/watch?v=_x7qj2wK0gY,77,selfmedia,913,A,Counting,"Throughout the entire video, how many times did the players score a goal? (Including water polo in the pool and soccer practice on the ground)","[0:00:05,0:00:07], [0:10:16,0:10:17], [0:11:18,0:11:20], [0:12:04,0:12:05], [0:34:34,0:34:39]",5,
,77,selfmedia,914,A,Enumeration,List all types of training that appear in the video.,"[0:08:11,0:08:16], [0:22:02,0:22:07], [0:28:40,0:28:46], [0:29:26,0:29:32], [0:30:07,0:30:10], [0:30:46,0:31:35],  [0:33:45,0:34:02]","Water polo, Padel, Pull ups, Weight training, Side plank with a medicine ball, Strength training, Soccer",
,77,selfmedia,916,B,Enumeration,List the steps the protagonist took before having breakfast.,"[0:01:39,0:01:42], [0:02:17,0:02:19], [0:03:59,0:04:10], [0:06:12,0:06:16], [0:06:23,0:06:26]","Weight measurement → Drinking juice → Ordering an omelet, cheese, salmon and onion → Getting toast → Receiving the omelet",
,77,selfmedia,919,D,Counting,How many times do scenes appear where players are wearing black GPS vests?,"[0:33:35,0:35:18]",1,
,77,selfmedia,920,D,Enumeration,List all the colors of bibs or vests worn by the players during training.,"[0:08:56,0:09:01], [0:34:33,0:34:38]","Yellow, Light blue, White",
,77,selfmedia,921,E,Counting,What was the maximum number of players in the pool at the same time?,"[0:09:10,0:09:21]",16,
,77,selfmedia,922,E,Enumeration,List the main equipment used by players in the physical therapy room (massage room).,"[0:25:23,0:25:28], [0:26:32,0:26:44]","Massage bed, massage oil",
,77,selfmedia,923,F,Counting,"In the latter half of the video (after 18 minutes) and on the outdoor training ground, how many times did the team score a goal?","[0:34:33,0:34:39]",2,
,77,selfmedia,924,F,Enumeration,List all indoor activities performed after training in the pool and before going to the outdoor training ground.,"[0:18:35,0:18:46], [0:22:10,0:25:46], [0:28:40,0:31:35]",Physical therapy (massage) → Padel → Gym training,
,77,selfmedia,917,C,Counting,How many languages did the protagonist speak in the opening greeting?,"[0:00:18,0:01:11]",4,
https://www.youtube.com/watch?v=FO9MeNlAR30,78,selfmedia,925,A,Counting,How many times does she pack her luggage into suitcases or packing cubes?,"[0:00:00,0:00:01][0:04:55,0:05:08]",2,
,78,selfmedia,926,A,Enumeration,Please list all types of bags that appeared in the video.,"[0:00:00,0:01:00], [0:01:51,0:03:53], [0:04:16,0:06:37], [0:06:56,0:07:13], [0:11:52,0:11:58], [0:13:13,0:13:28], [0:13:53,0:14:20], [0:14:44,0:15:58], [0:17:37,0:19:18][0:19:50,0:25:05][0:26:59,0:28:20]0:33:28,0:33:.46]","Suitcase, Shoulder bag, Backpack, belt bag, Travel bag, Pouch, Drawstring pouch, Paper bag",
,78,selfmedia,927,B,Counting,How many steps were there in the series of tasks until she started the washing machine in the underground laundry room?,"[0:28:14,0:28:36]",4,
,78,selfmedia,928,B,Enumeration,Please list the steps she took to purchase the Marge Sherwood bag.,"[0:15:37,0:15:52]",Enter the store → Try on the bag → Make a payment → Receive the item,
,78,selfmedia,931,D,Counting,How many times did the yellow suitcase appear on screen?,"[0:27:13,0:27:14], [0:29:44,0:29:45], [0:32:02,0:32:22][0:33:31,0:33:37]",4,
,78,selfmedia,932,D,Enumeration,Please list all the colors of bikinis she showed or packed.,"[0:25:19,0:25:51],[0:03:29,0:03:45]","Yellow, Blue, White, Pink, Light blue, silver, black",
,78,selfmedia,933,E,Counting,"In the scene at 10:18, how many trash cans are there in total in the underground trash disposal area?","[0:10:18,0:10:26]",9,
,78,selfmedia,934,E,Enumeration,Please list all the items that were on the kitchen counter at 5:21.,"[0:05:20,0:05:33]","Paper bag, Yellow plastic bag, Takeout sauce container, Coaster, Smartphone, White tube container, Small box, plastic cup",
,78,selfmedia,935,F,Counting,"After meeting her friend (after 14:04), how many types of items did she show that were newly purchased or received for the trip?","[0:22:34,0:26:56]",8,"Bags, Sandals, Earrings, Jewerly, Gold Dangle hoops. Skirt. Bikini. Piimple Patch"
,78,selfmedia,936,F,Enumeration,Please list all the activities she did outside her apartment.,"[0:09:26,0:10:26], [0:11:13,0:22:22]","Shopping, Meeting friends, Disposing of trash, Doing laundry",
,78,selfmedia,929,C,Counting,"How many times did she say the word ""cute""?","[0:02:37,0:02:43], [0:11:37,0:11:38],  [0:12:25,0:12:26],
[0:12:41,0:12:42]  [0:13:16,0:13:17],  [0:13:32,0:13:33], [0:15:43,0:15:44], [0:23:15,0:24:16], [0:23:22,0:24:23], [0:23:34,0:24:35], [0:24:46,0:24:47], [0:24:57,0:24:58], [0:25:28,0:25:29], [0:25:35,0:25:41], [0:28:10,0:28:11],",17,
,78,selfmedia,930,C,Enumeration,Please list all brand names she mentioned verbally.,"[0:03:30,0:03:31], [0:05:43,0:05:44], [0:10:52,0:10:53], [0:13:46,0:13:47], [0:14:12,0:14:13], [0:15:28,0:15:29], [0:24:07,0:24:08], [0:24:30,0:24:31], [0:25:04,0:25:05], [0:26:08,0:26:09]""","Tae Park, Wrap Boy, Samsonite, Anthropologie, Jeffrey Campbell, Hermes, Marge Sherwood, Kosas, MaisxFrida, Diani, Hero Cosmetics",
https://www.youtube.com/watch?v=2zkJFv-ro4A,79,selfmedia,937,A,Counting,How many times have members performed solo or in a unit?,"[0:12:23,0:13:27], 
[0:13:32,0:13:41], 
[0:13:58,0:14:49], 
[0:15:29,0:16:15], 
[0:16:27,0:17:10],
[0:17:17,0:18:05], 
[0:18:12,0:18:56],
[0:19:06,0:20:26],
[0:20:32,0:20:55], 
[0:28:07,0:28:24],
[0:29:46,0:30:13]",12,
,79,selfmedia,938,A,Enumeration,Please list all the props used on stage during the concert.,"[0:11:43,0:11:55], [0:16:27,0:16:37], [0:19:53,0:20:26], [0:24:18,0:24:28]
","microphone stand, cane, angel statue, water bottle, towel",
,79,selfmedia,940,B,Enumeration,Please list the sequence of events from the Vlogger's arrival at the concert venue until the BIGBANG members appear on stage.,"[0:00:41,0:00:50], 
[0:01:02,0:02:16], 
[0:02:28,0:02:40]
",Arrive at the venue and interact with other fans→Enter the arena and find your seat→Music videos play on the screen→The lights dim and the opening video begins→Members appear on stage,
,79,selfmedia,943,D,Counting,How many jackets did G-Dragon wear during the concert?,"[0:02:28,0:02:32], [0:15:29,0:15:33], [0:18:00,0:18:06], [0:21:03,0:21:07], [0:29:46,0:29:51]",5,
,79,selfmedia,944,D,Enumeration,Please list all the names of the members wearing hats on the stage.,"[0:19:05,0:19:11], [0:29:56,0:30:01], [0:29:46,0:29:51], [0:30:41,0:30:46]","G-Dragon, T.O.P, Taeyang, Seungri",
,79,selfmedia,945,E,Counting,What was the maximum number of members simultaneously on the Moving Stage (moving stage)?,"[0:03:47,0:03:52], [0:28:50,0:28:55]",2,
,79,selfmedia,946,E,Enumeration,Please list all the character and person posters displayed on the wall of the Vlogger's room.,"[0:00:00,0:00:10]","Batman, White Wolf, Bruce Lee, B.o.B, Anime-style girl in red clothes, MAMAMOO members (Wheein, Solar, Hwasa), Flash",
,79,selfmedia,947,F,Counting,What was the total number of times members threw things to the audience at the front of the stage during the encore?,"[0:24:16,0:24:26], 
[0:24:34,0:24:36], 
[0:24:41,0:24:47], 
[0:29:30,0:29:32], 
[0:31:13,0:31:15], 
[0:32:04,0:32:09]
",0,
,79,selfmedia,948,F,Enumeration,"Please list all the songs that the members performed on the moving stage during the second half of the concert (after ""If You"").","[0:17:55,0:18:00], [0:18:28,0:18:45], [0:28:50,0:29:24]","Good boy, Crooked, Bang Bang Bang",
,79,selfmedia,941,C,Counting,"What is the total number of times members said ""Las Vegas"" or ""Vegas"" during the MC?","[0:02:32,0:02:34],
[0:09:05,0:09:06],
[0:09:15,0:09:16],
[0:09:35,0:09:36],
[0:11:58,0:12:00],
[0:22:50,0:22:51],
[0:25:50,0:25:58],
[0:29:28,0:29:29]
",10,
,79,selfmedia,942,C,Enumeration,"Please list all the words/phrases that the members addressed to the audience during the MC, in English.","[0:02:30,0:02:34], [0:08:44,0:08:52], [0:08:57,0:09:04], [0:09:44,0:09:50], [0:11:58,0:12:00], [0:21:03,0:21:13], [0:21:52,0:21:54]
","Las Vegas, you ready?, Anybody from West Coast?, Anybody from East Coast?, Anybody from Asia?, Where's my ladies at?, Are you guys feeling good tonight?, Make some noise for yourself, Vegas!, Give me some fucking noise, Vegas!, If you guys having fun, say yeah!, Say yeah!, Say yeah yeah!, Now Scream!, Did you guys have a good time too?",
https://www.youtube.com/watch?v=LLSJrEgOOtw,80,selfmedia,949,A,Counting,How many times does the scene of the dog digging a hole in the ground or digging in the snow appear throughout the video?,"[0:00:44:0:00:55], [0:32:43,0:32:59]",2,
,80,selfmedia,950,A,Enumeration,Please list all the plants harvested in the forest for meal preparation.,"[0:02:06,0:03:59], [0:04:45,0:06:08], ","Beech nuts, Ferns, Red berries, Leaves",
,80,selfmedia,951,B,Counting,How many times did the man split firewood with an axe to start a bonfire?,"[0:06:30,0:07:04], [0:12:08,0:13:19], [0:22:31,0:22:35], [0:35:36,0:35:46], [0:37:34,0:37:38], [0:37:56,0:38:02]",46,
,80,selfmedia,952,B,Enumeration,Please list the steps for making a meat dish in a large pot.,"[0:35:47,0:43:47]",Pour oil → Sauté meat → Add onions → Add spices → Add potatoes → Add eggplant → Add bell peppers → Add carrots → Add tomatoes → Add salt and garlic → Add chili peppers → Add herbs → Pour hot water → Cover and simmer,
,80,selfmedia,955,D,Counting,How many times does the scene of the man holding an axe appear?,"[0:00:59,0:02:03], [0:04:09,0:04:42], [0:06:07,0:07:05], [0:07:19,0:08:28], [0:12:03,0:13:19], [0:14:56,0:15:08], [0:22:30,0:22:39], [0:35:30,0:35:45], [0:37:29,0:37:38], [0:37:56,0:38:01], ",10,
,80,selfmedia,956,D,Enumeration,Please list all metal cooking utensils that appeared in the video.,"[0:35:47,0:43:47]","Bucket, Samovar, Large pot, Kitchen knife, Metal tray, Enamel bowl, Slotted ladle, Fire tongs, Metal plate",
,80,selfmedia,957,E,Counting,What is the maximum number of baskets filled with vegetables arranged on the table?,,5,
,80,selfmedia,958,E,Enumeration,Please list all green leafy vegetables used in the salad.,"[0:49:11,0:51:25]","Parsley, Dill, Basil, Chives, Sorrel",
,80,selfmedia,959,F,Counting,"After the dish is completed, what is the total number of potatoes served on the plate?","[0:57:35,0:59:11]",4,
,80,selfmedia,960,F,Enumeration,Please list the ingredients other than vegetables that were first added after starting to sauté the meat over the bonfire.,"[0:33:35,0:40:48]","Black pepper, Coriander seeds, Paprika, Salt",
,80,selfmedia,953,C,Counting,"How many times can dog sounds (barking, whimpering, etc.) be heard?","[0:00:09,0:00:12], [0:00:28,0:00:33], [0:02:28,0:02:42], [0:47:52,0:47:58], [0:52:59,0:53:07]",6,
,80,selfmedia,954,C,Enumeration,Please list all natural environmental sounds heard throughout the video.,"[0:00:00,0:01:50]","Thunder, Rain sound, Wind sound, Bonfire sound, Sound of a babbling brook",
https://www.youtube.com/watch?v=WuB_fyPdmss,81,selfmedia,961,A,Counting,How many times did she ride attractions in total?,"[0:04:50,0:05:58], [0:12:26,0:13:23], [0:24:07,0:25:39]",3,"Spaceship Earth,Remy's Ratatouille Adventure,Wonder of xandar"
,81,selfmedia,962,A,Enumeration,Please list all the types of items she shopped for or window-shopped.,"[0:08:48,0:11:07],
[0:11:30,0:11:31]  [0:13:40,0:13:43], [0:23:09,0:23:22], [0:26:19,0:26:31]
","sweater,backpack,light up apple,head band,jacket, coin purse,polo,tumbler, t-shirt,tote bag, pouches,graphic tee, perfume,cologne,Mystery pin packs,key chain",
,81,selfmedia,963,B,Counting,How many minutes did she wait in the single rider line for Remy's attraction?,"[0:12:20,0:12:25], [0:12:43,0:12:46]",6,
,81,selfmedia,964,B,Enumeration,Please list the sequence of actions she took until she exchanged a pin.,"[0:29:31,0:29:43]",Find the pin board → Choose a pin to exchange → Hand the pin to a cast member → Receive a new pin,
,81,selfmedia,967,D,Counting,How many times does the monorail appear in the video?,"[0:00:05,0:00:08], [0:02:39,0:02:42], [0:08:10,0:08:12], [0:31:17,0:31:48]",4,
,81,selfmedia,968,D,Enumeration,Please list all Mickey or Minnie Mouse related accessories she was wearing.,"[0:00:31,0:00:32], [0:01:44,0:01:46], [0:04:02,0:04:07], ","Minnie Mouse headband, Mickey Mouse keychain,  Mickey Mouse necklace,Mickey Mouse earrings",
,81,selfmedia,969,E,Counting,"How many rat characters are on top of the ""Remy's Ratatouille Adventure"" sign in the France Pavilion?","[0:12:16,0:12:16]",1,Remy
,81,selfmedia,970,E,Enumeration,"Please list the types of Villains merchandise displayed in the ""Port of Entry"" shop.","[0:08:48,0:09:53]","Poison apple sweater, Maleficent Loungefly backpack, Villains headband, Villains bomber jacket, Villains coin purse, Villains button-down shirt, Villains water bottle, Maleficent tie-dye T-shirt",
,81,selfmedia,971,F,Counting,How many pin trading scenes are there in the latter half of the video (after 15 minutes)?,"[0:29:31,0:29:43]",1,winnie the pooh pin
,81,selfmedia,972,F,Enumeration,"In the scene where she is walking through World Showcase, please list the country pavilions appearing in the background in order of appearance.","[0:11:10,0:11:11], [0:11:17,0:11:19], [0:11:43,0:11:45], [0:14:28,0:14:30], [0:14:43,0:14:45], [0:15:21,0:15:22], [0:22:13,0:22:14], [0:22:14,0:22:15], [0:22:20,0:22:26]",Canada Pavilion → United Kingdom Pavilion → France Pavilion → Morocco Pavilion → Japan Pavilion → The American Adventure Pavilion → Italy Pavilion → Germany Pavilion → China Pavilion → Norway Pavilion → Mexico Pavilion,
,81,selfmedia,965,C,Counting,"How many times did she say the word ""solo"" in the vlog?","[0:00:43,0:00:43], [0:00:48,0:00:49], [0:01:30,0:01:31], [0:01:41,0:01:42], [0:04:10,0:04:11], [0:06:01,0:06:02], [0:20:38,0:20:39], [0:32:01,0:32:08], ",9,
,81,selfmedia,966,C,Enumeration,"Please list all the items she introduced in the ""What's in my bag"" segment.","[0:17:44,0:20:54]","Mickey fan, Mickey hand sanitizer, pin trading board, wallet, smartphone tripod stand, smartphone suction cup sticker, lip gloss, AirPods. car key",
https://www.youtube.com/watch?v=1FsiZgGZU70,82,selfmedia,973,A,Counting,How many times does the protagonist appear driving a car throughout the video?,"[0:02:27,0:02:40],  [0:08:09,0:10:03], [0:14:03,0:14:36], [0:18:56,0:20:43]",4,
,82,selfmedia,974,A,Enumeration,Please list all the meals the protagonist ate in the video.,"[0:10:08,0:10:17], [0:18:02,0:18:08], [0:28:38,0:28:39]","Sandwich, Chicken Caesar salad, Spaghetti",
,82,selfmedia,975,B,Counting,How many types of products did the protagonist apply to their face during the initial skincare routine?,"[0:00:10,0:00:18], [0:00:48,0:00:55], [0:01:16,0:01:21], [0:01:51,0:02:16]",5,
,82,selfmedia,976,B,Enumeration,Please list the steps the protagonist took to prepare for watching the solar eclipse.,"[0:02:24,0:02:36], [0:02:50,0:03:08], [0:10:18,0:10:35]",Find a store → Call brother to confirm location → Go to the mall → Buy eclipse glasses → Go to home patio,
,82,selfmedia,980,D,Enumeration,Please list the hat and accessories worn by the protagonist's friend (the man in the blue T-shirt).,"[0:03:02,0:03:37]",Black beanie hat,
,82,selfmedia,981,E,Counting,How many types of machines or equipment did the protagonist use for leg training in the gym scene?,"[0:23:03, 0:23:15], [0:23:16, 0:24:17], [0:24:18, 0:26:30], [0:26:32, 0:27:40]",4,
,82,selfmedia,982,E,Enumeration,Please list all the places where the protagonist ate.,"[0:06:24,0:08:04], [0:10:03,0:13:09], [0:15:40,0:18:08], [0:28:38,0:28:40]","Sub Station, Home, All the SIPS, Panera Bread",
,82,selfmedia,983,F,Counting,How many times does the protagonist appear wearing a black hoodie in the latter half of the video (after 14 minutes 30 seconds)?,"[0:14:31,0:37:34]",4,
,82,selfmedia,984,F,Enumeration,Please list the places visited on Day 1 of the Vlog in order.,"[0:00:00,0:02:27], [0:10:03,0:14:03]",Home → Mall → Sandwich shop → Home,
,82,selfmedia,977,C,Counting,How many songs with vocals were played as background music in the video?,"[0:00:14,0:00:19], [0:17:23,0:18:07], [0:23:15,0:25:38], [0:25:59,0:27:39]",4,
,82,selfmedia,978,C,Enumeration,Please list all the topics the protagonist gave advice on in the Vlog.,"[0:00:00,0:02:22]","Post-shaving skincare, Sunscreen use, Organizing relationships and the importance of solitude, Not comparing oneself to others",
https://www.youtube.com/watch?v=jp2M1hIEtsk,83,selfmedia,985,A,Counting,How many times does the woman drink a beverage in this video?,"[0:01:25,0:01:31], [0:01:52,0:01:54], [0:07:41,0:07:47], [0:18:56,0:19:02]",4,
,83,selfmedia,986,A,Enumeration,Please list all types of cleaning and tidying AT done in the video.,"[0:00:14,0:00:22], [0:03:25,0:03:54], [0:04:09,0:05:12], [0:05:49,0:06:08], [0:07:51,0:08:45], [0:10:04,0:11:10], [0:32:40,0:33:58], [0:34:16,0:34:18]","Bed making, lint removal, ironing, watering plants, dishwashing, wiping tables and shelves, mopping the floor, cleaning around the sink, organizing the cutlery case, tidying the drying rack",
,83,selfmedia,987,B,Counting,How many times were ingredients or seasonings placed on bread to make a sandwich?,"[0:15:47,0:16:28]",6,
,83,selfmedia,988,B,Enumeration,Please list the steps to make an iced cafe latte.,"[0:18:18,0:18:38]",Extract espresso → Put ice in a glass → Pour milk → Pour coffee,
,83,selfmedia,991,D,Counting,How many times does the scene where the woman wears glasses appear?,"[0:01:27,0:02:42], [0:03:09,0:05:44], [0:05:52,0:06:13], [0:06:34,0:13:46], [0:19:03,0:23:06]",0,
,83,selfmedia,992,D,Enumeration,Please list all the flower colors that appeared in the video.,"[0:01:55,0:01:58], [0:09:25,0:10:03], [0:32:38,0:33:22]","Pink, purple, white",
,83,selfmedia,993,E,Counting,What is the maximum number of seasoning and spice containers simultaneously placed on the kitchen counter?,"[0:25:47,0:25:50]",2,
,83,selfmedia,994,E,Enumeration,Please list the items that were on the desk on the first morning.,"[0:00:45,0:00:48]","Digital clock, pump bottle, candle, small item tray, glasses, lip case, wireless charger, aroma diffuser",
,83,selfmedia,995,F,Counting,"In the night scene (after 23:07), how many times was cooking AT done using the IH stove?","[0:23:11,0:23:16], [0:24:55,0:25:00], [0:27:22,0:28:00], [0:28:11,0:28:41]",4,
,83,selfmedia,996,F,Enumeration,"After the ""next morning"" superimposed text, please list all the dishes cooked.","[0:34:24,0:35:00]",Zenzai,
,83,selfmedia,989,C,Counting,How many BGM songs are played in the video?,"[0:00:13,0:00:20], [0:08:20,0:08:24], [0:13:45,0:13:51], [0:23:12,0:23:20], [0:32:40,0:32:45]",5,
,83,selfmedia,990,C,Enumeration,Please list the types of cooking-related sounds that appear in the video.,"[0:14:48,0:14:55], [0:15:10,0:15:21], [0:07:26,0:07:31], [0:27:06,0:27:16], [0:07:06,0:07:15]","Sautéing sound, vegetable chopping sound, mixer sound, boiling sound, liquid pouring sound, stirring sound",
https://www.youtube.com/watch?v=oZEVgDXJwCc,84,sport,997,A,Counting,How many corner kicks did the Spain team get in total?,"[0:14:46,0:14:53],
[0:23:34,0:23:40],
[0:46:35,0:46:41],
[1:16:16,1:16:22],
[1:32:20,1:32:26],
[1:33:10,1:33:13],
[1:33:50,1:33:57]
",7,
,84,sport,998,A,Enumeration,"List the jersey numbers of the German players who were fouled during the match, in descending order of the number of times they were fouled.","[0:06:45,0:06:48], [0:09:22,0:09:25], [0:22:21,0:22:24], [0:26:48,0:26:52], [0:27:02,0:27:06], [0:38:12,0:38:15], [0:43:32,0:43:35], [0:45:21,0:45:24], [0:56:44,0:56:48], [0:57:48,0:57:51], [1:16:30,1:16:33], [1:26:48,1:26:51]","8, 7, 10, 6, 20, 2, 18, 11, 15, 3",
,84,sport,999,B,Counting,"Immediately before Spain's winning goal, and before the corner kick that led to the goal, how many consecutive passes did the Spain team complete?","[1:15:08,1:15:27]
",6,
,84,sport,1000,B,Enumeration,List the jersey numbers of the players who made important plays leading up to Spain's winning goal.,"[1:16:21,1:16:25",8 -> 5,
,84,sport,1003,D,Counting,How many times did the German goalkeeper (Neuer) touch the ball with his hands or feet in total?,"[0:27:02,0:27:03], 
[0:53:38,0:53:39], 
[0:58:44,0:58:58],
[1:01:29,1:01:29], 
[1:02:26,1:02:27], 
[1:29:20,1:29:21],
[1:31:36,1:31:38],
[1:34:01,1:34:05]
",8,
,84,sport,1004,D,Enumeration,List the jersey numbers of all players who were substituted in during this match.,"[1:23:45,1:23:47], 
[1:24:13,1:24:37], 
[1:28:53,1:28:57],
[1:35:55,1:36:22]
","23, 9, 21, 4",
,84,sport,1005,E,Counting,"At the end of the first half, how many players from both teams on the field had a buzz cut or very short hair?","[0:48:05,0:48:09]",12,
,84,sport,1006,E,Enumeration,"At the moment Spain's winning goal was scored, list all jersey numbers of German players who were inside Germany's penalty area.","[1:16:21,1:17:21]","1, 2, 3, 6, 7, 10, 11, 17,",
,84,sport,1007,F,Counting,"In the second half, how many shots on target did Spain take from outside the penalty area?","[0:53:06,0:53:10]",1,
,84,sport,1008,F,Enumeration,"From the 15th to the 30th minute of the first half, list the jersey numbers of German players who possessed the ball within the center circle.","[0:20:20,0:20:31]
[0:24:00,0:24:05]
[0:27:15,0:27:16]
[0:27:32.0:27:36]
[0:30:28.0:30:29]","16. 6.7,3,15,3",
,84,sport,1001,C,Counting,How many times did the referee blow the whistle to stop play for a foul throughout the match?,"[0:06:45,0:06:48], [0:09:22,0:09:25], [0:27:02,0:27:06], [0:40:10,0:40:13], [0:41:06,0:41:09], [0:43:32,0:43:35], [0:45:21,0:45:24], [0:47:15,0:47:18], [0:53:20,0:53:23], [0:54:20,0:54:23], [0:56:44,0:56:48], [0:57:48,0:57:51], [1:16:30,1:16:33], [1:26:48,1:26:51], [1:35:35,1:35:38]",29,
,84,sport,1002,C,Enumeration,List all German players not participating in this match who were mentioned by the commentator.,"[0:00:16,0:00:24]","Thomas Müller, Cacau, Toni Kroos",
https://www.youtube.com/watch?v=Hf-n1yfd8II,85,sport,1009,A,Counting,How many times did Lin Dan score with a smash?,"[0:17:24,0:17:25], [0:21:39,0:21:41], [0:28:38,0:28:40], [0:45:21,0:45:23], [0:57:22,0:57:23], [1:04:29,1:24:32], [1:26:46,1:26:48], [1:27:58,1:28:00]",8,
,85,sport,1010,A,Enumeration,List all types of errors made by Lee Chong Wei.,"[0:13:17,0:13:19], [0:21:10,0:21:12], [0:21:40,0:21:42]","Net error, Out, Missed smash",
,85,sport,1011,B,Counting,How many times did the rally for the final point (20-11) of the second game continue?,"[0:52:30,0:52:54]",13,
,85,sport,1012,B,Enumeration,List the flow of play until the final point of the last game was decided.,"[0:55:28,0:55:44]","Lee Chong Wei's serve → Lin Dan's receive → Lee Chong Wei's hairpin → Lin Dan's lob → Lee Chong Wei's smash → Lin Dan's receive → Lee Chong Wei's hairpin → Lin Dan couldn't pick it up, Lee Chong Wei scores",
,85,sport,1015,D,Counting,How many times was the Chinese flag (Five-star Red Flag) shown in the audience? (Do not distinguish between handheld flags and painted ones),"[0:01:24,0:01:26], [0:04:34,0:04:35], [0:07:56,0:07:57], [0:17:29,0:17:30], [0:32:18,0:32:19], [0:48:07,0:48:08]",6,
,85,sport,1016,D,Enumeration,List all sponsor logos on the shirts worn by both players.,"[0:02:33,0:02:35], [0:02:52,0:02:55]","Yonex, Li-Ning",
,85,sport,1017,E,Counting,How many shuttles were next to the umpire's chair at the end of the first game?,"[0:20:44,0:20:45]",4,
,85,sport,1018,E,Enumeration,List the attire of the person on Lee Chong Wei's bench during the interval after the second game.,"[0:54:06,0:54:15]","Orange/Black tiger print polo shirt, Orange/Black tiger print jacket",
,85,sport,1019,F,Counting,How many times did Lee Chong Wei score at the net in the third game?,"[0:55:42,0:55:44], [1:05:34,1:05:36]",2,
,85,sport,1020,F,Enumeration,List all scores when a player requested a challenge (instant review).,"[0:23:24,0:23:32], [0:46:09,0:46:31], [0:52:22,0:52:32]","8-14, 4-13, 11-19",
https://www.youtube.com/watch?v=JlrzSvCsIjE,86,sport,1021,A,Counting,How many service aces were there in this match?,"[0:15:05,0:15:08], [0:15:29,0:15:32], [0:19:05,0:19:09], [0:22:22,0:22:25], [0:23:12,0:23:15], [0:34:21,0:34:26], [0:35:54,0:35:59], [0:36:15,0:36:17], [0:41:45,0:41:47]",9,"Federer, Tiafoe"
,86,sport,1022,A,Enumeration,List all types of shots scored by the Swiss team (wearing black and red).,"[0:00:59,0:01:00], [0:09:53,0:09:54], [0:15:29,0:15:32], [0:18:10,0:18:12]","Volley, Service Ace, Groundstroke Winner, Opponent's net  Error",
,86,sport,1023,B,Counting,"In the rally starting at 21 minutes 23 seconds, how many times did the ball cross the net?","[0:21:23,0:21:31]",6,
,86,sport,1024,B,Enumeration,"List the sequence of shots, including the player (color of wear) and type of shot, until Federer lost the point by hitting the ball at 28 minutes 17 seconds.","[0:28:12,0:28:17]",Bencic's (red) serve → Williams' (pink) drive → Federer's (black) drive → Tiafoe's (red) drive → Ball hits Federer (black),I started from the service until Federer was hit by the ball at 28
,86,sport,1027,D,Counting,How many times did Federer (wearing black) smile during the match?,"[0:00:59,0:01:01], [0:04:09,0:04:11], [0:22:10,0:22:12], [0:28:22,0:28:29], [0:32:03,0:32:04], [0:41:02,0:41:04], [0:41:49,0:41:51], [0:42:11,0:42:15]",8,
,86,sport,1028,D,Enumeration,List all automotive brands among the sponsor logos displayed in the background of the court.,"[0:00:05,0:00:13]","Jaguar, Uber",
,86,sport,1029,E,Counting,What was the maximum number of players simultaneously near the net (within the service box) during the first point rally of the first set?,"[0:00:16,0:00:27]",2,"William, Bencic"
,86,sport,1030,E,Enumeration,List all roles of people other than players who were on the court during the photo session after the match.,"[0:45:35,0:46:07]","Interviewer, Ball Kids, Cameraman",
,86,sport,1031,F,Counting,"In the second set (after the score display was reset), how many times did the American team (wearing pink and red) win a point with a net play (volley or smash)?","[0:24:05,0:24:08], [0:25:58,0:25:59], [0:26:40,0:26:42],",3,
,86,sport,1032,F,Enumeration,"During the tie-break, list in order the players (color of wear) who hit the final shot for points scored by the Swiss team (wearing black and red).","[0:38:58,0:39:01], [0:39:25,0:39:28], [0:41:15,0:41:18], [0:41:44,0:41:47], [0:42:07,0:42:11]",Bencic (red) → Bencic (red) → Federer (black) → Federer (black) → Federer (black),
,86,sport,1025,C,Counting,"How many times did the umpire call ""fault"" in English?","[0:03:39,0:03:40], [0:04:06,0:04:07], [0:08:52,0:08:54], [0:12:38,0:12:39], [0:14:49,0:14:41], [0:15:21,0:15:23], [0:20:46,0:20:47], [0:21:15,0:21:16], [0:22:13,0:22:15], [0:22:44,0:22:46], [0:27:27,0:27:29], [0:34:12,0:34:14], [0:35:46,0:35:48], [0:37:34,0:37:36]",14,"Federer 8, Bencic 1, Taifoe 3, Williams 2"
,86,sport,1026,C,Enumeration,List the adjectives Serena Williams used to describe Roger Federer in the post-match interview.,"[0:44:32,0:45:19]","great, greatest, wonderful, amazing, impressive",
https://www.youtube.com/watch?v=cXDT44zT8JY,87,sport,1033,A,Counting,What was the total number of kicks Royce Gracie landed during the match?,"[0:06:11,0:06:12], [0:06:19,0:06:20], [0:37:43,0:37:44]",3,
,87,sport,1034,A,Enumeration,Please list all types of strikes that hit the opponent's head during the match.,"[0:13:43,0:13:45], [0:38:05,0:38:06]","Punch, Headbutt",
,87,sport,1035,B,Counting,How many punches from Ken Shamrock caused Royce Gracie to bleed in overtime?,"[0:37:50,0:37:57]",2,
,87,sport,1036,B,Enumeration,Please list all attack techniques Royce Gracie applied while on the ground during overtime.,"[0:33:30,0:33:38], [0:38:55,0:38:59], [0:41:31,0:41:36]","Choke, Punch, Triangle choke",
,87,sport,1039,D,Counting,How many times was the scene shown where the second was giving instructions to the fighter through the cage during the match?,"[0:07:38,0:07:40], [0:08:52,0:08:54], [0:23:40,0:24:04], [0:25:16,0:25:18], [0:37:21,0:37:30]",5,
,87,sport,1040,D,Enumeration,"Please list all the attire of individuals who entered the octagon, other than the fighters and the referee, before and after the match.","[0:03:35,0:03:37], [0:00:41,0:00:43], [0:43:02,0:43:04]","Tuxedo, Black jacket, Black T-shirt, Pink shirt, Blue jacket",
,87,sport,1041,E,Counting,What is the maximum number of national flags simultaneously displayed above the octagon during a match?,"[0:03:07,0:03:10]",23,
,87,sport,1042,E,Enumeration,Please list everything visible on the judge's table during the match.,"[0:04:08,0:04:10], [0:05:50,0:05:52]","documents plastic bottle, tissue box, glass",
,87,sport,1043,F,Counting,How many punches did Ken Shamrock throw from a standing position in overtime after 30 minutes of the match?,"[0:37:50,0:37:57]",2,
,87,sport,1044,F,Enumeration,"After the start of overtime, please list all the attacks Ken Shamrock showed in the first minute after taking Royce Gracie to the ground.","[0:38:03,0:38:19]",Headbutt,
,87,sport,1037,C,Counting,How many times did the referee make a remark to the player encouraging 'Get busy' or similar action?,"[0:06:56,0:06:58], [0:07:17,0:07:19], [0:10:49,0:10:51], [0:11:40,0:11:42], [0:26:38,0:26:40], [0:29:50,0:29:52], [0:37:24,0:37:26], [0:40:55,0:40:57]",8,
,87,sport,1038,C,Enumeration,Please list all the types of combat sports mentioned in the live commentary and analysis.,"[0:00:07,0:00:08], [0:00:17,0:00:18], [0:00:38,0:00:39], [0:05:06,0:05:07], [0:18:51,0:18:55]","Martial Arts, Gracie Jiu-Jitsu, Shootfighting, Brazilian Jiu-Jitsu, Wrestling",
https://www.youtube.com/watch?v=cWEnogdsW78,88,sport,1045,A,Counting,How many times in total did Hulk take down Lee?,"[0:19:08,0:19:11]",1,
,88,sport,1046,A,Enumeration,List all the rounds in which Lee knocked down Hulk.,"[0:06:10,0:06:11],
[0:11:41,0:11:42]
[0:16:15,0:16:19], 
[0:18:11,0:18:13],
[0:22:03,0:22:06], 
[0:29:38,0:29:40],","Round 1, Round 2,  Round 3, Round 4, Round 5",
,88,sport,1047,B,Counting,"Just before the finish in the final round, how many ground and pound strikes did Lee land on the downed Hulk?","[0:29:38,0:29:46]",3,
,88,sport,1048,B,Enumeration,List the exchanges leading up to the first knockdown of the match.,"[0:06:07,0:06:11]",Hulk's right straight (miss) → Lee's left body hook → Hulk's spinning back fist → Lee's spinning back kick,
,88,sport,1051,D,Counting,How many times was the replay of the knockdown scene shown during the match?,"[0:20:47,0:21:01], [0:30:04,0:30:10], [0:30:19,0:30:29]",3,
,88,sport,1052,D,Enumeration,List all the sponsor logos depicted on the Octagon mat.,"[0:04:10,0:04:15], [0:16:17,0:16:24]","BODYARMOR, UFC, UFC FIGHT PASS, TOYO TIRES, ESPN+, EA SPORTS UFC 4",
,88,sport,1053,E,Counting,What was the maximum number of people simultaneously inside the Octagon between rounds?,"[0:09:15,0:09:20]",4,
,88,sport,1054,E,Enumeration,List all visible injuries on Lee's body at the start of Round 5.,"[0:26:16,0:26:22], [0:26:51,0:26:54]","Swelling and bleeding above the right eye, bleeding from the nose, cut on the left cheek, redness on the left flank",
,88,sport,1049,C,Counting,"How many times did the referee say ""Fight!"" to start the match?","[0:04:09,0:04:11], [0:09:44,0:09:46], [0:15:27,0:15:29], [0:21:07,0:21:09], [0:26:51,0:26:52]",5,
,88,sport,1050,C,Enumeration,List all the nicknames of Hulk mentioned by the ring announcer.,"[0:03:00,0:03:04]",Monster,
https://www.youtube.com/watch?v=rp4NKWb7dXk,89,sport,1057,A,Counting,What is the total number of times the athlete successfully performed a release move transitioning from the high bar (the higher bar) to the low bar (the lower bar)?,"[0:04:35,0:05:08], [0:07:53,0:08:02], [0:11:39,0:11:42], [0:14:10,0:14:20], [0:16:56,0:17:05], [0:20:04,0:20:12], [0:23:03,0:23:10], [0:26:01,0:26:08]",8,"He Kexin, Victoria Komova, Elisabeth Seitz, Yao Jinan, Elizabeth Tweddle, Aliya Musta, Koko Tsurumi, Gabriella Douglas"
,89,sport,1058,A,Enumeration,"Please list the main colors of the leotards worn by the 3 medalists, in the order of gold, silver, and bronze.","[0:21:40,0:22:09]","Red and White, Black, Blue",
,89,sport,1059,B,Counting,"In the performance of gold medalist Aliya Mustafina, how many skills were there from the first release move until landing?","[0:19:54,0:20:18]",8,"Mount, First Release Move, Giant Swing, Second Release Move, Third Release move, Giant, Dismount"
,89,sport,1060,B,Enumeration,Please list the consecutive movements of Elizabeth Tordal before landing.,"[0:16:42,0:17:12]",Mount  → One twist from toe stand → Giant swing → Giant swing → Layout double full dismount,
,89,sport,1063,D,Counting,How many times was the scene shown where a Russian coach wearing a red and white patterned jacket was accompanying the athlete in the performance area?,"[0:08:04,0:08:11], [0:19:55,0:20:00]",2,
,89,sport,1064,D,Enumeration,Please list all the types of national flags that were being waved in the spectator stands.,"[0:00:57,0:00:59], [0:01:10,0:01:33], [0:01:45,0:01:59], [0:17:57,0:17:59], [0:05:45,0:05:47]","South Korea, United Kingdom, United States, Japan, Russia, China, Chile, Spain",
,89,sport,1065,E,Counting,How many judges wearing blue jackets are sitting at the judges' table after the performance?,"[0:31:37,0:31:46]",2,
,89,sport,1067,F,Counting,What was the total number of times a coach wearing a red shirt stood on the platform next to the uneven bars during the first half of the competition (the first 4 athletes)?,"[0:04:43,0:04:48], [0:14:10,0:14:20] ",2,"He Kexin, Yao Jinan"
,89,sport,1068,F,Enumeration,"Please list the first actions each medalist showed after the gold, silver, and bronze medals were confirmed, in descending order of rank.","[0:21:40,0:22:09]","Raise arms and make a guts pose, hug her coaches",
,89,sport,1061,C,Counting,"How many times did the stadium announcer say the word ""representing""?","[0:02:11,0:02:13], [0:02:22,0:02:25], [0:02:33,0:02:35], [0:02:44,0:02:47], [0:02:54,0:02:56], [0:03:06,0:03:09], [0:03:16,0:03:18], [0:03:27,0:03:29]",8,
,90,sport,1070,A,Enumeration,List all types of plays the Australian team scored from.,"[0:12:23,0:12:27], 
[0:23:47,0:23:52], [0:32:48,0:32:53], [0:33:45,0:33:50],  [0:35:27,0:35:32],","3-point shot, Tip-in, Jump shot, Free throw, Layup,",
,90,sport,1071,B,Counting,How many times did the American team score with an alley-oop?,"[0:12:06,0:12:07], ",1,lebron to Tyson Chandler
,90,sport,1075,D,Counting,"Throughout the entire game, how many times did Australian team players shoot free throws?","[0:16:17,0:16:25],
[0:16:34,0:16:42], [0:17:42,0:17:43],
[0:17:53,0:17:56], [0:23:06,0:23:08],
[0:23:20,0:23:24],
[0:32:24,0:32:30],
[0:32:42,0:32:48],
[0:33:30,0:33:33],
[0:33:42,0:33:47],
[0:33:42,0:33:47],
[0:38:52,0:38:55],
[0:39:02,0:39:06],
[0:47:25,0:47:30],
[0:47:25,0:47:30],
[0:57:40,0:47:45],
[0:57:59,0:58:00],
[1:29:30,1:29:40], [1:29:45,1:29:55],
[1:53:20,1:53:22], [1:53:33,1:29:36],",19,"Matt Nielsen misses a FT, Matt Nielsen makes a FT, 
David Andersen misses a FT,
David Andersen makes a FT,
Joe Ingles makes a FT,
Joe Ingles makes a FT,
Patrick Mills misses FT,
Patrick Mills misses FT,
Aleks Maric misses FT,
Aleks Maric makes a FT,
Joe Ingles misses a FT,
Joe Ingles makes a FT,
Brad Newley makes a FT,
Patrick Mills makes FT,
Patrick Mills makes FT,
Joe Ingles makes a FT,
Joe Ingles makes a FT,
Patrick Mills makes FT,
Patrick Mills makes FT,"
,90,sport,1076,D,Enumeration,List all jersey numbers of American team players introduced as part of the starting lineup at the beginning of the game.,"[0:07:30,0:07:44]","4, 5, 6, 10, 13",
,90,sport,1077,E,Counting,"During the national anthem at the start of the game, what is the total number of Australian team players and staff standing in a line with their arms around each other's shoulders?","[0:03:48,0:03:50]",19,
,90,sport,1078,E,Enumeration,"At the end of the first quarter, list all jersey numbers of Australian team players who were on the bench.","[0:35:40,0:35:46]","4, 6, 8, 10, 11, 12, 15",
,90,sport,1079,F,Counting,"In the second quarter, how many 3-point shots did the American team successfully make?","[0:37:54,0:37:56], [0:43:16,0:43:17], [0:46:36,0:46:37], [0:50:05,0:50:06], [0:51:00,0:51:01], ",5,"Kevin Durant ,
Deron Williams,
LeBron James,
Carmelo Anthony, 
Deron Williams"
,90,sport,1080,F,Enumeration,"In the first quarter, list all Australian players by jersey number who were called for a foul.","[0:14:52,0:14:54], [0:18:39,0:18:40], [0:20:16,0:20:18], [0:21:40,0:21:42],  [0:34:04,0:34:06]","9, 11,14, 13,12 ,10",
,90,sport,1073,C,Counting,"In the commentary before the game, how many quarter-final match results were mentioned?","[0:00:24,0:00:38], [0:00:50,0:00:57]",3,
,90,sport,1074,C,Enumeration,"In the commentary before the game, list all the countries that advanced to the semi-finals.","[0:00:26,0:00:32], [0:00:32,0:00:36], [0:00:50,0:00:54]","Russia, Spain, Argentina",
https://www.youtube.com/watch?v=Z86xysw5Ncc,91,sport,1081,A,Counting,How many heats of the Men's 100m preliminary were held in this video?,"[0:01:35,0:01:48], [0:05:22,0:05:33], [0:13:40,0:13:50], [0:20:34,0:20:55], [0:24:55,0:25:04], [0:28:45,0:28:48], [0:33:00,0:33:01]",7,
,91,sport,1082,A,Enumeration,"Please list all the countries of the athletes who placed first in each heat, in heat order.","[0:04:23,0:04:25], [0:07:49,0:07:50], [0:15:49,0:15:50], [0:23:48,0:23:50], [0:27:03,0:27:05], [0:30:58,0:30:59], [0:35:15,0:35:17]","America, America, America, Jamaica, Jamaica, Jamaica, United Kingdom",
,91,sport,1083,B,Counting,How many races recorded a time in the 9-second range?,"[0:08:31,0:08:34], [0:15:49,0:15:50]",2,"Justin Gatlin, Ryan Bailey"
,91,sport,1084,B,Enumeration,Please list in order the actions Tyson Gay takes from taking off his warm-up wear until he places his hands on the starting blocks.,"[0:00:38,0:03:32]",Take off warm-up pants → Stand up and hand over wear to the official →Stretching his neck → Head towards the starting line →  Stretching his arms  → Position his self → Place hands on the starting block,
,91,sport,1087,D,Counting,How many times did the athlete wearing a yellow singlet (uniform) run the race?,"[0:23:20,0:23:30], [0:26:34,0:26:45], [0:30:30,0:30:40]",3,"Usain Bolt, Asafa Powell, Yohan Blake"
,91,sport,1088,D,Enumeration,Please list all the home countries of the athletes who wore sunglasses among those who participated in the race.,"[0:06:14,0:06:28], [0:15:05,0:15:19]","Bahamas, America","Derrick Atkins, Ryan Bailey"
,91,sport,1089,E,Counting,What is the maximum number of athletes who were simultaneously in the pole vault competition area?,"[0:28:08,0:28:19]",9,
,91,sport,1090,E,Enumeration,Please list all the track and field equipment that was installed on the indoor warm-up track.,"[0:11:58,0:12:01], [0:12:25,0:12:28]","Starting block, Hurdle",
,91,sport,1091,F,Counting,How many times was the Jamaican flag shown in the stands in the 5 seconds before Usain Bolt crossed the finish line in preliminary heat 4?,"[0:22:27,0:22:29]",1,
,91,sport,1092,F,Enumeration,"Please list all the actions shown by the athlete who finished in the 9-second range, immediately after crossing the finish line.","[0:07:31,0:07:36], [0:15:31,0:15:58]",Justin Gatlin: slows down → salute to the crowd. Ryan Bailey: slows down → claps for the crowd → smile on the camera → this is my house gesture → blows a kiss for the camera.,
,91,sport,1085,C,Counting,How many times did you hear the pistol shot signaling the start of the race?,"[0:03:55,0:03:56], [0:07:21,0:07:22], [0:15:20,0:15:21], [0:23:20,0:23:21], [0:26:34,0:26:35], [0:30:30,0:30:31], [0:34:44,0:34:45]",7,
,91,sport,1086,C,Enumeration,Please list all the names of the Jamaican sprinters that the commentator mentioned.,"[0:00:17,0:00:18], [0:11:48,0:11:49], [0:12:03,0:12:04], [0:12:18,0:12:21]","Usain Bolt, Yohan Blake, Asafa Powell, Nesta Carter, Michael Frater",
https://www.youtube.com/watch?v=hjoDzK0siaM,92,sport,1093,A,Counting,How many athletes committed a line violation (stepping a foot out of bounds) during the performance?,"[0:03:28,0:03:31], [0:04:08,0:04:15],  [0:06:57,0:06:59], [0:32:04,0:32:08], ",3,
,92,sport,1094,A,Enumeration,Please list all countries that have sent more than one player to this final.,"[0:00:20,0:00:39], ","Russia, America, Romania",
,92,sport,1095,B,Counting,"How many series of acrobatics (tumbling) did Alexandra Raisman, who won the gold medal, perform during her routine?","[0:11:08,0:11:21], [0:11:26,0:11:33], [0:12:13,0:12:15], [0:12:29,0:12:35]",4,
,92,sport,1096,B,Enumeration,Please list the steps until Sandra Izbașa fell during her final tumbling.,"[0:32:00,0:32:07]",Round-off → Back handspring → 2.5 twisting backward layout → Fall,
,92,sport,1099,D,Counting,How many athletes were wearing long-sleeved leotards during the performance?,"[0:03:17,0:03:19], [0:06:25,0:06:27], [0:10:57,0:10:59], [0:14:33,0:14:35], [0:18:06,0:18:08], [0:26:33,0:26:35], [0:30:25,0:30:27]",7,
,92,sport,1100,D,Enumeration,Please list the nationalities of the athletes who wore leotards primarily in red or blue.,"[0:03:17,0:03:19], [0:06:25,0:06:27], [0:21:57,0:21:59], [0:30:25,0:30:27]","Russia, America, Italy, Romania",
,92,sport,1101,E,Counting,What was the maximum number of photographers simultaneously visible on screen in the scene where Alexandra Raisman embraced her coach after her performance?,"[0:14:11,0:14:15]",3,
,92,sport,1102,E,Enumeration,Please list all personal belongings other than their leotards that the athletes had placed around the chairs in the waiting area before their performance.,"[0:05:57,0:06:08], [0:21:05,0:21:06], [0:29:33,0:29:38]","Backpack, Water bottle, Towel, Jersey, Shoes, Socks",
,92,sport,1103,F,Counting,How many athletes scored 15.000 points or more in the first half of the competition (the first 4 athletes)?,"[0:14:06,0:14:14], [0:17:48,0:17:50]",2,
,92,sport,1104,F,Enumeration,Please list all athletes who finished their final tumbling facing towards the judges' table.,"[0:12:30,0:12:36], [0:16:04,0:16:08], [0:28:08,0:28:11], [0:32:02,0:32:09]","Alexandra Raisman, Catalina Ponor, Aliya Mustafina, Sandra Izbașa",
,92,sport,1097,C,Counting,How many times did booing from the audience occur during the score announcement after the performance?,"[0:17:48,0:17:55]",1,
,92,sport,1098,C,Enumeration,Please list all the country names that were announced in the opening player introductions.,"[0:01:49,0:01:51], [0:02:00,0:02:01], [0:02:19,0:02:20], [0:02:28,0:02:29], [0:02:36,0:02:37]","Russian Federation, United States of America, Romania, Australia, Italy",
https://www.youtube.com/watch?v=2LH3JCGkEBU,93,sport,1105,A,Counting,How many types of programs did women perform wearing red-colored costumes (including wine red and reddish-purple)?,"[0:00:14,0:00:22], [0:03:42,0:03:50], [0:23:53,0:24:01], [0:50:09,0:50:17], [1:08:40,1:12:10]",5,
,93,sport,1106,A,Enumeration,Please list all the Olympic host cities that were displayed as on-screen text during the performance.,"[0:00:15,0:00:17], [0:18:50,0:18:52], [0:45:12,0:45:14]","Vancouver 2010, Sochi 2014, PyeongChang 2018",
,93,sport,1107,B,Counting,"Towards the end of the Pyeongchang Olympics Free Dance (in a reddish-purple costume), how many seconds did the lift last where the woman jumped onto the man's shoulder?","[0:53:55,0:54:01]",6,
,93,sport,1108,B,Enumeration,Please list the series of movements leading up to the final pose of the Free Dance (white costume) at the Vancouver Olympics.,"[0:12:21,0:13:05]",The two separate and glide closer going sideways then faced each other then hugged → they glide again to the middle separately then hold each others hands → the man pulls and lifted her and carried in his shoulder doing the spin moves → The man put the down the girl ending in a hug → they both glided kneeling on 1 knee → they both separate again then returned again to do a spin move while sitting → separate again and girl returned for the man to catch her for the final pose,
,93,sport,1111,D,Counting,How many times did the woman perform with a ponytail hairstyle?,"[0:45:17,0:45:19], [0:56:46,0:56:49]",2,
,93,sport,1112,D,Enumeration,"Please list all flags, other than Canada, that were observed in the audience seats during the performance.","[0:01:01,0:01:03], [0:06:43,0:06:44], [0:18:58,0:19:00], [0:12:03,0:12:04], [0:21:12,0:21:13], [0:22:06,0:22:07], [0:22:06,0:22:07], [0:22:06,0:22:07], [0:23:57,0:23:59]","United States, Spain, Mexico, Russia, Switzerland, Japan, Germany, Italy, France, Ukraine",
,93,sport,1113,E,Counting,"After the Pyeongchang Olympics team event free dance, how many people from Team Canada were surrounding them at the Kiss and Cry? (excluding the athletes themselves)","[0:56:15,0:56:29]",12,
,93,sport,1114,E,Enumeration,Please list all types of gifts thrown onto the rink after the performance.,"[0:13:20,0:13:21], [0:39:08,0:39:10], [0:54:48,0:54:49]","bouquet, stuffed animal",
,93,sport,1115,F,Counting,How many times during the Sochi Olympics performance were there sequences where the two people completely separated and each performed a spin or step individually?,"[0:19:38,0:19:42], [0:20:07,0:20:11], [0:24:50,0:20:53], [0:25:17,0:25:23], [0:27:18,0:27:22], [0:30:13,0:30:35], [0:30:41,0:30:54], [0:35:25,0:35:28], [0:35:54,0:35:59], [0:36:20,0:36:34], [0:38:25,0:38:32]",11,
,93,sport,1116,F,Enumeration,Please describe all the poses performed by the pair on the ice at the end of the performance in all Olympic free programs (free dances).,"[0:12:58,0:13:07], [0:28:12,0:28:14], [0:38:48,0:38:51], [0:54:26,0:54:31]","Vancouver 2010: A man kneels on one knee, and a woman arches her back on his knee, held by the man. Sochi 2014 (Team Event): Both placing their right hand on their chest standing together. Sochi 2014 (Individual Event): Both placing their right hand on their chest standing together. PyeongChang 2018 (Team Event): The man is holding and looking at  the girl thats doing the unconcious like pose while standing.",
,93,sport,1109,C,Counting,How many times were the names 'Tessa Virtue and Scott Moir' called in the announcement at the end of the performance?,"[0:02:51,0:02:53], [0:06:55,0:06:56], [0:13:35,0:13:37], [0:17:59,0:18:00], [0:22:11,0:22:12], [0:28:19,0:28:21], [0:33:00,0:33:02], [0:39:22,0:39:23], [0:44:32,0:44:35], [0:48:44,0:48:46], [0:54:49,0:54:51]",11,
,93,sport,1110,C,Enumeration,"Please list all the genres of music used as background music for the performance, to the extent that they are audible.","[0:08:54,0:08:58], [0:03:51,0:03:55], [0:18:57,0:19:02], [0:41:08,0:41:12], [0:45:22,0:45:26], [0:50:26,0:50:31]","Classical, Latin, Jazz, Pop, Rock, Soundtrack",
https://www.youtube.com/watch?v=9-gOCOu_KGU,94,sport,1117,A,Counting,"How many total athletes stopped running during the race, or stopped due to a fall or shoe problem?","[0:12:51,0:12:53], [0:14:47,0:14:54], [0:23:29,0:23:54],


",3,"Kipsiro, Mahboob, Kiprok"
,94,sport,1118,A,Enumeration,List all nationalities of athletes who led the race.,"[0:05:23,0:05:37], [0:16:31,0:16:36], [0:26:00,0:26:10], [0:32:40,0:32:46]","Ethiopia, Eritrea, Kenya, Great Britain",
,94,sport,1119,B,Counting,"After the 5000m mark, how many different athletes led the race before Mo Farah eventually took the lead?","[0:20:58,0:21:03], 
[0:24:13,0:24:16], [0:29:25,0:29:30]. [0:30:14,0:30:19]",4,"Tadese

Moses Masai

Gebre Egziabher Gebremariam

Tariku Bekele"
,94,sport,1120,B,Enumeration,"List the top 6 athletes in the leading group, in order of rank, at the moment the bell for the final lap rang.","[0:32:01,0:32:05]","Mo Farah,
Bedan Karoki Muchiri,
Tariku Bekele,
Galen Rupp,
Kenenisa Bekele,
Zersenay Tadese,",
,94,sport,1123,D,Counting,How many athletes are running while wearing glasses or sunglasses?,"[0:02:55,0:02:59]",1,Sato
,94,sport,1124,D,Enumeration,"List the dominant colors of the singlets worn by the three medal-winning athletes (gold, silver, bronze), in order of their finish.","[0:32:50,0:32:54]","White, Red, Green",
,94,sport,1125,E,Counting,"At the 10-minute mark of the race (race clock 10:00), how many people were in the leading group?","
[0:15:18,0:15:20]",9,
,94,sport,1126,E,Enumeration,"Just before the bell for the final lap rang, list all the colors of the jackets worn by the event officials and staff inside the track.","[0:31:45,0:31:52]","Navy,Black,Beige, White",
,94,sport,1127,F,Counting,"Between the 4-laps-to-go signal and the bell for the final lap, how many laps did an Ethiopian athlete lead?","[0:29:09,0:30:29], [0:31:01,0:31:32]",2,
,94,sport,1128,F,Enumeration,List the athletes who were in the leading group at the 1000m-to-go mark but ultimately did not finish in the top 8.,"[0:30:50,0:30:55], [0:39:38,0:39:42]","Moses Masai,
Cameron Levins",
,94,sport,1121,C,Counting,"How many times did the commentator mention the name of coach ""Alberto Salazar""?","[0:02:01,0:02:04], [0:26:23,0:26:25], [0:33:56,0:33:58]",3,
,94,sport,1122,C,Enumeration,List all sibling athletes competing in this race that the commentator mentioned.,"[0:00:33,0:00:35], [0:03:13,0:03:15]","Kenenisa Bekele, Tariku Bekele",Baleke Brothers
https://www.youtube.com/watch?v=9tBsMSDoDqk,95,tv,1129,A,Counting,How many performers used playing cards in their magic act?,"0:31:12,0:31:57]",1,
,95,tv,1130,A,Enumeration,List all types of magic performed throughout the video.,"[0:02:02,0:02:31], [0:02:41,0:03:30], [0:08:00,0:08:11], [0:14:41,0:15:01], [0:22:17,0:24:56], [0:32:10,0:32:57]","Mentalism, Sleight of Hand Magic, Ventriloquism, Comedy Magic, Mathematical Magic, Card Magic",
,95,tv,1131,B,Counting,"In Ryland's magic act, how many numbers did the judges choose in total to complete the final number?","[0:22:37,0:22:43], [0:22:50,0:22:55], [0:23:04,0:23:09], [0:23:17,0:23:31]",4,"7,11,10,1"
,95,tv,1132,B,Enumeration,List the steps Kevin Li took to make the popcorn box appear.,"[0:02:36,0:02:38], [0:02:53,0:02:54], [0:03:07,0:03:18],   [0:03:23,0:03:30]","Kevin Li asked Sofia to pretend to place a kernel of corn in her hand → ""Pop"" the kernel out of his eye → Take out an empty box labeled ""Core Memories"" → Put the popped kernel into the box → Warm the bottom of the box with a match → Pour a large amount of popcorn from the box into Sofia's hand",
,95,tv,1135,D,Counting,How many performers were wearing leopard print clothing?,"[0:13:47,0:13:53]",1,Mandy muden
,95,tv,1136,D,Enumeration,List the food and drinks that appeared as magic props.,"[0:02:52,0:02:53], [0:03:27,0:03:30], [0:10:51,0:11:11]","corn kernel, Popcorn,cookie",
,95,tv,1137,E,Counting,How many photos are on the corkboard at the beginning of Kevin Li's performance?,"[0:00:55,0:01:51]",6,
,95,tv,1138,E,Enumeration,"In Ryland's performance, list the names written on the T-shirts of the friends who held the numbers chosen by the judges.","[0:22:32,0:22:35], [0:22:47,0:22:50], [0:23:00,0:23:05], [0:23:13,0:23:18]
","Mark, Om, Skyler, Jordan",
,95,tv,1139,F,Counting,"After Kevin Li revealed his childhood photos, how many people in the photos on the board are wearing hats?","[0:03:51,0:03:57]",1,simon
,95,tv,1140,F,Enumeration,"During Mandy Muden's performance, list all the items the judges held in their hands.","[0:15:04,0:15:23], [0:16:35,0:17:05], [0:16:48,0:16:51]","cards with Letter, Book, Dictionary, Pen, Paper",
,95,tv,1134,C,Enumeration,List all performer names mentioned by the judges or host.,"[0:00:05,0:00:07], [0:06:57,0:07:00], [0:07:18,0:07:19], [0:13:48,0:13:53], [0:20:27,0:20:28], [0:26:16,0:26:18]","Kevin Li, Brynn Cummings, Darci Lynne, Mandy Muden, Ryland, Magic Mike Jacobson",
https://www.youtube.com/watch?v=k2FIFQIYBvA,96,tv,1141,A,Counting,How many times in total has Jimmy Fallon fallen to the floor in surprise or run off stage?,"[0:08:39,0:08:47], [0:21:39,0:21:43], [0:26:40,0:26:47], [0:32:23,0:32:28]",4,
,96,tv,1142,A,Enumeration,"Throughout the entire video, please list all types of magic other than card tricks that David Blaine performed.","[0:01:03,0:01:08], [0:13:49,0:14:56], [0:27:47,0:27:51], [0:31:21,0:31:29]","Magic of spitting out frogs, magic of sewing the mouth shut, magic of driving nails into the hand, magic of passing a needle through the nose",
,96,tv,1143,B,Counting,"Out of the five cards Jimmy Fallon initially selected, how many cards were discarded until only the 7 of Hearts remained?","[0:03:59,0:04:37]",4,
,96,tv,1144,B,Enumeration,Please list the steps of David Blaine's mouth-sewing magic trick.,"[0:13:00,0:13:24],    
[0:13:53,0:16:22],   [0:16:30,0:16:56] ",Take the needle and thread out of the pocket → get a exact length of thread →  Pass the needle through the lower lip → Pass the needle through the upper lip → Sew the other side in the same way → tie the thread to closed the mouth,
,96,tv,1147,D,Counting,How many times were there scenes where a magician drank water or used a glass containing water?,"[0:00:34,0:01:45], [0:10:56,0:12:01], [0:20:18,0:20:22], [0:21:29,0:21:38], [0:29:53,0:31:16]",5,
,96,tv,1148,D,Enumeration,Please list all the types of hats that The Roots members were wearing.," [0:02:29,0:02:31], [0:12:06,0:12:08]","Fur hat, Fedora hat",
,96,tv,1149,E,Counting,What was the maximum number of people on stage during the frog-spitting magic trick?,"[0:01:11,0:01:15], [0:21:43,0:21:46]",5,
,96,tv,1150,E,Enumeration,Please list everything that was placed on the desk during Jimmy's magic trick of standing a nail on his hand.,"[0:24:21,0:24:31], [0:29:17,0:32:18]","glass of water, mug, glass bowl, box of nails, deck of cards, pen holder, pen",
,96,tv,1151,F,Counting,How many magic tricks did David Blaine perform while sitting at the talk seat in the latter half of the video (from 15 minutes onwards)?,"[0:22:22,0:28:28], [0:29:39,0:31:37], [0:32:15,0:32:22]",3,"card and pins magic trick,  Nail eating Trick, frog spitting trick"
,96,tv,1152,F,Enumeration,"Please list the characteristics of the clothing of the people who were on stage, excluding the magician and the host, within the first minute of the video.","[0:00:00,0:00:21]","Questlove: black blazer, black shirt, glasses, Tariq: wine red suit, gray turtleneck, sunglasses, gray fur hat, Kirk Douglas: dark suit, patterned shirt",
,96,tv,1145,C,Counting,How many times did loud screams and cheers erupt from the audience after the magician performed magic?,"[0:01:05,0:01:14], [0:04:38,0:04:43], [0:06:03,0:06:08], [0:08:34,0:08:39], [0:14:53,0:14:58], [0:19:50,0:19:55], [0:21:36,0:21:42], [0:28:29,0:28:33], [0:31:28,0:31:41], [0:32:16,0:32:21]",10,
,96,tv,1146,C,Enumeration,Please list all the names of the people David Blaine directly named as his magic opponents.,"[0:02:34,0:02:36], [0:06:31,0:06:33], [0:09:04,0:09:06], [0:12:12,0:12:15]","Jimmy, The Roots, Tariq, Questlove, Priyanka",
https://www.youtube.com/watch?v=W-BnDvXXfOs,97,tv,1153,A,Counting,How many times do the judges stand up and applaud during the performance?,"[0:07:40,0:07:45], [0:11:18,0:11:25], [0:16:34,0:16:37], [0:17:53,0:17:55], [0:21:12,0:21:17], [0:23:19,0:23:26],  [0:36:56,0:36:58], [0:39:29,0:39:34],  [0:43:00,0:43:04], [0:50:52,0:51:40],",10,
,97,tv,1154,A,Enumeration,Please list all forms of performance appearing in the video.,"[0:00:00,0:00:18], [0:02:41,0:02:45], [0:29:47,0:29:52]","singing, dance, musical instrument performance , rap",
,97,tv,1156,B,Enumeration,"In what order did the performance by the four judges, starting from 22:42, begin singing?","[0:22:42,0:23:12]",It starts with a judge in a blue velvet suit → and All three judges begin singing together at the same time,
,97,tv,1159,D,Counting,How many judges wearing hats will appear?,"[0:04:47,0:04:49], [0:51:42,0:51:45], [0:57:51,0:57:54]
",3,
,97,tv,1160,D,Enumeration,Please list all types of string instruments played on the stage throughout the entire video.,"[0:22:40,0:22:42], [0:29:01,0:29:07]","Guitar, Harp",
,97,tv,1161,E,Counting,What is the total number of musicians on stage in the 0:19 scene?,"[0:00:18,0:00:19]",10,
,97,tv,1162,E,Enumeration,Please list the types of background footage displayed on the screen behind the stage between 2 minutes 34 seconds and 4 minutes 38 seconds.,"[0:02:42,0:02:46],
[0:03:28,0:03:31],
[0:03:41,0:04:08]","sea waves,mountains,sunset, cityscape,song lyrics,galaxy",
,97,tv,1164,F,Enumeration,"Please list the outfits of the singers who sang solo parts in the first 'Havana' performance, in the order they sang.","[0:00:07,0:00:53]",Woman in a white puff-sleeve top and white pants → Man in a pink shirt and floral pants → Woman in a floral one-shoulder top and pants → Man in a black vest and white shirt,
,97,tv,1157,C,Counting,"How many times is the word ""Havana"" sung in the song starting from 0:07?","[0:00:07,0:02:33]",12,
,97,tv,1158,C,Enumeration,Please list the song titles he sang in the scene (4:38~) where the judges prompted Tom Jones to sing.,"[0:05:42,0:07:40]",I Won't Crumble with You If You Fall,
https://www.youtube.com/watch?v=qgJiXSkDhrY,98,tv,1165,A,Counting,How many men are confirmed to be fathers as a result of DNA testing?,"[0:07:36,0:07:39], [0:14:40,0:14:45], [0:26:54,0:27:01], [0:31:50,0:31:54], [0:45:07,0:45:10], [0:50:42,0:50:45],
[1:03:50,1:03:55]",7,
,98,tv,1166,A,Enumeration,List all the discoveries that led the women to suspect their partners of cheating.,"[0:46:58,0:47:04], [0:52:20,0:52:23], [0:53:23,0:53:25]","Condom, lace panties, scratches on the back, tooth, condom wrapper",
,98,tv,1167,B,Counting,How many items were determined to be true in the lie detector test Keisha took?,"[0:06:02,0:07:06]",4,
,98,tv,1168,B,Enumeration,List in order the events that led Arika to confront her boyfriend Michael on the show.,"[0:52:20,0:52:23], [0:52:42,0:52:44], [0:53:20,0:53:31],",Found an unfamiliar tooth in the house → Michael asked Arika's sister for a kiss → Found a used condom wrapper → Received a call from the other woman,
,98,tv,1171,D,Counting,How many women wearing yellow tops appear?,"[0:00:01,0:00:04], [0:46:32,0:46:35], [0:56:26,0:56:28]",3,"kesha,de'sha,monique"
,98,tv,1172,D,Enumeration,List all the shirt colors worn by the security guards who appeared to stop the brawl.,"[0:04:13,0:04:16], [0:12:44,0:12:47], [0:38:55,0:38:57], [0:42:48,0:42:51]",Light purple,
,98,tv,1173,E,Counting,What was the maximum number of people simultaneously seated in the guest seats on stage?,"[0:04:40,0:04:42], [0:12:31,0:12:33], [0:19:52,0:19:54], [0:26:25,0:26:27]",2,
,98,tv,1174,E,Enumeration,List all the different types of backgrounds used in the pre-recorded interview VTRs.,"[0:01:04,0:01:40], [0:09:22,0:09:24], [0:34:12,0:34:24], [0:48:34,0:48:52],","Red abstract background, gray wall with purple floral art, dark background with blue curtains and red lighting, purple brick wall, purple and pink diagonal stripe background, dark background",
,98,tv,1175,F,Counting,"How many times did the audience cheer after Desmond's ""I'm not the father"" haircut was first shown on screen?","[0:01:43,0:01:51]",2,
,98,tv,1176,F,Enumeration,List all the reactions shown by the men immediately after being declared fathers by DNA testing.,"[0:07:37,0:07:57], [0:14:41,0:14:52], [0:26:55,0:27:22], [0:31:51,0:32:00], [0:45:08,0:45:25], [0:50:43,0:50:57]","Running off stage and throwing a chair, attacking their partner and brawling with security guards, breaking down in tears and holding their head, running off stage, sitting down in disbelief and arguing with their wife, doing a dance of joy",
,98,tv,1169,C,Counting,How many times was it mentioned during the show that a lie detector test was conducted?,"[0:00:52,0:00:55], [0:05:55,0:05:56], [0:23:21,0:23:22], [0:27:26,0:27:27], [0:32:50,0:32:51], [0:37:45,0:37:46], [0:52:34,0:52:35], [0:55:07,0:55:09]",9,
,98,tv,1170,C,Enumeration,List all the derogatory terms used by the cast members to insult each other in the video.,"[0:01:14,0:01:15], [0:02:38,0:02:39], [0:09:51,0:09:52], [0:10:17,0:10:18], [0:33:12,0:33:13], [0:42:21,0:42:22]","nasty hoe,dump truck girl,bitch with passion,home wrecker,slut,disgusting pig,cheater,snitch,rat",
https://www.youtube.com/watch?v=vHlSoxg8WHo,99,tv,1177,A,Counting,"How many times did the host declare, ""You are not the father of that child!""?","[0:05:27,0:05:29],
[0:05:38,0:05:40], [0:11:32,0:11:34], [0:18:17,0:18:19], [0:18:25,0:18:27], [0:18:32,0:18:34], [0:23:55,0:23:57], [0:29:17,0:29:19], [0:37:29,0:37:31], [0:43:17,0:43:19], [0:54:11,0:54:13]",11,
,99,tv,1178,A,Enumeration,Please list all types of intense reactions shown by the women after hearing the DNA test results.,"[0:05:38,0:05:48], [0:11:33,0:11:42], [0:18:33,0:18:48], [0:23:57,0:24:02], [0:29:18,0:30:00], [0:37:30,0:37:41], [0:43:19,0:43:25], [0:54:12,0:54:21]","Running off stage, collapsing onto the floor or sofa, screaming, crying, starting a scuffle or fight, falling to their knees, covering their mouth in shock",
,99,tv,1179,B,Counting,"In the first Takara case, how many times did the host declare ""not the father"" from the moment he took the DNA test results out of the envelope until she ran off stage?","[0:05:10,0:05:39]",2,
,99,tv,1180,B,Enumeration,"In the first Takara case, please list the events in order from when she confessed her secret until she learned the DNA test results.","[0:00:24,0:00:45],  [0:00:55,0:01:48",Takara confesses to her sister Britney that she slept with her fiancé Raymond → Takara reveals she is pregnant and Raymond might be the father → Raymond appears on stage and apologizes → Takara confesses to her boyfriend Jason that she cheated with her cousin Raymond and the child might not be his → Jason runs off stage → The host suggests a DNA test be AT done at a later date,
,99,tv,1183,D,Counting,How many times is the scene shown where the host is holding a brown envelope containing the DNA test results?,"[0:05:10,0:05:22], [0:11:18,0:11:26], [0:18:05,0:18:12], [0:23:41,0:23:48], [0:28:27,0:28:34], [0:37:13,0:37:20], [0:43:08,0:43:15], [0:53:48,0:53:55]",8,
,99,tv,1184,D,Enumeration,Please list all the colors of the chairs where the female guests who requested DNA tests were sitting.,"[0:04:40,0:04:42], [0:12:49,0:12:51]","Beige, Light blue",
,99,tv,1185,E,Counting,"In the 4:40 scene, what is the total number of monitor screens installed on the stage?","[0:04:39,0:04:46]",1,
,99,tv,1186,E,Enumeration,Please list everything placed on the host's desk.,"[0:01:28,0:01:30], [0:04:45,0:04:47]","Tissue box, Paper,mic",
,99,tv,1187,F,Counting,"In the first half of the show (up to 15 minutes), how many people ran backstage after the DNA test result was declared ""not the father""?","[0:05:37,0:05:41]",3,
,99,tv,1188,F,Enumeration,"In the second half of the show (after 15 minutes), please list all the names of the people who were on stage wearing red or purple clothes when the DNA test results were announced.","[0:18:17,0:18:20], [0:23:54,0:23:57], [0:29:16,0:29:19], [0:54:10,0:54:13]","John,Pam, Tom,  Yvette",
,99,tv,1181,C,Counting,How many times did the beep sound (censorship beep) occur throughout the video to cover up inappropriate remarks?,"[0:00:45,0:01:02],   [0:02:56,0:03:06],  
[0:05:19,0:05:22],  
[0:16:32,0:16:34],   
[0:19:55,0:19:56],  
[0:26:44,0:26:45],  
[0:27:29,0:27:34],  
[0:28:23,0:28:26],  
[0:28:40,0:28:41],  
[0:29:24,0:29:25],  
[0:29:06,0:29:07],  [0:54:14,0:54:25],  
[0:54:34,0:54:37]  ",30,
,99,tv,1182,C,Enumeration,Please list all the names of the men mentioned by the host as parties to the DNA test.,"[0:01:32,0:01:33], [0:06:41,0:06:42], [0:13:20,0:13:27], [0:19:42,0:19:43], [0:25:13,0:25:13], [0:35:29,0:35:30], [0:38:11,0:38:12], [0:48:54,0:48:55]","Jason, Raymond, Mario, Vincent, Andre, John, Chris, Tom, Shawn, Diamond",
,100,tv,1190,A,Enumeration,Please list all types of horror or monster-themed characters that appeared in the video.,"[0:00:20,0:00:21], [0:02:32,0:02:33], [0:09:24,0:09:25], [0:14:50,0:14:51], [0:27:52,0:27:53], [0:31:45,0:31:46], [0:53:23,0:53:24], [0:37:05,0:37:06]","Zombie, Wizard, Clown, Witch, Skeleton, Phantom, Alien, Joker",
,100,tv,1191,B,Counting,"In the magic trick where a box was placed on the judge's head, how many preparatory steps did the magician take with the judge before setting the box on fire?","[0:05:00,0:05:04], [0:05:21,0:05:28], [0:05:41,0:05:43], [0:05:51,0:05:54], [0:06:05,0:06:27]",5,"1)head covered
2)and filled with Lighter fluid
3)a wooden board place to his neck
4)The red box was placed over the covered head.
5)and lit two pieces of match and dropped them into the red box"
,100,tv,1192,B,Enumeration,Please list the steps of the apple magic trick performed by the witch for the two female judges.,"[0:15:56,0:16:04], [0:16:46,0:17:18]",Have a judge choose an apple → Have another judge hold two apples → Have the first judge choose one → The other judge bites the chosen apple → A large number of worms come out of the apple,
,100,tv,1195,D,Counting,How many performers appeared with such extensive makeup that their own faces were unrecognizable?,"[0:00:21,0:00:22], [0:02:32,0:02:33], [0:09:24,0:09:25], [0:14:50,0:14:51],  [0:27:52,0:27:53], [0:29:43,0:29:44], 
[0:51:58,0:52:00]",8,
,100,tv,1196,D,Enumeration,Please list all the colors of the buzzers on the judges' panel that appeared in the video.,"[0:00:07,0:00:08]","Red, Gold",
,100,tv,1197,E,Counting,"In any of the acts, what was the maximum number of performers simultaneously on stage?","[0:37:03,0:37:04]",36,
,100,tv,1198,E,Enumeration,Please list all the tools used in the dangerous performances.,"[0:20:30,0:20:31], [0:16:50,0:16:51], [0:06:25,0:06:26], [0:05:13,0:05:14], [0:24:44,0:24:45], [0:23:21,0:23:22], [0:04:46,0:04:53], [0:50:20,0:50:21], [0:50:50,0:50:51]","Sword, Drill, Fire, Lighter fluid, Hook, Chain, Box with shackles, Cage, Spear",
,100,tv,1199,F,Counting,What was the total number of times the judges left their seats and went up on stage during the performances?,"[0:04:21,0:04:26], [0:11:30,0:11:34],  [0:22:51,0:22:54], [0:32:21,0:32:28]",4,
,100,tv,1200,F,Enumeration,Please list all performances where judges directly participated in the act on stage.,"[0:04:21,0:07:38], [0:11:30,0:13:37]], [0:22:51,0:24:03], [0:32:21,0:35:42]","Miki Dark, Auzzy Blood, Andrew Stanton, The Phantom",
,100,tv,1193,C,Counting,What was the total number of times the judges pressed the buzzer to indicate failure?,"[0:32:09,0:32:11]",1,
,100,tv,1194,C,Enumeration,Please list all lines spoken by the judges or hosts that expressed surprise or fear.,"[0:00:04,0:00:05], [0:00:12,0:00:13], [0:02:26,0:02:27], [0:02:49,0:02:50], [0:04:55,0:04:56], [0:18:20,0:18:21], [0:24:10,0:24:11],
[0:24:23,0:24:24]","Oh my god!, Get the hell out of here!, Wow!, He scares me, No no no no no, That was horrific, What's the matter with him? oh,Oh my gosh.",
https://www.youtube.com/watch?v=JTa_Ue2MSwc,101,tv,1201,A,Counting,How many physical brawls occurred between the cast members in the entire video?,"[0:03:19,0:03:40],  [0:04:14,0:04:25], 
[0:04:42,0:04:46],  0:14:03,0:14:12],   [0:24:45,0:24:52],   [0:32:28,0:32:33],
[0:32:48,0:32:50]",8,
,101,tv,1202,A,Enumeration,List the main themes of the conflicts featured in this show.,"[0:00:07,0:00:16], [0:08:19,0:08:31], [0:19:51,0:20:08], [0:27:07,0:27:26], [0:34:45,0:34:52]","Dog custody battle and infidelity with an ex-roommate, love triangle between an online lover and a real-life lover, infidelity between a lover and their colleague, infidelity between a lover and a stripper, infidelity between a lover and a high school friend",
,101,tv,1203,B,Counting,"In the first story, how many reasons did Sierra give for kicking out her ex-roommate?","[0:00:51,0:00:55]",1,
,101,tv,1204,B,Enumeration,List the sequence of events leading up to Dominique meeting her online lover Brian for the first time.,"[0:08:38,0:08:57],
[0:11:44,0:11:53]",Receives a DM from Brian on Facebook → Confirms his identity via video chat → Starts texting and talking on the phone daily → Promises to remain friends until they meet in person → Meets for the first time on the show,
,101,tv,1207,D,Counting,How many guests wearing red clothing appeared on stage?,"[0:11:39,0:11:42],  [0:36:19,0:36:22]",2,
,101,tv,1208,D,Enumeration,List all the hair colors of the female guests who got into a brawl on stage.,"[0:03:21,0:03:29], [0:14:03,0:14:08], [0:24:45,0:24:50], [0:32:28,0:32:33]","Pink and blonde, Blonde, Black with blonde highlights, Brown, Reddish brown, Dark brown",
,101,tv,1209,E,Counting,What was the maximum number of security guards who appeared on stage simultaneously to stop the brawl?,"[0:14:05,0:14:10], [0:32:29,0:32:33]",3,
,101,tv,1210,E,Enumeration,List all the items that cast members threw or took off on stage.,"[0:02:06,0:02:10], [0:04:42,0:04:44], [0:21:57,0:21:59]","Shoes, Water, flower petals",
,101,tv,1211,F,Counting,"In the latter half of the show (after 15 minutes), how many times did a brawl involving 3 or more people simultaneously occur on stage?","
[0:32:48,0:32:52]",1,
,101,tv,1212,F,Enumeration,"In the first story (dog custody issue), list the attire of each person who was ultimately on stage.","[0:05:29,0:05:32], [0:07:10,0:07:13]","Sierra: Silver sequin mini dress, barefoot, Kindall: Black tank top, purple shiny mini skirt, black thigh-high stockings, barefoot, David: Black zip-up sweater, white collared shirt, dark pants, Gracie: Black V-neck mini dress, black choker, black ankle boots",
,101,tv,1205,C,Counting,"How many times did the audience chant ""Jerry! Jerry!""?","[0:03:28,0:03:31], [0:04:21,0:04:25], [0:08:10,0:08:13], [0:14:17,0:14:25], [0:24:55,0:25:00], [0:32:35,0:32:40]",6,
,101,tv,1206,C,Enumeration,"List all the names of the guests Jerry Springer called to the stage, in order of appearance.","[0:00:06,0:00:07], [0:01:58,0:02:00], [0:05:23,0:05:24], [0:07:02,0:07:03],  [0:11:36,0:11:38], [0:13:48,0:13:49], [0:19:56,0:19:57], [0:22:38,0:22:40], [0:24:39,0:24:41], [0:26:56,0:26:58], [0:28:31,0:28:33], [0:31:13,0:31:14], [0:34:40,0:34:41], [0:36:16,0:36:17], [0:37:38,0:37:39]","Sierra, Kindall, David, Gracie, Brian, Alexis, Serinah, Adrian, Didi, Mia, Austin, Roxana, Larissa, Preshus, Tony",
https://www.youtube.com/watch?v=20lTg3yUrO4,102,tv,1213,A,Counting,"How many disasters of fire, flood, and avalanche were reported in this news broadcast?","[0:03:31,0:03:37], [0:53:13,0:53:38], ",2,"fire disaster,flood disaster"
,102,tv,1214,A,Enumeration,Please list all the UEFA Europa League quarter-final match results reported in the sports news.,"[0:57:28,0:57:36]","AC Milan 0-1 Roma, Leverkusen 2-0 West Ham, Benfica 2-1 Marseille, Liverpool 0-3 Atalanta",
,102,tv,1215,B,Counting,"In the commercial starting at 15:46, how many life events were depicted leading up to the couple painting the walls of their new home?","
[0:15:47,0:16:18],  ",4,"proposal,wedding,buy new house, having a baby"
,102,tv,1216,B,Enumeration,"In the hospital commercial starting at 17:15, please list the flow of medical services a patient receives from beginning to end.","[0:17:15,0:17:25],   [0:17:32,0:17:35], [0:17:41,0:17:48], [0:17:48,0:18:01]",Reception/Check-in → Diagnostics (Imaging/Lab tests) → Treatment/Surgery → Consultation with a doctor →  Recovery/Discharge,
,102,tv,1219,D,Counting,How many anchors appear in the main news studio?,"[0:00:42,0:00:48], 
[0:41:15,0:41:24], [0:44:58,0:45:03], [0:55:41,0:55:43]",4,
,102,tv,1220,D,Enumeration,Please list all the names of the politicians/celebrities wearing hats who appeared on screen.,"[0:04:07,0:04:18], [0:06:34,0:06:36], [0:21:25,0:21:29], [0:31:15,0:31:18], [0:46:12,0:46:15], [0:46:53,0:46:56]","Babajide Sanwo-Olu, Peter Odili, Adebayo Adelabu, Ogbonnaya Onu, Samad Rabiu, Mele Kyari",
,102,tv,1221,E,Counting,"In the military scene from 35:03, how many military vehicles are visible on screen?","[0:35:03,0:35:11]",5,
,102,tv,1222,E,Enumeration,"In the Young Professionals Conference scene from 41:25, please list all the names of the panelists sitting on the stage.","[0:42:52,0:42:55]","Bode, Ifediwa, Emmanuel",
,102,tv,1223,F,Counting,"How many times did the ""NEWS at 10"" logo appear on the news studio's background screen within 2 minutes of the program's start?","[0:00:23,0:00:26], 
[0:00:38,0:00:50],
[0:01:15,0:01:18],",4,
,102,tv,1224,F,Enumeration,"In the report on Rivers State politics, please list the scenes showing large crowds of supporters outdoors in chronological order.","[0:01:20,0:01:24], [0:06:33,0:07:03],  [0:09:33,0:09:52]",Headline montage showing a crowd → Dignitaries on stage with supporters → Various shots of women's groups in the crowd → Peter Odili speaking to a large crowd → Wide shots of a large crowd under a tent,
,102,tv,1217,C,Counting,"In the news about the Minister of Power's apology starting at 21:39, how many times did the minister himself say the word ""sorry""?","[0:22:46,0:22:48]",1,
,102,tv,1218,C,Enumeration,"Please list the fundamental problems facing the power sector, as cited by the TV analyst starting at 26:33.","[0:27:03,0:27:38]","Problematic privatization sale, Lack of technical competence of buyers, Lack of financial muscle of buyers, Liquidity crisis in the sector, Lack of cash flow to encourage investment",
https://www.youtube.com/watch?v=vqFD3cOWdK4,103,sport,1225,A,Counting,How many shots did Chelsea take in total?,"[0:00:59,0:01:01], [0:03:55,0:03:57], [0:04:44,0:04:47], [0:44:47,0:44:50], [0:52:17,0:52:18], [1:10:15,1:10:17], [1:17:14,1:17:15], [1:27:36,1:27:38], [1:35:11,1:35:12]",9,
,103,sport,1226,A,Enumeration,List all types of fouls committed by Brighton in this match.,"[0:13:04,0:13:07], [0:20:19,0:20:21], [0:26:50,0:26:52], [0:47:13,0:47:15]","tackling inappropriately, charging an Opponent",
,103,sport,1227,B,Counting,"In Chelsea's corner kick play starting at 4:40, how many times did a Chelsea player touch the ball before the goal was scored?","[0:04:40,0:04:48]",3,
,103,sport,1228,B,Enumeration,List the flow of attack leading to Brighton's goal at 11:15.,"[0:11:13,0:11:16], [0:11:16,0:11:18]",Lamptey crosses from the right side -> lapmtey passed the ball to a player in top right outside of goal area then passes to Lallana -> Lallana scores with a header,
,103,sport,1231,D,Counting,How many times did player number 20 (Palmer) touch the ball?,"[0:03:55,0:03:58], [0:04:31,0:04:48], [0:28:25,0:28:27], [0:29:03,0:29:04], [0:30:07,0:30:15], [0:30:28,0:30:29], [0:44:23,0:44:24], [0:56:57,0:56:59], [1:03:16,1:03:19], [1:05:41,1:05:42], [1:05:54,1:05:56], [1:09:47,1:09:53], [1:12:52,1:12:53], [1:16:16,1:16:19], [1:17:03,1:17:05], [1:17:13,1:17:14], [1:20:22,1:22:24], [1:23:40,1:23:42], [1:27:09,1:27:11], [1:35:45,1:35:54]",20,
,103,sport,1232,D,Enumeration,List the jersey numbers of Brighton's starting members at the start of the match.,"[0:00:03,0:00:15], [0:11:13,0:11:18], [0:33:21,0:33:23]","1, 2, 5, 14, 17, 18, 20, 22, 29, 34, 41",
,103,sport,1233,E,Counting,What was the maximum number of players in the penalty area during a corner kick?,"[0:29:03,0:29:05], [0:44:00,0:44:02]",16,
,103,sport,1234,E,Enumeration,"In Chelsea's goal scene at 4:48, list all jersey numbers of Brighton players who were in the penalty area.","[0:04:47,0:04:49]","1, 5, 14, 17, 20, 22, 29, 34, 41",
,103,sport,1235,F,Counting,How many shots did Chelsea take from outside the penalty area in the second half?,"[0:49:09,0:49:11]",0,
,103,sport,1236,F,Enumeration,"List the plays that occurred inside Brighton's penalty area during first-half additional time, in chronological order.","[0:45:11,0:45:13], [0:46:25,0:46:28], [0:52:10,0:52:19]",Chelsea's free kick -> Brighton's clearance -> Chelsea's cross -> Chelsea's header -> Brighton's clearance -> Chelsea's pass inside the penalty area -> Chelsea's shot,
,103,sport,1229,C,Counting,How many times did the referee blow the whistle during the match?,"[0:00:01,0:00:03], [0:13:06,0:13:07], [0:20:20,0:20:21], [0:24:03,0:24:04], [0:26:51,0:26:52], [0:39:39,0:39:40], [0:47:14,0:47:15], [1:11:44,1:11:45], [1:13:54,1:13:55], [1:17:19,1:17:20], [1:22:17,1:22:18], [1:31:24,1:31:25], [1:34:43,1:34:44], [1:35:13,1:35:14], [1:36:31,1:36:32], [1:38:02,1:38:35]",16,
,103,sport,1230,C,Enumeration,List all team names mentioned in the live commentary.,"[0:00:22,0:00:23], [0:00:51,0:00:52], [0:01:31,0:01:32], [0:03:18,0:03:19], [0:02:52,0:02:53], [0:09:16,0:09:17], [0:10:46,0:10:47], [0:24:37,0:24:38], [0:19:13,0:19:14], [0:56:36,0:56:37], [0:56:13,0:56:14], [0:53:38,0:53:39], [0:10:02,0:10:03]","Brighton, Chelsea, Leicester City, West Ham, Middlesbrough, Crystal Palace, Manchester City, Manchester United, Spurs, Liverpool, Ipswich, Bradford, Morecambe",
https://www.youtube.com/watch?v=y_e_9la1wc4,104,sport,1237,A,Counting,How many times did a wrestler break through a table during the entire match?,"[0:36:17,0:36:21],  [0:39:21,0:39:24], [0:48:02,0:48:04], [0:46:09,0:46:11]",4,
,104,sport,1238,A,Enumeration,List all the weapons used during the match.,"[0:19:03,0:19:08], [0:23:14,0:23:18], [0:29:58,0:30:01], [0:37:20,0:37:23]","Table, Kendo stick, Chair, Leather strap",
,104,sport,1239,B,Counting,How many Superkicks did Jey Uso deliver before hitting Roman Reigns with a Spear and attempting a pinfall?,"[0:29:00,0:29:03]",1,
,104,sport,1240,B,Enumeration,List Jimmy Uso's actions in order until he betrayed Jey Uso.,"[0:46:47,0:46:01], [0:47:35,0:47:41], ",Drag Jey out from under the ring → Take off his mask to reveal his identity → Deliver a Superkick to Jey → Throw Jey back into the ring,
,104,sport,1243,D,Counting,"How many times were fans in the audience shown holding up signs that read ""Ucey""?","[0:01:29,0:01:32], [0:05:43,0:05:46]",2,
,104,sport,1244,D,Enumeration,"List all individuals, other than Paul Heyman, who interfered in the match.","[0:38:49,0:38:52], [0:46:47,0:46:50]","Solo Sikoa, Jimmy Uso",
,104,sport,1245,E,Counting,"What was the maximum number of people (wrestlers, referees, managers) simultaneously present in the ring?","[0:08:55,0:09:00], ",5,
,104,sport,1246,E,Enumeration,List all the items Jey Uso retrieved from under the ring.,"[0:19:03,0:19:08], [0:31:08,0:31:18], [0:37:20,0:37:27]","Table, Chair, Leather strap",
,104,sport,1248,F,Enumeration,List all the attacks Solo Sikoa performed from the moment he entered the ring until he exited the ring.,"[0:41:17,0:41:19], [0:42:06,0:43:32,",Spinning Solo inside the ring → Attempt a tag team move with Roman,
,104,sport,1241,C,Counting,What was the total number of times the referee counted a pinfall?,"[0:21:41,0:21:43], [0:27:37,0:27:39], [0:29:11,0:29:14], [0:33:08,0:33:12], [0:42:22,0:42:27], [0:46:44,0:46:47], [0:48:12,0:48:16]",7,
,104,sport,1242,C,Enumeration,List all the names the commentators used when referring to Roman Reigns.,"[0:03:22,0:03:24], [0:04:26,0:04:30], [0:06:06,0:06:08], [0:33:13,0:33:14], [0:35:41,0:35:42]","Roman Reigns, The Ula Fala, The Tribal Chief, The Head of the Table, The Undisputed WWE Universal Champion, The Champ, The Champion",
https://www.youtube.com/watch?v=8OMqAFg24MM,105,sport,1249,A,Counting,"In this match, how many times did The Rock climb the corner post and appeal to the audience?","[0:10:40,0:10:44], [0:11:05,0:11:08], [0:11:29,0:11:36]",3,
,105,sport,1250,A,Enumeration,List all types of championship belts that appeared in the video.,"[0:03:45,0:03:47], [0:08:00,0:08:29], [0:12:53,0:12:56]","World Heavyweight Championship, The People's Champion belt, Undisputed WWE Universal Championship",
,105,sport,1252,B,Enumeration,"List the final consecutive attacks that led to The Rock's victory over Seth Rollins, in chronological order using their move names.","[1:04:22,1:04:25],
[1:04:34,1:04:56]
",Rock Bottom → People's Elbow,
,105,sport,1255,D,Counting,How many times did the text 'FINAL BOSS' appear on screen during The Rock's entrance?,"[0:07:36,0:07:42],  [0:08:14,0:08:15],
[0:08:44,0:08:56], [0:09:10,0:09:11], [0:09:25,0:09:27]
",7,
,105,sport,1256,D,Enumeration,List all colors included in Seth Rollins' entrance attire.,"[0:03:31,0:03:33]","Gold, Black, Blue, Red",
,105,sport,1257,E,Counting,"At the moment the opening bell rang, what was the total number of people in the ring?","[0:16:44,0:16:45]",7,
,105,sport,1258,E,Enumeration,"Towards the end of the match, list all types (colors) of PRIME plastic bottles scattered ringside.","[0:32:42,0:32:46], [0:36:08,0:36:10]",Blue,
,105,sport,1259,F,Counting,"After The Rock interfered with the referee's count, how many pinfall attempts were made in the ring before the match concluded?","[0:51:20,0:51:22], [0:51:59,0:52:02], [0:57:40,0:57:44],
",2,
,105,sport,1253,C,Counting,"During Seth Rollins' entrance music, how many times did the audience sing along to the song?","[0:03:29,0:03:44],
[0:04:04,0:04:18], [0:04:42,0:04:49], [0:05:15,0:05:31],  [0:05:55,0:06:8]",10,
,105,sport,1254,C,Enumeration,List all wrestler nicknames mentioned by the commentator.,"[0:10:51,0:10:52], 
[0:14:56,0:14:58],
[0:24:58,0:24:59],
[0:32:49,0:32:50]
","The Final Boss,The Tribal Chief,The American Nightmare,Seth 'Freakin' Rollins",
https://www.youtube.com/watch?v=ChiLWi-mBvU,106,sport,1261,A,Counting,How many times did The Rock climb the corner post and appeal to the audience?,"
[0:03:51,0:03:55], [0:27:59,0:28:09], [0:29:55,0:30:01], [0:31:06,0:31:14]",4,
,106,sport,1262,A,Enumeration,Please list all types of tag team attacks seen during the match.,"[0:14:16,0:14:21], [0:17:55,0:17:59],  
[0:19:05,0:19:10],
[0:23:50,0:23:52]
","Double-team Irish Whip setup,double-team suplex,Double Brainbuster,double-team flapjack",
,106,sport,1263,B,Counting,How many times did The Rock run back and forth between the ropes just before performing the People's Elbow on The Miz?,"[0:27:25,0:27:33]",2,
,106,sport,1264,B,Enumeration,"Please list The Rock's series of attacks in order, leading up to the match's decisive scene.","[0:26:58,0:27:37]",Spinebuster → People's Elbow,
,106,sport,1267,D,Counting,How many times did The Rock send his opponent into the ropes?,"[0:07:12,0:07:14], [0:09:09,0:09:10], [0:25:28,0:25:29]",3,
,106,sport,1268,D,Enumeration,Please list the types of pants (trunks) worn by the four wrestlers who participated in the match.,"[0:06:08,0:06:12]","The Rock: Black trunks (with silver bull logo), John Cena: Camouflage shorts, The Miz: Black and silver trunks (with ""AWESOME"" logo), R-Truth: Black long pants (with ""R"" and ""TRUTH"" letters)",
,106,sport,1269,E,Counting,What was the maximum number of people in the ring at the same time during the match?,"[0:06:08,0:06:12], [0:23:50,0:23:53]",5,
,106,sport,1270,E,Enumeration,Please list everyone who was in the ring when John Cena was attacking The Miz with an STF near the end of the match.,"[0:22:14,0:22:22]","John Cena, The Miz, R-Truth, The Rock, Referee",
,106,sport,1271,F,Counting,How many times did John Cena lift his opponent in the ring during the latter half of the match (after 15 minutes)?,"[0:21:05,0:21:07], [0:22:28,0:22:30]",2,
,106,sport,1266,C,Enumeration,Please list all the wrestler names chanted by the audience.,"[0:01:33,0:01:38], [0:04:56,0:05:01],","Cena, Rocky",
https://www.youtube.com/watch?v=rA5tSOuv2uc,107,sport,1273,A,Counting,How many times have Dodgers players successfully stolen a base?,"[0:05:14,0:05:16], [0:58:25,0:58:28]",2,
,107,sport,1274,A,Enumeration,Please list all types of plays by which the Dodgers scored.,"[0:06:47,0:06:55],  [0:22:16,0:22:27]
[0:43:16,0:43:24], [0:49:31,0:49:43],  [1:23:29,1:23:43],","Double, Sacrifice fly, Walk, Single hit, Triple, Homerun",
,107,sport,1275,B,Counting,How many pitches were thrown before Shohei Ohtani hit a double in the 1st inning?,"[0:00:35,0:00:38],  [0:00:48,0:00:51],  [0:01:02,0:01:05],  [0:01:14,0:01:17]",4,
,107,sport,1276,B,Enumeration,Please list the sequence of plays from Shohei,"[0:01:40,0:01:51], [0:05:12,0:05:16], [0:06:41,0:06:55]",Double → stolen third base → scored on a sacrifice fly,
,107,sport,1279,D,Counting,How many Dodgers players (including coaches) with clearly visible jersey numbers appear?,"[0:00:00,0:00:19], [0:02:37,0:02:40],  [0:02:46,0:03:08], [0:05:01,0:05:07], [0:09:26,0:09:37], [0:12:09,0:12:14], [0:15:45,0:15:46], [0:17:06,0:17:17], [0:23:40,0:23:51], [0:29:40,0:29:43],  [0:12:09,0:12:11], [0:43:23,0:43:44],  [0:46:57,0:46:57],  [1:41:19,1:41:21],  [1:42:32,1:42:34],  [1:47:09,1:47:09],  [1:49:50,1:49:51], [1:59:01,1:59:02],  [2:00:07,2:00:10]",20,"17, 86, 91, 5, 16, 0, 3, 5, 9, 44, 50, 16, 25, 94, 8, 93, 37, 30, 59, 67, 62"
,107,sport,1280,D,Enumeration,Please list all the jersey numbers of the Dodgers players who got a hit.,"[0:1:40,0:1:51], [0:6:40,0:6:50],  [0:17:57,0:18:04], [0:22:16,0:22:24] 
[0:38:20,0:38:28], [0:46:39,0:46:46], [0:55:24,0:55:31], ","17, 16, 9, 44,25. 3,50",
,107,sport,1282,E,Enumeration,Please list all brand names displayed on the outfield fence.,"[0:00:35,0:00:37], [0:01:40,0:01:42], [0:02:21,0:02:24], [0:03:23,0:03:25], [0:03:55,0:03:57], [0:26:20,0:26:22], [0:34:29,0:34:31], [0:49:37,0:49:39], [0:59:31,0:59:33], [0:39:59,0:40:01]","Cygames, loanDepot park, O2 capsule BOX, NCL, Spectrum Sportsnet, Norwegian Cruise Line, Jersey Mike's Subs, ADT, Ocean Bank, Del Toro Insurance, Multinational, State Farm, PNC BANK, AutoNation, OptiBrand Rx, Miccosukee Casino & Resort, UHealth, Amerant, Budweiser, Sateraito Office, Infroneer, nishikawa, Goya, WernerHoffman.com, WHG, Leon, HeGetsUs.com/LoveLikeJesus, UMPS ARE OUR NEIGHBORS, Mr. Glass",
,107,sport,1283,F,Counting,How many hits did the Dodgers get in 3 instances with runners in scoring position?,"[0:49:31,0:49:43],",1,
,107,sport,1284,F,Enumeration,Please list the jersey numbers of the Marlins players involved in the play where Shohei Ohtani was out at home plate in the 3rd inning.,"[0:49:31,0:49:43]","59,12,28,24",
,107,sport,1277,C,Counting,How many times was the name 'Freeman' mentioned in the commentary?,"[0:03:29,0:03:30], [0:04:05,0:04:06], [0:04:37,0:04:39], [0:06:02,0:06:03], [0:08:30,0:08:34], [0:34:31,0:34:32], [0:46:02,0:46:06], [0:56:05,0:56:07], [0:57:07,0:57:10],  [0:58:46,0:58:47], [1:01:50,1:01:51], [1:16:29,1:16:31], ",12,
,107,sport,1278,C,Enumeration,Please list all the surnames mentioned in the live commentary among the players on the Dodgers' season home run record list displayed at the beginning.,"[0:00:00,0:00:06]",Green,
https://www.youtube.com/watch?v=gMm3EODDb6w,108,sport,1285,A,Counting,How many times have Yankees players struck out?,"[0:04:05,0:04:08], [0:16:00,0:16:03], [0:43:16,0:43:19], [0:57:58,0:58:01]",4,
,108,sport,1286,A,Enumeration,Please list all types of outs recorded by the Dodgers.,"[0:01:00,0:01:03], [0:04:05,0:04:08], [0:07:07,0:07:11], [0:06:01,0:06:07], [0:26:30,0:26:36], [0:34:28,0:34:35]","Lineout, Strikeout, Groundout, Fielder's Choice, Double Play, Flyout",
,108,sport,1287,B,Counting,How many pitches did Gerrit Cole throw before Freddie Freeman hit a triple in the bottom of the 1st inning?,"[0:10:09,0:10:28]",7,
,108,sport,1288,B,Enumeration,Please list the sequence of plays when the Dodgers scored in the bottom of the 4th inning.,"[0:49:57,0:50:09], [0:51:33,0:51:42]",Teoscar Hernández hits a triple to right field -> Will Smith hits a sacrifice fly to right field -> Teoscar Hernández scores,
,108,sport,1291,D,Counting,How many times do Yankees players come to bat in the entire video?,"[0:00:13,0:07:10], [0:11:59,0:16:43], [0:18:01,0:26:36], [0:27:09,0:35:12], [0:35:31,0:40:22], [0:41:02,0:47:23], [0:49:55,0:58:55], [1:00:21,1:06:58], [1:07:42,1:08:31]",27,"25 3x, 22 3x, 99 3x, 27 3x, 13 3x, 48 3x, 11 2x, 28 3x, 24 3x, 45 1x"
,108,sport,1292,D,Enumeration,Please list all the jersey numbers of the Yankees players who batted in this footage.,"[0:00:25,0:00:27], [0:01:41,0:01:42], [0:02:48,0:02:52], [0:04:32,0:04:34], [0:06:37,0:06:41], [0:13:29,0:13:30], [0:16:22,0:16:24], [0:17:54,0:17:56]","25, 22, 99, 27, 13, 48, 28, 24",
,108,sport,1293,E,Counting,"In the bottom of the 1st inning, when Freddie Freeman is on third base, how many Yankees infielders are on defense?","[0:10:30,0:11:15]",4,"24, 13, 11, 25"
,108,sport,1294,E,Enumeration,Please list all company names and brand names displayed on the advertising signboard behind home base.,"[0:00:13,0:00:28], [0:10:31,0:10:38], [0:37:05,0:37:11], [1:40:15,1:40:21], [1:43:22,1:43:28]","CapitalOne, Security Benefit, World Series, Bank of America, Estrella Jalisco, Coca-Cola, Toyo Tires, ANA, Morton, UCLA Health, Daisp JINRO SOJU, Yaamava', Vantelin, Kowa, TAVO, Starlux Airlines, LiUNA!, vividseats, 76, smartwater, blue california, State Farm",
,108,sport,1295,F,Counting,"In the first three innings, how many four-seam fastballs did Yankees pitcher Gerrit Cole throw?","[0:07:40,0:07:42], [0:08:16,0:08:18], [0:08:31,0:08:33], [0:10:10,0:10:12], [0:10:27,0:10:35], [0:10:52,0:10:54], [0:11:05,0:11:07], [0:18:47,0:18:50], [0:20:11,0:20:14], [0:21:03,0:21:06], [0:21:30,0:21:32], [0:22:12,0:22:14], [0:22:30,0:22:32], [0:30:00,0:30:03], [0:30:48,0:30:50], [0:31:10,0:31:12], [0:32:27,0:32:30]",18,
,108,sport,1296,F,Enumeration,Please list all pitches thrown by Dodgers pitcher Jack Flaherty against Yankees batters in the first two innings.,"[0:00:14,0:00:16], [0:00:45,0:00:47], [0:01:43,0:01:47]","Four-Seam Fastball, Slider, Knuckle Curve",
,108,sport,1289,C,Counting,How many times does Dodgers manager Dave Roberts appear being interviewed in the video?,"[0:28:54,0:29:11]",1,
,108,sport,1290,C,Enumeration,Please list the good points of Jack Flaherty that Manager Dave Roberts mentioned in an interview.,"[0:28:54,0:29:11]","Pitch execution, Good stuff, In complete control, Made a big pitch to Soto, Good spin, Fastball is playing up",
https://www.youtube.com/watch?v=gyM3uPKpH1Q,109,tv,1297,A,Counting,How many times was the Golden Buzzer pressed in total?,"
[0:13:11,0:13:18], [0:51:21,0:51:25]",2,
,109,tv,1298,A,Enumeration,List the types of performances that received the Golden Buzzer.,"
[0:12:11,0:13:14], [0:51:21,0:51:25]","singing, sing and dance",
,109,tv,1299,B,Counting,"In dance team GRV's performance, how many times did members appear from under the desk?","[0:02:21,0:02:28]",2,
,109,tv,1300,B,Enumeration,"After singer Anna Wilson was stopped by the judges, list the interactions with the judges in chronological order until she was allowed to sing a second song.","[0:24:28,0:24:35], [0:24:51,0:25:04]
","Simon stops the performance → Simon asks if there's a second song → Anna replies she has ""My Church"" → Simon encourages her to sing that song",
,109,tv,1303,D,Counting,How many performers wearing cowboy hats appeared?,"[0:45:11,0:45:15]",4,
,109,tv,1304,D,Enumeration,List all the group names of performers who received a standing ovation from all four judges.,"[0:11:35,0:11:37],  [0:48:55,0:48:56]","The Boykinz,Jessica Sanchez",
,109,tv,1305,E,Counting,What was the maximum number of white cups simultaneously placed on the judges' table?,"[0:00:27,0:00:27]",3,
,109,tv,1306,E,Enumeration,List all the instruments that were on stage during Jessica Sanchez's performance.,"[0:09:00,0:09:02]","Drum set,Piano Keyboard,guitar",
,109,tv,1307,F,Counting,"During dance team GRV's performance, while they were using a desk as a prop, how many times did judge Howie press the red buzzer?","[0:03:04,0:03:04]",1,
,109,tv,1308,F,Enumeration,List the name of the performer who was allowed to sing again after judge Simon stopped their performance once.,"[0:24:28,0:25:03]",Anna Wilson,
,109,tv,1301,C,Counting,How many times did the red buzzer sound during the performance?,"[0:03:04,0:03:04], [0:54:27,0:54:28], [0:54:35,0:54:39]
",4,
,109,tv,1302,C,Enumeration,List all the occupations mentioned by dance team GRV members during their self-introduction.,"[0:00:14,0:00:17]","Nurse, Engineer",
https://www.youtube.com/watch?v=4FLuGVwu-IU,111,tv,1321,A,Counting,"In the entire video, how many performances had all judges turn their chairs?","[0:00:45,0:01:40], [0:09:11,0:10:00],  [0:19:50,0:20:48], [0:26:58,0:27:07]",4,"Homegrown,Trio Viva, Impulso Tenor,Demode Queartet"
,111,tv,1322,A,Enumeration,List all types of performer group configurations appearing in the video.,"[0:30:11,0:30:13], [0:01:42,0:01:44], [0:00:00,0:00:02], [0:25:41,0:25:43], [0:21:22,0:21:24]","Solo, Duo, Trio, Quartet, Quintet",
,111,tv,1323,B,Counting,"In the opening performance, after Joe Jonas turned his chair, how many judges turned?","[0:00:53,0:01:03], 
[0:01:34,0:01:40]
",3,"Delta,Kelly,Boy George"
,111,tv,1324,B,Enumeration,"For the opening group ""Homegrown"", list the order in which the judges turned their chairs.","[0:00:45,0:01:03], 
[0:01:34,0:01:40]",Joe → Delta → Kelly → Boy George,
,111,tv,1327,D,Counting,How many performers wearing glasses appear?,"[0:17:51,0:17:53],
[0:23:01,0:23:03],
[0:36:28,0:36:33],",3,
,111,tv,1328,D,Enumeration,List the types of instruments played by performers on stage.,"[0:00:15,0:00:16], [0:21:22,0:21:30], [0:34:49,0:34:51]","Acoustic Guitar, Bandura, Cajon, Triangle, Keyboard",
,111,tv,1329,E,Counting,What was the maximum number of people simultaneously on stage in one scene (including band members)?,"
[0:36:13,0:36:15]",8,
,111,tv,1330,E,Enumeration,List the colors of the jackets worn by the judges appearing in the video.,"
[0:00:18,0:00:19], [0:00:12,0:00:14], [0:01:44,0:01:47],  [0:01:53,0:01:54],  [0:26:22,0:26:23]","White, Navy, Black, Gray,  Red",
,111,tv,1331,F,Counting,"In the first half of the video (up to 20 minutes 24 seconds), how many times did a judge wearing a hat turn their chair?","[0:01:35,0:01:36], [0:08:12,0:08:20], ",2,
,111,tv,1332,F,Enumeration,List the performers for whom at least one judge turned their chair within the last 10 seconds of their performance clip.,List the performers for whom at least one judge turned their chair within the last 10 seconds of their performance clip.,"Homegrown,Belle Voci, Die Ladys",
,111,tv,1325,C,Counting,"In the first 2 minutes of the video, how many times can you hear the buzzer sound when a judge presses the button?","[0:00:45,0:01:03], 
[0:01:38,0:01:40]",4,
,111,tv,1326,C,Enumeration,List 5 song titles displayed as captions on the screen.,"[0:00:02,0:00:04], [0:01:48,0:01:50], [0:03:24,0:03:26], [0:07:31,0:07:33], [0:09:07,0:09:09","FAST CAR, DEEPER WELL, Young And Beautiful, Échame La Culpa, Wings",
https://www.youtube.com/watch?v=tqlC_JGPSlk,112,documentary,1333,A,Counting,How many active volcanoes appear in this video?,"[0:00:52,0:00:55],  [0:20:32,0:20:35], [0:39:31,0:39:35]",3,"Ambrym Vanuatu,Mount Etna,Ol Doinyo Lengai"
,112,documentary,1334,A,Enumeration,List all the different types of volcanic activity seen throughout the video.,"[0:03:12,0:03:20], [0:18:18,0:18:20], [0:20:57,0:21:09], [0:33:47,0:34:55], [0:06:32,0:06:37], [0:17:44,0:17:56]","Lava lake, Explosive eruption, Lava fountain, Gas/steam emission, Fissure eruption, Ejection of volcanic bombs",
,112,documentary,1335,B,Counting,How many team members were reviewing the recovered drone footage on a tablet after the eruption at Fuego Volcano?,"[0:19:06,0:19:08]",5,
,112,documentary,1336,B,Enumeration,List the main preparation steps for the expedition team in chronological order before descending into the crater of Marum Volcano.,"
[0:01:06,0:02:00], ",Camp setup → Weather waiting → Equipment preparation → Protective gear donning → Rope descent,
,112,documentary,1340,D,Enumeration,List all the colors of protective helmets worn by the explorers throughout the video.,"[0:01:20,0:01:22], [0:33:33,0:33:35], ","Red, Yellow, Orange, Lime green,",
,112,documentary,1341,E,Counting,What is the maximum number of yellow tents set up at the Marum Volcano campsite?,"[0:01:06,0:01:09], ",4,
,112,documentary,1342,E,Enumeration,List all types of vehicles used by the expedition team.,"
[0:00:51,0:00:55], [0:05:23,0:05:27],","Airplane, Helicopter, Boat",
,112,documentary,1343,F,Counting,How many times does Fuego Volcano erupt in the nighttime scenes?,"[0:18:58,0:18:59], [0:19:10,0:19:15], [0:19:25,0:19:35], [0:19:45,0:19:46],",5,
,112,documentary,1344,F,Enumeration,List the main changes that occurred in the crater of Marum Volcano before and after the 2018 fissure eruption.,"[0:37:29,0:37:32], [0:06:38,0:06:41], [0:06:57,0:07:01]",Lava lake emptied → Crater collapsed,
,112,documentary,1337,C,Counting,How many times was a specific distance mentioned via radio communication when approaching the lava lake of Marum Volcano?,"[0:02:42,0:02:46]",2,
,112,documentary,1338,C,Enumeration,List all the dangers associated with volcano exploration mentioned by the explorers in interviews or narration.,"[0:03:03,0:03:06], [0:01:33,0:01:38], [0:01:49,0:01:54], [0:01:50,0:01:54], [0:05:23,0:05:29]","Radiant heat, Falling rocks, Acid rain, Bad weather, Hijacking",
https://www.youtube.com/watch?v=GsWfGTTgntA,113,documentary,1345,A,Counting,How many times did the CG animation of the brain appear rotating?,"[0:07:17,0:07:24]",1,
,113,documentary,1346,A,Enumeration,List all drugs that affect the brain explained in this video.,"[0:07:38,0:07:49], [0:17:59,0:18:33], [0:33:36,0:33:49], [0:34:04,0:34:26]","LSD, Cannabis, Heroin, Morphine, Opium",
,113,documentary,1347,B,Counting,In how many steps was the procedure for borrowing a book from the library depicted?,"
[0:01:35,0:02:01], ",3,"Select a book from the shelf,Bring the book to the circulation desk,Librarian scans the book and your card."
,113,documentary,1348,B,Enumeration,List the steps for mapping the brain's neural circuits in order.,"[0:03:00,0:03:05], [0:03:05,0:03:12], [0:03:17,0:03:39], ","Show all 100 billion neurons → Show all connections between neurons → Incorporate connections to the spinal cord, sensory receptors, and muscle cells → Slice the brain thinly and scan it one by one.",
,113,documentary,1351,D,Counting,How many times does the scene appear at the beginning of the video where a man is lying in an experimental device to back up his brain?,"[0:00:00,0:00:26], [0:00:32,0:00:34],
[0:00:45,0:00:58]",3,
,113,documentary,1352,D,Enumeration,"List the titles of the books not found in the file, as displayed on the library computer screen.","[0:01:59,0:02:01]",How to map your brain,
,113,documentary,1353,E,Counting,"Out of the balls scattered on the tennis court, how many balls are there in total that are not yellow?","[0:03:18,0:03:19], [0:04:50,0:04:51]",47,
,113,documentary,1354,E,Enumeration,List all the titles of the books the man was reading on the tennis court.,"[0:02:45,0:02:58]","Do zombies eat brains?, How to map a brain - A beginners guide, BIG BOOK OF BRAINS, BRAIN BOOK",
,113,documentary,1355,F,Counting,"In the latter half of the video (after 7 minutes 27 seconds), how many times does the scene appear where the man is wearing a red striped shirt?","[0:07:26,0:13:35]",1,
,113,documentary,1356,F,Enumeration,"Within the first 5 minutes of the video, list all locations other than the laboratory.","[0:01:30,0:04:59]","Library, Tennis court",
,113,documentary,1349,C,Counting,"How many times did the narrator say the word ""LSD""?","[0:07:39,0:07:40],  [0:07:51,0:07:52], [0:09:02,0:09:04], [0:10:46,0:10:51], [0:11:07,0:11:08], [0:11:23,0:11:24],
[0:11:34,0:11:35],
[0:12:06,0:12:07], 
[0:12:15,0:12:16],
[0:12:25,0:12:26], 
[0:12:42,0:12:43],
[0:12:53,0:12:54],
[0:13:10,0:13:11],
[0:13:26,0:13:27], [0:17:48,0:17:49]",16,
,113,documentary,1350,C,Enumeration,List all neurotransmitters or hormones mentioned in the video.,"[0:09:33,0:09:38], ","Dopamine, Adrenergic, Serotonin",
https://www.youtube.com/watch?v=ThJjzdkaCmw,114,documentary,1357,A,Counting,How many times are scenes shown where carnivorous dinosaurs successfully hunt and kill prey?,"[0:12:47,0:12:58] , [0:13:56,0:15:00], 
[0:35:25,0:35:58]",3,
,114,documentary,1358,A,Enumeration,Please list all prey animals depicted being killed and eaten.,"[0:12:47,0:12:58], [0:13:56,0:15:00], 
[0:27:22,0:28:01], 
[0:35:25,0:35:58]","Majungasaurus, Centrosaurus, juvenile Argentinosaurus, Onchopristis",
,114,documentary,1359,B,Counting,How many clear biting attacks did the Mapusaurus pack successfully land before bringing the Argentinosaurus to the ground?,"[0:25:46,0:25:49], [0:26:01,0:26:08], [0:26:59,0:27:03]",0,
,114,documentary,1360,B,Enumeration,Please list the steps until Spinosaurus wins the fight against Carcharodontosaurus.,"[0:01:27,0:01:42]",Spinosaurus hits Carcharodontosaurus on each side using claws → Carcharodontosaurus bites Spinosaurus's sail → Spinosaurus counterattacks with its claws and slashes its neck → Carcharodontosaurus retreats,
,114,documentary,1363,D,Counting,How many times are scenes shown where carnivorous dinosaurs are eating a carcass?,"[0:00:13,0:00:22], [0:01:43,0:01:58], [0:13:22,0:13:45
",3,
,114,documentary,1364,D,Enumeration,Please list all dinosaurs appearing in this footage that have a sail or spiny protrusions on their back.,"[0:01:40,0:01:49]",Spinosaurus,
,114,documentary,1365,E,Counting,"In the scene where the Mapusaurus pack hunts Argentinosaurus, what is the maximum number of Mapusaurus shown on screen simultaneously?","[0:26:46,0:27:02]",1,
,114,documentary,1366,E,Enumeration,Please list all dinosaurs or ancient creatures depicted active in water.,"[0:16:36,0:19:28], [0:34:01,0:35:58]
","Predator X, Kimmerosaurus, Onchopristis",
,114,documentary,1367,F,Counting,"In the forest scene, what is the total number of times carnivorous dinosaurs performed biting attacks on other dinosaurs?","[0:01:27,0:01:28], [0:05:10,0:05:18], [0:09:12,0:09:16], [0:27:35,0:27:43]",4,
,114,documentary,1368,F,Enumeration,Please list all dinosaurs that appear in the latter half of the footage (from 19 minutes 04 seconds onwards) and hunt or move in groups.,"[0:20:13,0:20:35], [0:20:59,0:23:18],
[0:24:01,0:27:09], 
[0:27:17,0:27:34],
[0:27:53,0:28:27]
[0:33:50,0:34:15]
","Skorpiovenator, Argentinosaurus, Mapusaurus, Nothronychus, Tyrannosaur,  Spinosaurus",
,114,documentary,1361,C,Counting,What is the total number of times dinosaurs let out a loud roar or threatening cry?,"[0:00:26,0:00:27], [0:00:51,0:00:52], [0:01:12,0:01:13], [0:01:18,0:01:19], [0:01:38,0:01:39], [0:10:28,0:10:29], [0:11:07,0:11:11], [0:11:31,0:11:32], [0:12:47,0:12:48], [0:14:49,0:14:57], [0:25:10,0:25:11], [0:25:24,0:25:25], [0:26:48,0:26:49], [0:27:27,0:27:28], [0:30:38,0:30:39], [0:31:30,0:31:32], [0:31:39,0:31:40], [0:32:01,0:32:02]
",18,
,114,documentary,1362,C,Enumeration,Please list all fossil discovery locations mentioned by the narrator or in on-screen text.,"[0:02:08,0:02:12], [0:07:41,0:07:43], [0:23:30,0:23:35], 
[0:24:25,0:24:32], [0:28:05,0:28:08], 
","Morocco, China, Patagonia, Argentina, Montana (USA)",
https://www.youtube.com/watch?v=yQ6VOOd73MA,115,documentary,1369,A,Counting,How many times are brain scan images such as MRI and fMRI displayed?,"[0:00:04,0:00:10], [0:02:19,0:02:35], [0:24:58,0:25:01], [0:25:34,0:25:35], [0:26:00,0:26:07], [0:46:09,0:46:13], [0:46:38,0:47:49]",10,
,115,documentary,1370,A,Enumeration,Please list the physical models and tools appearing in the video that were used to explain the structure and function of the brain.,"[0:07:13,0:07:17], [0:26:26,0:26:35], [0:28:27,0:28:39], [0:37:34,0:37:41], [0:47:53,0:48:07]","brain model, thermostat, skull model, book, piano keyboard",
,115,documentary,1371,B,Counting,"How many total stages are shown on the on-screen timeline for the experimental procedure of the trust game, starting from 24 minutes and 25 seconds?","[0:24:25,0:27:05]",6,
,115,documentary,1372,B,Enumeration,Please list the events that happened to Phineas Gage and the subsequent changes in chronological order.,"[0:27:11,0:27:59]","Works as a foreman in railway construction → Suffers an explosion accident while tamping gunpowder with an iron rod → The iron rod penetrates his left eye and damages his brain → Miraculously survives → He had memory he had language he had motor control → Loses his job and friends → His personality changes, becoming  fitful, irreverant, more profane, impulsive and rude",
,115,documentary,1375,D,Counting,How many times does the brain model that scientists are holding in their hands or placing on the desk appear?,"[0:05:04,0:05:11], [0:07:13,0:07:17], [0:14:52,0:15:06], [0:17:51,0:18:17], [0:20:14,0:20:23], [0:21:11,0:21:17], [0:22:03,0:22:22]",7,
,115,documentary,1376,D,Enumeration,Please list the people of various professions appearing in the video.,"[0:02:37,0:02:39], [0:09:01,0:09:21], [0:09:44,0:09:50], [0:27:13,0:27:14], [0:36:26,0:36:45], [0:46:16,0:46:22], [0:48:03,0:48:10], [0:48:26,0:48:32], [0:49:27,0:49:36]","Neuroscientist, clinical psychologist, musician, tennis player, surgeon, anesthesiologist, researcher, educator, rapper, chef, construction worker,",
,115,documentary,1377,E,Counting,"In the 9-minute and 40-second surgical scene, what is the maximum number of surgical staff (wearing blue scrubs) visible on screen?","[0:09:40,0:09:44]",3,
,115,documentary,1378,E,Enumeration,Please list all the props the magician arranged on the table during the magic trick from 43 minutes 53 seconds.,"[0:43:53,0:44:05]","Deck of playing cards, multiple colored markers, yellow envelope, blue envelope, white paper, book titled 'Free Will'",
,115,documentary,1379,F,Counting,"In experiments and explanations concerning split-brain, how many times have visual diagrams or animations been used to show the left and right hemispheres of the brain receiving different information?","[0:01:18,0:01:21], [0:15:09,0:15:21], [0:18:17,0:18:32], [0:22:29,0:22:38], [0:23:00,0:23:06]",5,
,115,documentary,1380,F,Enumeration,Please list the characteristics of Phineas Gage's personality and behavior that changed before and after his accident.,"[0:27:11,0:28:00]","Before accident: competent, efficient, reliable foreman -> After accident: fitful, irrelevant, lewd behavior",
,115,documentary,1373,C,Counting,"Throughout the entire video, how many times did the narrator or performer say the word 'unconscious' (including 'unconsciously')?","[0:00:26,0:00:27], [0:02:56,0:02:58], [0:03:39,0:03:41], [0:07:57,0:07:58], [0:09:20,0:09:28], [0:09:49,0:09:50], [0:11:25,0:11:27], [0:12:03,0:12:05], [0:12:37,0:12:39], [0:14:03,0:14:04],  [0:42:17,0:42:18], [0:51:16,0:51:18], [0:51:50,0:51:51]",13,
,115,documentary,1374,C,Enumeration,Please list the technical terms related to brain function and consciousness that were mentioned by the narrators and experts.,"[0:00:27,0:00:29], [0:01:05,0:01:06], [0:05:38,0:05:41], [0:07:04,0:07:06], [0:07:27,0:07:30], [0:08:15,0:08:20], [0:08:47,0:08:49], [0:10:18,0:10:27], [0:12:03,0:12:18], [0:13:07,0:13:10], [0:14:25,0:14:31], [0:14:59,0:15:00], [0:10:44,0:10:45], [0:23:03,0:23:14], [0:26:08,0:26:10], [0:26:55,0:27:00], [0:30:21,0:30:25]","Unconscious brain, Neurons, Prefrontal cortex, Motor cortex, Visual cortex, Consciousness, Brain waves, Oscillations, E.E.G. (Electroencephalogram), Thalamus, Corpus callosum, Hemisphere, Cognitive processing, Motor function, Sensory function, Motor-sensory integration, Memory representation, Insula, Emotion regulation, Decision making, Self-awareness, Anesthesia, Split-brain surgery, Neural communication, Social brain, Interaction, Epigenetics, Trauma, TMS (Transcranial Magnetic Stimulation), MRI (Magnetic Resonance Imaging), Self-monitoring",
https://www.youtube.com/watch?v=oUuur5PwDKw,116,live,1381,A,Counting,How many times did the vocalist throw or swing the microphone stand?,"[0:05:07,0:05:09], [0:06:44,0:06:46], [0:32:50,0:32:52], [0:51:43,0:51:46]",4,
,116,live,1383,B,Counting,How many times did the vocalist point the microphone at the audience to have them sing one or more phrases of the chorus?,"[0:07:24,0:07:28], [0:10:03,0:10:07], [0:18:00,0:18:03], [0:54:03,0:54:07], [0:55:42,0:55:46], [0:59:10,0:59:11], [1:00:03,1:00:07], [1:02:00,1:02:04], [1:02:30,1:02:32], [1:04:14,1:04:16], [1:04:57,1:04:58]",11,
,116,live,1384,B,Enumeration,"Please list the production steps before the live performance began, leading up to the band appearing on stage.","[0:00:07,0:02:20]",Audio montage and black screen → White dots appear and expand on screen → Circular visuals and intro music on screen → Band members appear,
,116,live,1387,D,Counting,How many electric guitars did the main guitarist (Taylor York) use?,"[0:02:54,0:02:56], [0:07:22,0:07:24], [0:19:39,0:19:41], [0:27:31,0:27:34], [0:31:52,0:31:54], [0:49:22,0:49:24]",6,
,116,live,1388,D,Enumeration,Please list all patterns and designs on the clothes worn by the band members.,"[0:02:14,0:02:19]","Plain white t-shirt, Text print, Star pattern, Graphic print, Paisley pattern, Mesh fabric",
,116,live,1389,E,Counting,What was the maximum number of performers simultaneously on stage?,"[0:56:22,0:56:24]",7,
,116,live,1390,E,Enumeration,"Please list the types of percussion instruments set up on stage, excluding the main drum set.","[0:02:58,0:03:00], [0:36:39,0:36:41]","Conga, Bongos, Tambourine, Electronic drum pad, Timbales",
,116,live,1391,F,Counting,How many shots of the entire audience from a drone or crane camera were there during the performance of the first three songs?,"[0:03:08,0:03:11], [0:03:46, 0:03:53], [0:04:45,0:04:48], [0:06:08,0:06:14], [0:06:34,0:06:36], [0:07:56,0:07:58], [0:10:07,0:10:11], [0:10:54,0:11:10], [0:11:30,0:11:34], [0:14:33,0:14:36]",10,
,116,live,1392,F,Enumeration,Please list all song titles where the vocalist moved away from the microphone stand in the center of the stage and sang at the edge of the stage during the latter half of the live performance (after 30 minutes).,"[0:51:10,0:51:25], [0:57:53,0:58:13], [1:02:40,1:02:55]","Figure 8, Ain't It Fun, Still into you",
,116,live,1385,C,Counting,How many songs did the vocalist start performing after announcing the song title?,"[0:40:49,0:40:51]",1,Crystal clear
,116,live,1386,C,Enumeration,"Please list 5 words read aloud after ""and also"" in the opening audio montage, in the order they were heard.","[0:00:33,0:00:53]","evil, careful, healing, not my problem, lovely ones",
https://www.youtube.com/watch?v=ONg4L_leqrQ,117,selfmedia,1393,A,Counting,"How many times does the blogger interact with hotel, restaurant, and water park staff throughout the video?","[0:00:23,0:00:34],
[0:00:59,0:05:01],
[0:06:28,0:06:46],
[0:07:17,0:07:19],
[0:08:29,0:08:36],
[0:09:11,0:09:15],
[0:10:24,0:10:25],
[0:10:32,0:10:45],
[0:24:24,0:25:08],
[0:25:27,0:25:49],
[0:26:19,0:26:24],
[0:26:57,0:27:15],
[0:27:15,0:27:24],
[0:28:32,0:30:34],
[0:32:25,0:32:38],
[0:32:50,0:32:57],
[0:33:56,0:34:06],
[0:35:53,0:37:21],
[0:37:34,0:37:52];
[0:38:25,0:38,26],
[0:39:06,0:41:00],
[0:42:23,0:42:44],
[0:43:51,0:44:17],
[0:45:48,0:45;57],
[0:48:04,0:49:38],
[0:52:41,0:55:14],
[0:55:32,0:55:43],
[0:55:49,0:55:55],
[0:57:04,0:57:05],
[0:57:10,0:57:11],
[0:59:09,0:59:58],",34,
,117,selfmedia,1394,A,Enumeration,List all types of water-related attractions and facilities that appear in the video.,"[0:00:06,0:00:16], [0:22:52,0:23:00], [0:23:44,0:23:46], [0:24:01,0:24:05], [0:25:11,0:26:57], [0:32:24,0:32:47], [0:37:28,0:37:32]","Fire and Water Sculpture, Fountain, Pool Restaurant, Family Pool, Private Beac, Adults-Only Pool, Water Park (Water Slides, Lazy River), Rooftop Infinity Pool, Cabana Plunge Pool, Water Elevator",
,117,selfmedia,1395,B,Counting,"At the Michelin-starred restaurant ""Dinner,"" how many dishes were served from the bread service to the final dessert?","[0:43:09,0:43:22],
[0:43:51,0:44:18],
[0:45:49,0:45:57],
[0:46:16,0:46:18], 
[0:48:04,0:49:39], ",5,
,117,selfmedia,1396,B,Enumeration,"List the steps for checking into the hotel, from arriving at the porte-cochère to receiving the room key, in order.","[0:00:23,0:00:34], [0:00:59,0:02:00], [0:03:16,0:03:26], [0:03:46,0:03:58], [0:06:01,0:06:05]",Arrive at the porte-cochère → Greeted by staff → Hand over car → Proceed to check-in counter → Hand over passport → Offered water → Pay with credit card → Fill out documents → Restaurant tour →  Receive room key,
,117,selfmedia,1399,D,Counting,How many times does the colorful Louis Vuitton object appear on screen in the hotel lobby?,"[0:00:43,0:00:58], [0:22:54,0:22:55], [0:24:02,0:24:04]",3,
,117,selfmedia,1400,D,Enumeration,List all large art pieces and decorative items visually identifiable in the hotel lobby area.,"[0:00:43,0:00:52], [0:37:23,0:37:32]","Colorful Louis Vuitton object, Silver teardrop-like sculpture, Large purple floral arrangement, Hanging glass chandelier-like object, Blue digital art wall, Water elevator with jellyfish tank",
,117,selfmedia,1401,E,Counting,"In the breakfast buffet's seafood section, how many types of processed fish (such as smoked salmon or tataki) are displayed on ice?","[0:09:39,0:09:49]",5,
,117,selfmedia,1402,E,Enumeration,List all visible beverage brands in the mini-bar (refrigerator) of the room where the blogger stayed.,,"Coca-Cola, Sprite, Starbucks, Red Bull, Vita Coco, San Pellegrino, Fever-Tree, Miraval",
,117,selfmedia,1403,F,Counting,How many pools were visited after check-in and during the daytime?,"[0:22:52,0:23:00], [0:24:01,0:24:10]",2,
,117,selfmedia,1404,F,Enumeration,List all names of dining establishments the blogger visited after sunset.,"[0:37:23,0:37:26], [0:52:20,0:52:23]","Dinner by Heston Blumenthal, Gastronomy",
,117,selfmedia,1397,C,Counting,"How many different languages, other than English, did the blogger attempt to speak?","[0:00:25,0:00:28], [0:01:57,0:02:17], [0:04:41,0:04:43], [0:06:29,0:06:30], [0:26:19,0:26:20], [0:27:01,0:27:02]",6,
,117,selfmedia,1398,C,Enumeration,List all nationalities of staff members whose country of origin the blogger asked about during conversations.,"[0:01:17,0:01:18], [0:04:38,0:04:41],  [0:26:20,0:26:23], [0:39:15,0:39:17], [0:53:10,0:53:12]","Colombia, Nepal, Sri Lanka, India, Myanmar",
https://www.youtube.com/watch?v=gsB9nX8FS5I,118,documentary,1405,A,Counting,How many aerial shots of the pyramid complex filmed from above appear in this video?,"[0:00:00,0:00:05], [0:00:54,0:00:56],  [0:07:13,0:07:27], [0:09:17,0:09:23], 
[0:09:30,0:09:31], [0:09:56,0:09:58], [0:16:03,0:16:19], [0:18:27,0:18:31], [0:30:05,0:30:10], [0:33:34,0:33:48], [0:42:08,0:42:18], [0:43:09,0:43:23]",12,
,118,documentary,1406,A,Enumeration,List all the tools used for the land excavation work shown in the video.,"[0:27:43,0:27:45], [0:28:00,0:28:05],
[0:28:44,0:28:51], [0:29:14,0:29:17],
[0:29:32,0:29:34]","dustpan,trowel,Shovel,bucket ,brush,wheelbarrow,pickaxe",
,118,documentary,1407,B,Counting,How many times was the bucket passed during the series of operations from carrying mud out of the tomb to sifting it?,"[0:03:58,0:04:14]",2,
,118,documentary,1408,B,Enumeration,"List the diving procedures that the diver confirmed just before entering the water, in order.","[0:01:41,0:01:48]",Descend to the chute → Hold onto the chute → Take several deep breaths → Wait in place,
,118,documentary,1411,D,Counting,How many people wearing wide-brimmed hats (such as cowboy hats or boonie hats) appear?,"[0:00:14,0:00:15], [0:01:17,0:01:19], [0:01:25,0:01:27], [0:18:57,0:18:58],",4,
,118,documentary,1412,D,Enumeration,List all types of hats worn by the excavation team members.,"[0:00:13,0:00:15], [0:01:17,0:01:19], [0:03:34,0:03:35], [0:18:20,0:18:22], [0:28:50,0:28:52], [0:01:25,0:01:27], [0:29:31,0:29:32]","Cowboy hat, boonie hat, bucket hat, knit cap, baseball cap, fedora, turban",
,118,documentary,1413,E,Counting,What is the maximum number of divers simultaneously diving in the underwater tomb?,"[0:01:54,0:02:06], [0:24:20,0:24:22]",3,
,118,documentary,1414,E,Enumeration,List all modern electronic devices used at the excavation site.,"[0:00:06,0:00:07], [0:01:35,0:01:37], [0:02:57,0:02:59], [0:40:45,0:40:58], [0:42:51,0:42:53], [0:43:05,0:43:07]","Action camera, headlight, underwater flashlight, laptop, drone, smartphone",
,118,documentary,1415,F,Counting,How many scenes are there where an archaeologist explains something to the camera with a pyramid in the background?,"[0:00:13,0:00:16], [0:00:56,0:01:42], [0:02:08,0:02:13], [0:07:08,0:07:12], [0:18:10,0:18:15],  [0:25:30,0:25:38], [0:34:12,0:34:21],
[0:38:15,0:38:21]",8,
,118,documentary,1416,F,Enumeration,List all artifacts discovered by sifting the mud retrieved from the underwater tomb.,"[0:04:57,0:05:15], [0:05:41,0:05:52], [0:36:13,0:36:25], [0:37:52,0:37:58]","Gold, figurine, charcoal, beads, bone fragments, leather products",
,118,documentary,1409,C,Counting,"How many times did the narrator or archaeologists say the word ""pyramid"" (including plural forms)?","[0:00:12,0:00:13], [0:01:03,0:01:04], [0:03:21,0:03:22], [0:07:18,0:07:19], [0:12:22,0:12:23], [0:12:30,0:12:31],   [0:24:05,0:24:06] ",7,
,118,documentary,1410,C,Enumeration,List all countries and regions mentioned in the narration or interviews.,"[0:00:13,0:00:14], [0:00:47,0:00:48], [0:00:57,0:00:58], [0:06:31,0:06:32], [0:06:56,0:06:56], [0:07:01,0:07:02], [0:15:20,0:15:21]","Sahara, Sudan, Egypt, Kush, Mediterranean world",
https://www.youtube.com/watch?v=daF9R6dadH8,119,documentary,1417,A,Counting,How many times do scenes appear where the family gathers around the dining table to eat?,"[0:02:30,0:03:08], [0:13:54,0:14:42], [0:18:07,0:18:24], [0:31:14,0:31:43], [0:38:45,0:39:57]",5,
,119,documentary,1418,A,Enumeration,Please list all types of vehicles that appear in the video.,"[0:00:00,0:00:01], [0:08:58,0:09:00], [0:19:55,0:20:00],  [0:32:52,0:32:54],  [0:23:16,0:23:24], [0:43:33,0:43:35]","van,Tractor,Truck,car,ural motorcycle, Motorcycle,Bicycle,Bus",
,119,documentary,1419,B,Counting,How many times did the father hit the heated metal with a hammer when forging the knife?,"[0:11:05,0:11:20]",18,
,119,documentary,1420,B,Enumeration,Please list the steps Arian takes to get ready from waking up in the morning until going to school.,"[0:01:42,0:03:01],  [0:03:33,0:04:10], [0:04:18,0:04:24]","Waking up → Changing clothes (pants) → Moving to the hallway → Drawing water from a barrel → Pouring water into a basin → Brushing teeth → Breakfast → Changing clothes (uniform, cold-weather gear) → Leaving home",
,119,documentary,1423,D,Counting,How many times does a white van appear in the video?,"[0:00:00,0:00:01], [0:32:23,0:32:25], [0:41:39,0:41:56]",3,
,119,documentary,1424,D,Enumeration,Please list the types of cold-weather gear Arian wears when going to school.,"[0:03:42,0:04:10]","Cold-weather pants, Hooded jacket, Winter jacket, Balaclava, Winter hat, winter gloves",
,119,documentary,1425,E,Counting,What is the maximum number of horses in the fence?,"[0:09:30,0:09:32]",5,
,119,documentary,1426,E,Enumeration,Please list the food items arranged on the table in the first breakfast scene.,"[0:02:47,0:02:56]","Whipped cream, Pancakes",
,119,documentary,1427,F,Counting,How many people are fishing in the river during the summer season?,"[0:36:10,0:36:12]",4,
,119,documentary,1428,F,Enumeration,Please list the outdoor activities the family does during the summer season.,"[0:32:26,0:33:02], [0:33:47,0:34:11], [0:35:32,0:35:42], [0:36:07,0:36:10], [0:38:12,0:38:15], [0:38:24,0:38:50]","Riding a motorcycle, Berry picking, Playing in the river, Fishing, Campfire, Outdoor cooking",
,119,documentary,1421,C,Counting,How many times is a dog's bark heard?,"
[0:09:19,0:09:24],    [0:52:15,0:52:19]",2,
,119,documentary,1422,C,Enumeration,Please list the qualities the father mentioned in the interview that he wants his children to acquire.,"[0:03:08,0:03:33]","Being a good person, Loving to work, Being diligent, Being honest, Being kind",
https://www.youtube.com/watch?v=97Xx6iQmszc,120,live,1429,A,Counting,What is the total number of announced Special Awards?,"[0:17:40,0:17:43], [0:21:36,0:21:38], [0:24:49,0:24:55], [0:27:49,0:27:53], ",4,"Michelin Green Star, Service Award, Sommelier Award, Young Chef Award"
,120,live,1430,A,Enumeration,Please list all the types of special awards (Special Award) that were announced.,"[0:17:40,0:17:43], [0:21:36,0:21:38], [0:24:49,0:24:55], [0:27:49,0:27:53], ","Michelin Green Star, Service Award, Sommelier Award, Young Chef Award",
,120,live,1431,B,Counting,How many items did the winner of the Young Chef Award receive on the stage?,"[0:30:54,0:31:04], [0:32:15,0:32:50]",2,"Young Chef Award, Michelin Star"
,120,live,1432,B,Enumeration,Please list in order the series of actions the chef performed on stage after winning the Young Chef Award.,"[0:31:37,0:32:50]",Taking the stage → Trophy presentation → Donning chef jacket → Michelin Guide presentation → Commemorative photo,
,120,live,1435,D,Counting,How many times has the Michelin Man (Bibendum) appeared on stage?,"[0:17:24,0:17:31]",1,
,120,live,1436,D,Enumeration,Please list all sponsor names displayed on the screen on the stage.,"[0:00:01,0:00:02], [0:29:02,0:29:15]","Michelin, Blancpain",
,120,live,1437,E,Counting,"At the time of the first group photo shoot for the one-star restaurants, how many people were on the stage excluding the Michelin Man?","[0:38:32,0:38:35]",19,"4 female , 15 male"
,120,live,1438,E,Enumeration,Please list all the restaurants that have been awarded a Michelin Green Star.,"[0:18:06,0:18:10], [0:19:18,0:19:20]","Fiz, Seroja",
,120,live,1439,F,Counting,How many restaurants were promoted from one star to two stars at this awards ceremony?,"[0:52:00,0:52:19], [0:55:37,0:55:42], [0:56:29,0:56:31], [0:57:18,0:57:42], [0:58:11,0:58:14], [0:58:57,0:58:59], [0:59:42,0:59:45]",7,"Sushi Sakuta, Saint Pierre, Thevar, Meta, Cloudstreet, Shoukouwa, jaan by Kirk Westaway"
,120,live,1440,F,Enumeration,Please list all Japanese restaurants among the one-star restaurants that were displayed on the screen after the announcement of the Young Chef Award.,"[0:31:05,0:31:06], [0:36:48,0:36:49], [0:40:44,0:40:47], [0:41:04,0:41:06], [0:52:00,0:52:19] ","Omakase @ Stevens, Shushi Ichi, Waku Ghin, Hamamoto, Sushi Sakuta",
,120,live,1433,C,Counting,How many times were languages other than English spoken in the Special Award acceptance speech?,"[0:31:20,0:31:24]",1,
,120,live,1434,C,Enumeration,List all the languages spoken by the Special Award recipient in their speech.,"[0:31:17,0:31:27]","English, Japanese",
https://www.youtube.com/watch?v=zqvPpz1huIw,121,live,1441,A,Counting,How many times did the audience give a standing ovation during the award ceremony?,"[0:11:24,0:11:40]
[0:38:09,0:38:11]",2,
,121,live,1442,A,Enumeration,Please list all types of musical performances presented at the award ceremony.,"[0:10:22,0:10:32], [0:13:22,0:17:10], [0:39:02,0:43:56]","Trumpet fanfare, Soprano solo and string quartet, Shamisen trio and singing",
,121,live,1443,B,Counting,"When the award recipients arrived at the venue, how many black vehicles, excluding security vehicles, made up the motorcade?","[0:01:33,0:02:07]",5,5 black vechicles
,121,live,1444,B,Enumeration,"At the Nobel Peace Prize ceremony, please list in order the series of events that take place after the chairman's introduction of the laureate.","[0:37:41,0:38:48]",Laureate ascends the stage → Presentation of the diploma → Presentation of the medal → Standing ovation by the audience → Laureate displays the diploma and medal → Handshake with the chairman → Photo session → Laureate takes a seat,
,121,live,1447,D,Counting,How many times was a person in a wheelchair clearly shown?,"[0:03:08,0:03:38], [0:10:33,0:11:18] ",2,
,121,live,1448,D,Enumeration,Please list the main colors and patterns of the kimonos worn by the three women who played the shamisen.,"[0:40:06,0:40:48]","Kimono with colorful floral patterns on a red background, Kimono with multicolored leaf and flower patterns on a cream background, Kimono with golden bird and cloud patterns on a navy blue background",
,121,live,1449,E,Counting,How many people were standing in the center of the podium at the moment the Nobel Peace Prize diploma and medal were awarded?,"[0:37:56,0:38:33",4,"Terumi Tanaka,Shigemitsu Tanaka,Toshiyuki Mimaki, The Chairman"
,121,live,1450,E,Enumeration,Please list all the instruments of the string quartet that accompanied the soprano singer.,"[0:13:31,0:13:42]","Violin, Viola, Cello",
,121,live,1451,F,Counting,"During the chairman's speech, how many people wearing glasses were among the audience seated in the front row on the right side, as viewed from the audience seats?","[0:05:20,0:05:41]",5,
,121,live,1452,F,Enumeration,"When the royal family arrived on the red carpet, please list in order the series of actions performed by the woman in the red coat towards the king.","[0:09:55,0:10:08]",Extends right hand for a handshake → Shakes hands → Performs a curtsy (bow) → Points forward with right hand to guide,
,121,live,1445,C,Counting,How many times was the trumpet fanfare played to announce the arrival of guests at the beginning of the ceremony?,"[0:10:22,0:10:32], [0:11:42,0:12:03]",2,
,121,live,1446,C,Enumeration,Please list all nuclear-armed states introduced by the female narrator as guests at the venue.,"[0:05:03,0:05:16]","France, India, Pakistan, United States, United Kingdom",
https://www.youtube.com/watch?v=oF8gZ_AvYN0,122,live,1453,A,Counting,What was the total number of BAFTA Awards presented on stage at this awards ceremony?,"[0:04:26,0:04:55]
[0:07:09,0:07:31], [0:11:55,0:14:00], [0:18:57,0:20:00], [0:26:42,0:26:57], [0:30:46,0:31:04], [0:35:22,0:35:51], [0:43:48,0:44:07], [0:48:35,0:48:52]",9,
,122,live,1454,A,Enumeration,Please list all the movie titles that were featured in the Best Picture Award montage.,"[0:47:13,0:48:33]","The Irishman, Joker, 1917, Parasite, Once Upon a Time... in Hollywood",
,122,live,1455,B,Counting,"How many people did Laura Dern, who won the Best Supporting Actress award, hug and kiss before going on stage?","[0:04:33,0:04:45]",2,
,122,live,1456,B,Enumeration,Please list the sequence of events from the announcement of the Best Picture award to the end of the acceptance speech.,"[0:48:35,0:50:30]",Hugh Grant announces Best Picture → The team of '1917' comes up on stage → Sam Mendes receives the trophy and gives a speech → George MacKay gives a speech → The team leaves the stage,
,122,live,1459,D,Counting,How many times was the BAFTA mask trophy placed on the podium during the awards ceremony?,"[0:04:59,0:05:25], [0:07:21,0:07:25], [0:12:37,0:12:41], [0:19:46,0:19:50], [0:27:04,0:27:08], [0:31:11,0:31:15], [0:35:56,0:36:40], [0:44:16,0:44:20], [0:49:06,0:49:10]",8,
,122,live,1460,D,Enumeration,Please list all the names of film industry figures featured in the 'In Memoriam' segment.,"[0:14:53,0:17:52]","Rutger Hauer, Terry Rawlings, Lawrence G. Paull, Bibi Andersson, John Sargent, Terry Jones, Richard Williams, John Singleton, Peter Fonda, Robert Evans, Stanley AT donen, Robert Forster, Nigel Goldsack, Agnès Varda, Michelle Guish, Nik Powell OBE, Franco Zeffirelli, Valentina Cortese, Buck Henry, Danny Aiello, Anna Karina, Gerry Lewis, Peter Mayhew, Norman Garwood, Sue Lyon, Freddie Jones, Doris Day",
,122,live,1461,E,Counting,What was the maximum number of Best Picture Award winners who were on stage at the same time?,"[0:49:06,0:49:51]",9,
,122,live,1462,E,Enumeration,Please list the people who were displayed on screen as nominees for the Rising Star Award.,"[0:18:53,0:19:17]","Jack Lowden, Awkwafina, Micheal Ward, Kaitlyn Dever, Kelvin Harrison Jr.",
,122,live,1463,F,Counting,"After the announcement of the Director's Award, how many times was Quentin Tarantino shown in the audience?","[0:26:54,0:26:55], [0:44:03,0:44:04], [0:45:26,0:45:27], [0:49:54,0:49:55]",4,
,122,live,1464,F,Enumeration,"Please list the presenters who took the stage to announce the major awards, from after the In Memoriam"" segment concluded until before the announcement of Best Picture.""}","[0:18:21,0:18:23], [0:21:39,0:21:41], [0:29:08,0:29:10], [0:33:23,0:33:25], [0:38:45,0:38:47], [0:41:17,0:41:19]","Daniel Kaluuya, Rebel Wilson, Olivia Colman, Robert De Niro, Prince William, Daisy Ridley, John Boyega",
,122,live,1457,C,Counting,"How many times did host Graham Norton mention the word ""BAFTA"" or ""BAFTAs"" in the opening monologue?","[0:01:01,0:01:03], [0:02:01,0:02:02]",3,
,122,live,1458,C,Enumeration,Please list all the movie titles mentioned by Rebel Wilson when she gave a speech as a presenter for the Director's Award.,"[0:23:19,0:24:55]",Cats,
https://www.youtube.com/watch?v=wC5u-eROB3o,123,tv,1465,A,Counting,How many times do scenes appear in the video where a person is holding an Oscar statue?,"[0:13:54,0:14:03], [0:17:32,0:17:38], [0:18:37,0:18:39], [0:18:47,0:18:49], [0:24:32,0:24:37], [0:25:23,0:25:27], [0:28:44,0:28:47]",7,"Matt Damon and Ben Affleck,Ariana DeBose,Emma Stone,Ben Affleck, Kate Winslet,Danzel Washington"
,123,tv,1466,A,Enumeration,Please list all the actors and actresses holding an Oscar statue in the video.,"[0:13:54,0:14:03], [0:17:32,0:17:38], [0:18:37,0:18:39], [0:24:32,0:24:37], [0:25:23,0:25:27], [0:28:44,0:28:47]","Matt Damon ,Ariana DeBose,Emma Stone,Ben Affleck, Kate Winslet,Danzel Washington",
,123,tv,1467,B,Counting,"In the Academy Awards episode narrated by Ian McKellen, how many times did he interact with Maggie Smith?","[0:00:50,0:01:40], ",3,
,123,tv,1468,B,Enumeration,Please list the events of Saoirse Ronan's first Academy Awards attendance episode in chronological order.,"[0:02:13,0:03:17]",Mother came along → Mother wanted to meet John Travolta → Mother said Saoirse would lose to Tilda Swinton → George Clooney stepped on Mother's dress on the red carpet → Mother urged George Clooney to get off her dress,
,123,tv,1471,D,Counting,How many times was a still photo of a guest (or their character) displayed on the monitor?,"
[0:00:22,0:00:26], [0:00:57,0:00:59], [0:01:54,0:01:57], [0:06:45,0:06:48], [0:07:21,0:07:23], [0:09:14,0:09:22], [0:11:40,0:11:43], [0:11:59,0:12:03], [0:13:54,0:13:57], [0:17:32,0:17:35], [0:18:37,0:18:39], [0:21:39,0:21:40], [0:28:44,0:28:47], [0:30:30,0:30:34]",14,
,123,tv,1472,D,Enumeration,Please list all the people wearing glasses who appear in the video.,"[0:01:57,0:01:59], [0:07:41,0:07:44], [0:09:14,0:09:22]","the man in Saoirse Ronan's photo, Richard Ayoade, the man in Helena Bonham Carter's photo",
,123,tv,1473,E,Counting,What was the maximum number of glasses placed on the red coffee table at the same time?,"[0:19:34,0:19:36], [0:25:53,0:25:55]",4,
,123,tv,1474,E,Enumeration,"When Ian McKellen was talking about the Pounamu stone, please list all the guests sitting on the red sofa.","[0:00:38,0:00:50]","Hugh Jackman, Ian McKellen, Patrick Stewart",
,123,tv,1475,F,Counting,"After 10 minutes into the video, how many female guests were shown in photos receiving an Oscar?","[0:11:40,0:11:43], [0:17:32,0:17:38], [0:18:37,0:18:39],  [0:25:23,0:25:27], ",4,"Lady Gaga,Ariana DeBose,Emma Stone, Kate Winslet"
,123,tv,1476,F,Enumeration,Please list all the guests who talked about their first Oscar nomination episode.,"[0:01:42,0:01:44], [0:13:50,0:13:54],  [0:28:40,0:28:42], [0:30:21,0:30:27]","Saoirse Ronan, Matt Damon, Ben Affleck, Ryan Gosling, Denzel Washington",
,123,tv,1469,C,Counting,"Throughout the video, how many times can audience applause be heard?","[0:00:22,0:00:25], [0:04:29,0:04:33], [0:06:46,0:06:49], [0:17:33,0:17:36], [0:18:36,0:18:38], [0:22:56,0:22:59], [0:28:32,0:28:36]",7,
,123,tv,1470,C,Enumeration,Please list 7 movie titles mentioned by the host or guests.,"[0:00:21,0:00:22], [0:02:22,0:02:24], [0:03:30,0:03:31], [0:07:17,0:07:18], [0:09:13,0:09:14], [0:13:53,0:13:53], [0:17:32,0:17:33], [0:22:52,0:22:55]","The Lord of the Rings, Saturday Night Fever, The Theory of Everything, Black Panther, The King's Speech, West Side Story, Good Will Hunting,",
https://www.youtube.com/watch?v=qm1ZZO5IxU4,124,tv,1477,A,Counting,How many times did the child who finished the performance high-five or shake hands with the host?,"[0:04:53,0:04:53], [0:06:43,0:06:44], [0:17:36,0:17:37], [0:17:45,0:17:46], [0:25:10,0:25:21] 
",5,
,124,tv,1478,A,Enumeration,List all types of vehicle-related performances that appeared in the video.,"
[0:15:05,0:16:00], [0:26:38,0:27:31]","Scooter, Roller skates",
,124,tv,1479,B,Counting,"How many musical titles did the boy, a musical critic from New York, mention in the Times Square scene?","[0:00:21,0:00:34]",3,"The Lion King,Wicked,The Phantom of the Opera"
,124,tv,1480,B,Enumeration,List the series of actions taken by the boy doing the limbo on roller skates until he cleared the obstacle.,"[0:26:40,0:27:23]","The boy ran toward the limbo bar → 
Squat down and spread legs → Move forward on roller skates → Pass under the obstacle → Stand up",
,124,tv,1483,D,Counting,How many types of colors or patterns were there for the pocket square of the host wearing a suit?,"[0:01:01,0:01:02]",2,"light-colored patterned pocket square, gold pocket square with a shiny fold pattern"
,124,tv,1484,D,Enumeration,List all the colors of the cushions placed on the sofa on the stage.,"[0:0:49,0:00:53]","Dark blue, Yellow, Gray",
,124,tv,1485,E,Counting,What was the maximum number of performers on stage during the marching band performance?,"[0:35:07,0:35:09]
",17,
,124,tv,1486,E,Enumeration,List all the props that were on stage during the ballet performance.,"[0:22:56,0:24:33],",tree,
,124,tv,1488,F,Enumeration,List all the performances where the host stood up from his seat or recoiled in surprise.,"[0:10:30,0:10:33], [0:15:06,0:15:18], [0:26:22,0:26:25]","Snake charmer girl's performance, Scooter performance, Roller skates performance",
,124,tv,1481,C,Counting,How many times did the drum major boy blow the whistle to give instructions to the band?,"[0:34:41,0:34:45], ",4,
,124,tv,1482,C,Enumeration,List the names of celebrities mentioned by the rapper boy in his rap.,"[0:05:08,0:05:50]","Eazy-E, Jay-Z, Lil Weezy",
https://www.youtube.com/watch?v=8ImtbHTX9gc,125,documentary,1489,A,Counting,How many experts interviewed appear in this documentary?,"[0:00:31,0:00:34], [0:00:43,0:00:47], [0:00:53,0:00:58] [0:1:07,0:01:09], [0:01:14,0:01:21], [0:01:58,0:02:12], [0:03:49,0:03:50], [0:18:51,0:18:56], [0:29:18,0:29:36], [0:37:15,0:37:19], [0:43:40,0:43:51], [0:47:26,0:48:21], [0:49:33,0:49:55].",13,
,125,documentary,1490,A,Enumeration,Please list all types of wild felines that appear in the video.,"[0:00:38,0:00:39], [0:01:11,0:01:12], [0:01:53,0:01:55], [0:02:19,0:02:20], [0:14:46,0:14:53], [0:16:00,0:16:06], [0:50:47,0:50:48], ","Leopard, Cheetah, Serval, African Wildcat, Tiger, Lion, European Wildcat, Lynx, Jungle Cat",
,125,documentary,1491,B,Counting,"In the Acro-Cats training scene, how many tricks did the gray cat ""Ally"" successfully perform before receiving a treat?","[0:48:05,0:48:10]",1,balancing trick
,125,documentary,1492,B,Enumeration,"Please list the steps of clicker training for the gray cat ""Ally"" as shown in the video.","[0:48:05,0:48:12]",Indicate trick with target stick → barrel balace→ Cat successfully performs trick → Clicker sounds → Give treat,
,125,documentary,1495,D,Counting,How many times does a completely black cat appear?,"[0:00:40,0:00:43], [0:01:13,0:01:19], [0:01:53,0:01:54], [0:02:00,0:02:02], [0:02:16,0:02:17], [0:09:30,0:09:31], [0:16:29,0:16:30], [0:25:55,0:25:56], [0:37:37,0:37:38], [0:38:43,0:38:45], [0:43:24,0:43:25]",12,
,125,documentary,1496,D,Enumeration,Please list all equipment used for scientific research and veterinary medicine that appears in the video.,"[0:00:21,0:00:24], [0:00:34,0:00:37], [0:00:48,0:00:58], [0:20:13,0:20:17], [0:45:27,0:45:32]","Anesthesia machine, Anesthesia mask, Pipette, Microplate, Test tube, MEG scanner, Computer displaying brain scan images, Digital calipers, Stethoscope",
,125,documentary,1497,E,Counting,"In the scene where cats are gathered on a stone wall, what is the maximum number of cats visible on screen at the same time?","[0:34:21,0:34:22]",3,"black, grey tabby"
,125,documentary,1498,E,Enumeration,"In the TICA Cat Show scene, please list the colors and designs of the ribbons decorating the cages.","[0:40:17,0:40:25] [0:40:50,0:40:55]","Red and white rosette, Purple, Orange simple ribbon",
,125,documentary,1499,F,Counting,How many times are wild felines shown in natural environments such as savannas or grasslands?,"[0:00:38,0:00:39], [0:01:11,0:01:12], [0:01:53,0:01:55], [0:02:19,0:02:20], [0:14:48,0:14:49], [0:16:00,0:16:06], [0:50:47,0:50:48] ",8,"Leopard, Cheetah, Serval, African Wildcat, Tiger, Lion, European Wildcat,Jungle Cat"
,125,documentary,1500,F,Enumeration,"Please list the main stages of cat domestication, from wild animals to pets, as explained in the video.","[0:22:04,0:22:23], [0:26:19,0:27:17], [0:35:37,0:35:48], [0:41:07,0:41:21]",Start of human agriculture and grain storage → Increase in mice targeting grain → Wildcats approaching human settlements in pursuit of mice → Humans tolerating wildcats as beneficial animals for pest control → Genetic selection of friendly individuals → Spread worldwide through human trade routes → Artificial breeding for specific appearances and traits,
,125,documentary,1493,C,Counting,"Excluding kitten meows and hisses, how many times can an adult cat's ""meow"" be heard?","[0:00:53,0:00:54], [0:09:09,0:09:10]",2,"grey tabby, orange tabby"
,125,documentary,1494,C,Enumeration,Please list the fields of study related to cats mentioned by the experts.,"[0:00:23,0:00:26], [0:00:36,0:00:37], [0:00:48,0:00:52], [0:01:00,0:01:03], [0:43:33,0:43:52]","Biology, Archaeology, Molecular Genetics, Neuroscience, Behavioral Science, Veterinary Medicine",
https://www.youtube.com/watch?v=A8n9wf0R1xo,126,live,1501,A,Counting,What is the total number of times models winked or blew a kiss at the camera?,"[0:01:41,0:01:46], [0:05:32,0:05:33], [0:07:50,0:07:51], [0:09:39,0:09:41], [0:10:19,0:10:20], [0:10:55,0:10:58], [0:11:40,0:11:41], [0:17:15,0:17:16], [0:29:42,0:29:44], [0:34:33,0:34:34], [0:39:31,0:39:34]",14,
,126,live,1502,A,Enumeration,Please list all vehicles that appeared in the video.,"[0:01:13,0:01:16], [0:01:28,0:01:38]","Car, Motorcycle, Van",
,126,live,1503,B,Counting,How many times was smoke sprayed on stage before Cher appeared?,"[0:31:15,0:31:33]",1,
,126,live,1504,B,Enumeration,Please list the sequence from the opening motorcycle scene until Cher's performance began.,"[0:01:16,0:02:14], [0:02:41,0:02:43], [0:05:51,0:05:53], [0:06:51,0:10:00], [0:11:59,0:12:01], [0:18:02,0:18:04], [0:18:43,0:18:45], [0:24:00,0:24:02], [0:30:30,0:30:32], [0:31:32,0:31:34]",Motorcycle scene → LISA's performance → Gigi Hadid's performance → Modern heritage → Tyla's performance → Dancer's performance → Orianthi's guitar performance → Models in black and red outfits on the runway → Choir's chorus → Cher's performance,
,126,live,1507,D,Counting,"What was the total number of times star-shaped objects (costume decorations, earrings, background, etc.) appeared?","[0:01:16,0:01:17], [0:01:41,0:01:42], [0:03:05,0:03:06], [0:03:17,0:03:18], [0:03:28,0:03:30], [0:09:10,0:09:11], [0:22:03,0:22:04], [0:22:23,0:22:24], [0:22:30,0:22:31], [0:23:12,0:23:13], [0:23:51,0:23:52], [0:24:18,0:24:29], [0:24:46,0:24:47]",13,
,126,live,1508,D,Enumeration,Please list the black-haired models who appeared with wings.,"[0:01:43,0:01:45], [0:22:36,0:22:39], [0:24:18,0:24:21], [0:24:26,0:24:29], [0:24:36,0:24:39], [0:25:00,0:25:03], [0:25:28,0:25:31]","Adriana Lima, Joan Smalls, Ashley Graham, Paloma Elsesser, Imaan Hammam, LISA, Jill Kortleve",
,126,live,1509,E,Counting,What was the maximum number of dancers simultaneously on stage during Cher's performance?,"[0:33:15,0:33:20], [0:37:15,0:37:20]",18,
,126,live,1510,E,Enumeration,"When all models gathered on stage for the finale, please list all colors of the outfits worn by the models in the front row.","[0:38:59,0:39:21]","Black, Silver, Red, Gold, White",
,126,live,1511,F,Counting,"In the latter half of the show, how many times did models pose in the center of the runway?","[0:19:50,0:37:43]",35,
,126,live,1512,F,Enumeration,"During LISA's performance, please list the city silhouettes displayed on the background screen.","[0:02:42,0:02:48], [0:03:19,0:03:25]",New York,
,126,live,1505,C,Counting,"How many times was the word ""women"" said in the opening narration?","[0:00:11,0:00:12], [0:00:26,0:00:27]",2,
,126,live,1506,C,Enumeration,Please list all artist names of the songs played in the video.,"[0:02:41,0:05:32], [0:11:59,0:17:08], [0:19:16,0:23:55], [0:32:25,0:37:23]","LISA, Tyla, Joan Jett, Cher",
https://www.youtube.com/watch?v=mCvCzVQlIMk,127,tv,1513,A,Counting,How many times did the guest sitting on the red sofa drink from the glass?,"[0:04:52,0:04:54],     [0:26:13,0:26:15],  [0:32:07,0:32:09], [0:33:07,0:33:09], ",4,
,127,tv,1514,A,Enumeration,Please list all the movie and TV series titles mentioned in the show that Tom Hiddleston appeared in.,"
[0:02:56,0:03:07], ","The Night Manager, Loki, I Saw the Light, Thor",
,127,tv,1515,B,Counting,What happened to the two cats Sarah Pascoe owned after she broke up with her ex-boyfriend? Count the number of steps in that process.,"[0:30:19,0:30:23]",2,
,127,tv,1516,B,Enumeration,"Please list the sequence of events in the anecdote Samuel L. Jackson experienced with Marlon Brando, step by step.","[0:21:26,0:22:28]","Samuel L. Jackson was backstage at Michael Jackson's concert → Marlon Brando approached him and recited lines from Pulp Fiction → Brando gave him his phone number → Later, Jackson called and it connected to a Chinese restaurant → When he asked the staff, Brando answered the phone.",
,127,tv,1519,D,Counting,"In the opening scene of the show, where the host appears from the audience, how many of the audience members sitting in the front row are wearing glasses?",,4,
,127,tv,1520,D,Enumeration,Please list all the types of fruit placed on the coffee table in front of the sofa.,"[0:04:13,0:04:14]","Pineapple, Mangosteen, Grapes, Fig",
,127,tv,1521,E,Counting,"When the band members joined at the end of the show, what was the total number of people sitting on the red sofa and stools on stage?","[0:31:52,0:31:58]",8,"Graham Norton,Tom Hiddleston,
John Malkovich ,
Samuel L. Jackson, 
Sara Pascoe ,
Lauren Mayberry,Martin Doherty,Iain Cook"
,127,tv,1522,E,Enumeration,"In the closing of the show, please list everyone who was sitting on the red sofa.","[0:31:52,0:31:58]","Tom Hiddleston,
John Malkovich ,
Samuel L. Jackson, 
Sara Pascoe ,
Lauren Mayberry,Martin Doherty,Iain Cook",
,127,tv,1523,F,Counting,"After Tom Hiddleston performed his Robert De Niro impression, and while he was sitting on the left end of the sofa, how many times did he drink?","
[0:04:52,0:04:54], ",1,
,127,tv,1524,F,Enumeration,"After the show started, and before the first guest, Sarah Pascoe, appeared, please list all the famous people shown on the monitor.","[0:01:29,0:01:33], [0:01:44,0:01:47]","Donald Trump, Chvrches",
,127,tv,1517,C,Counting,How many times did Tom Hiddleston's voice tone switch up and down when he performed yodeling?,"[0:09:23,0:09:32]",5,
,127,tv,1518,C,Enumeration,Please list all the hit songs by Hank Williams that Tom Hiddleston mentioned.,"[0:07:36,0:07:50]","Hey, Good Lookin', Move It on Over, Lovesick Blues, Why Don't You Love Me, I'm So Lonesome I Could Cry, Cold, Cold Heart",
https://www.youtube.com/watch?v=qp5Vxj6wjnU,128,news,1525,A,Counting,How many legal issues or scandals involving celebrities were covered in this broadcast?,"[0:00:20,0:05:21], [0:11:18,0:15:18], [0:30:13,0:32:23]",3,
,128,news,1526,A,Enumeration,List all types of media that appeared in the video as news sources.,"[0:19:23,0:19:35], [0:19:42,0:19:43], [0:31:37,0:32:18], [0:33:13,0:33:18], [0:33:31,0:33:33], [0:35:41,0:35:43], [0:39:29,0:39:31], [0:41:47,0:41:51]","Fox 11 Los Angeles, LiveNOW from FOX, KSTU, YouTube, Instagram, American Eagle, Filmin' Tahiti",
,128,news,1527,B,Counting,"How many precedents were cited by the prosecution as grounds for denying Diddy's bail, where bail was denied for Mann Act violations?","[0:01:20,0:01:22], [0:01:33,0:01:45]",2,
,128,news,1528,B,Enumeration,List the flow of discussion from Ghislaine Maxwell's transfer to a new prison to the topic of Epstein's island being turned into a resort.,"[0:11:18,0:11:47], [0:12:07,0:12:29], [0:13:09,0:13:42], [0:14:50,0:15:09], [0:26:19,0:27:30], ","Ghislaine Maxwell is transferred to a new, lower-security prison camp in Texas → Speculation arises that this move is part of a deal with the Department of Justice for her cooperation → Victims' families express outrage, calling her a monster and a liar → A caller jokes about a reality show featuring Maxwell and other famous inmates at the new prison → The topic changes to the news that Jeffrey Epstein's private island is being turned into a luxury resort.",
,128,news,1531,D,Counting,How many times were photos or video clips of Ghislaine Maxwell shown throughout the program?,"[0:10:59,0:11:04], [0:11:11,0:11:12], [0:11:23,0:11:26], [0:11:32,0:11:35], [0:11:55,0:11:57], [0:12:12,0:12:16], [0:12:27,0:12:32], [0:13:07,0:13:09], [0:13:28,0:13:39], [0:14:00,0:14:01], [0:14:31,0:14:33], [0:14:41,0:14:42]",13,
,128,news,1532,D,Enumeration,List all brand names or slogans written on T-shirts worn inside the studio.,"[0:10:56,0:10:58], [0:28:09,0:28:12]","Choose Wisely, Sturdy Wings",
,128,news,1533,E,Counting,What is the maximum number of people sitting at the round table in the Michelle Obama podcast scene?,"[0:08:20,0:08:22], [0:09:05,0:09:07]",4,
,128,news,1534,E,Enumeration,List all the names of the senior producers shown in the program's ending credits (around 42:27).,"[0:42:27,0:42:29]","Joey Faratzis, Kyle Jamieson",
,128,news,1535,F,Counting,How many times were images of aircraft on the ground shown after the discussion about Delta Airlines turbulence began (after 19:03)?,"[0:19:14,0:19:18], [0:19:23,0:19:39], [0:22:23,0:22:27], [0:22:51,0:22:53]",5,
,128,news,1536,F,Enumeration,List the celebrities who appear in still images in the opening montage (0:09-0:17).,"[0:00:09,0:00:16]","Kourtney Kardashian, Tom Holland, Rihanna, Dwayne Johnson, Ben Affleck, Zendaya, Jennifer Lopez, Timothée Chalamet",
,128,news,1529,C,Counting,"How many times did the beep sound, used to censor inappropriate language, occur during the Bill Burr podcast segment?","[0:15:48,0:16:43]",11,
,128,news,1530,C,Enumeration,List all the names of reality TV show series mentioned by Michelle Obama and the host during their conversation.,"[0:08:56,0:08:58], [0:08:58,0:09:00], [0:09:11,0:09:13]","The Real Housewives, The Real Housewives of Atlanta",
https://www.youtube.com/watch?v=RyDW8Cl_0Rk,129,news,1537,A,Counting,"How many times was the topic of celebrity deaths (including actual deaths, false reports, or references to past deaths) brought up in this program?","[0:13:04,0:13:05], [0:21:38,0:21:51]",2,
,129,news,1538,A,Enumeration,List all TV shows or series mentioned in the program.,"[0:01:01,0:01:03], [0:04:53,0:04:54], [0:14:28,0:14:30], [0:14:39,0:14:42], [0:26:50,0:26:52], [0:27:42,0:27:44], [0:27:44,0:27:46], [0:28:53,0:28:55]","Monsters, The Cosby Show, The Osbournes, Ozzy & Jack's World Detour, The Late Show with Stephen Colbert, The Daily Show, 60 Minutes, Making a Murderer, The Epstein Files, Glee",
,129,news,1539,B,Counting,How many steps were mentioned in the official process leading up to the decision on the Menendez brothers' parole?,"[0:01:28,0:01:38], [0:02:34,0:02:40]",3,
,129,news,1540,B,Enumeration,List the sequence of events explained in the program that led Governor Gavin Newsom to publicly discuss the Menendez brothers' case.,"[0:00:42,0:00:52], [0:01:01,0:01:03], [0:01:39,0:01:50], [0:02:19,0:02:26]","Ryan Murphy created the Netflix series 'Monsters' about the Menendez brothers → Governor Gavin Newsom, who has a podcast, invited Ryan Murphy as a guest → During the podcast, Newsom asked Murphy for his opinion on the Menendez case → Murphy shared that he believe the brothers should be freed, prompting a public discussion by the governor.",
,129,news,1543,D,Counting,"How many times did the ""TMZ LIVE"" logo with palm trees in the background appear on screen?","[0:00:08,0:00:10], [0:00:16,0:00:19], [0:12:24,0:12:25], [0:12:52,0:12:53], [0:21:35,0:21:36], [0:22:12,0:22:13], [0:26:48,0:26:49], [0:27:09,0:27:10], [0:35:13,0:35:14], [0:35:39,0:35:40], [0:38:13,0:38:14], [0:38:30,0:38:31], [0:42:07,0:42:08], [0:42:26,0:42:27]",14,
,129,news,1544,D,Enumeration,List all types of hats worn by the people appearing in the video.,"[0:00:02,0:00:04], [0:21:58,0:21:59], [0:25:30,0:25:32], [0:27:02,0:27:03], [0:38:20,0:38:22]","Baseball cap, Trucker hat, Beanie, Wide-brimmed straw hat",
,129,news,1545,E,Counting,What was the maximum number of computer monitors simultaneously visible on one desk in the newsroom?,"[0:39:50,0:39:55]",6,
,129,news,1547,F,Counting,How many people appeared via remote video call after the first 20 minutes of the program?,"[0:25:54,0:25:55], [0:29:33,0:29:35], [0:40:39,0:40:40], [0:40:53,0:41:09], [0:41:15,0:41:17]",5,
,129,news,1548,F,Enumeration,List all individuals who appeared in photos or archival footage during the segment about Ozzy Osbourne's false death report.,"[0:21:54,0:21:57], [0:23:43,0:23:46]","Ozzy Osbourne, Sharon Osbourne, Kelly Osbourne, Jack Osbourne, Geezer Butler, Tony Iommi, Bill Ward",
,129,news,1541,C,Counting,What was the total number of viewers who participated via phone or video call during the program?,"[0:05:48,0:05:50], [0:06:50,0:07:13], [0:15:52,0:15:53], [0:20:37,0:20:41], [0:25:54,0:25:55], [0:29:33,0:29:35], [0:40:39,0:40:40], [0:40:53,0:41:09], [0:41:15,0:41:17]",9,
,129,news,1542,C,Enumeration,List all celebrities whose deaths were discussed or mentioned in the program.,"[0:21:38,0:22:45]","Jeffrey Epstein, Malcolm-Jamal warner, Michael Jackson, Prince Roger, Ennis Cosby",
https://www.youtube.com/watch?v=oTQ_GKeeVS0,130,news,1549,A,Counting,How many criminal cases were covered in total in the program?,"[0:00:18,0:03:42],
[0:21:27,0:27:33],
[0:39:24,0:41:20]
",5,
,130,news,1550,A,Enumeration,Please list all the case names that were treated as main topics in the program.,"[0:00:18,0:03:42],
[0:21:27,0:27:33],
[0:39:24,0:41:20]
","The Epstein Files, Menendez Murders, Defending Justin Mohn, Teddy Bear Trauma, Sam Haskell Jr. case",
,130,news,1551,B,Counting,"Regarding the Menendez brothers' trial, how many days did the judge give the prosecution as a response period?","[0:01:59,0:02:08],
[0:,20:54,0:21:08]
",30,
,130,news,1552,B,Enumeration,Please list the flow of legal procedures explained in the video until the Menendez brothers' trial approached the possibility of a retrial.,"[0:22:05,0:23:40]",Menendez brothers file a writ of habeas corpus → Prosecution submits an informal response → Judge requests a formal response from the prosecution → Judge indicates a preliminary impression that new evidence may warrant a retrial → State (prosecution) is given a 30-day period to defend the conviction.,
,130,news,1555,D,Counting,How many times did the red lower third with white text appear at the bottom of the screen?,"[0:03:51,0:20:17]
[0:20:33,0:28:50]
[0:28:58,0:34:20]
[0:34:35,0:39:51]
[0:40:01,0:41:21]",7,
,130,news,1556,D,Enumeration,Please list all types of clothing Jeffrey Epstein is wearing in the photos appearing in the video.,"[0:00:28,0:00:40], [0:00:52,0:01:22]","Hoodie, T-shirt, Button-down shirt, Blazer, Polo shirt, Quarter-zip pullover, Suit",
,130,news,1557,E,Counting,"Including Ghislaine Maxwell, how many people are shown in the group photo (around 0:42)?","[0:00:41,0:00:50]",7,
,130,news,1558,E,Enumeration,Please list all the musical instruments visible behind Justin Mohn's lawyer in the scene where he is being interviewed.,"[0:35:17,0:35:54]","Piano, Electric guitars",
,130,news,1559,F,Counting,"In the first 3 minutes from the start of the program, how many people other than the host were introduced in still images?","[0:00:00,0:03:00]",6,
,130,news,1560,F,Enumeration,Please list the types of clothes the Menendez brothers are wearing in the courtroom photos displayed after 20 minutes and 30 seconds.,"[0:21:00,0:21:19]","Sweater, Collared shirt, Striped button-down shirt, Suit, Tie",
,130,news,1553,C,Counting,What is the total number of guests interviewed in the program?,"[0:08:50,0:09:40], [0:15:01,0:17:00], [0:22:01,0:23:25], [0:29:16,0:30:00], [0:34:16,0:38:10]",6,
,130,news,1554,C,Enumeration,Please list the keywords of the four main cases mentioned by the host that will be covered in this program.,"[0:00:19,0:03:02], [0:12:58,0:13:08], [0:21:39,0:21:46], [0:26:50,0:27:00]","Gavin Newsome to Release Menendez Brothers, Ozzy Osbourne dead at 76, Death of Malcolm-jamal Warner, Steven Colbear did not hold back his feelings",
https://www.youtube.com/watch?v=bL_PUoIYjnk,131,news,1561,A,Counting,How many major criminal cases were introduced in this news program?,"[0:00:18,0:00:23], [0:01:40,0:01:45], [0:28:57,0:30:00]",3,
,131,news,1562,A,Enumeration,"Please list all the types of crimes allegedly involving the Albuquerque boy, from the list displayed on the screen.","[0:07:29,0:07:54]","Stolen car, stone throwing at a residence (woman injured), smash and grab robbery at a store, death of cyclist Scott Habermehl, trespassing at a school and two shooting incidents",
,131,news,1563,B,Counting,How many types of poison are allegedly used by the Colorado dentist on his wife?,"[0:01:41,0:01:44], [0:20:08,0:20:17]",3,
,131,news,1564,B,Enumeration,Please list the sequence of events explained by the host regarding the alleged case of a Colorado dentist killing his wife.,"[0:20:08,0:20:17], [0:19:46,0:19:52], [0:20:47,0:20:57], [0:21:04,0:21:18]",Administer multiple poisons into wife's protein shake -> wife hospitalized multiple times -> finally murders her with cyanide at the hospital -> arrested -> attempts to hire a hitman to murder witnesses in prison,
,131,news,1567,D,Counting,How many times was the suspect's photograph (mugshot) displayed throughout the entire program?,"[0:07:04,0:07:08], [0:16:14,0:16:17], [0:18:21,0:18:23], [0:20:00,0:20:03], [0:21:10,0:21:19], [0:23:26,0:23:28], [0:26:48,0:26:53]",7,
,131,news,1568,D,Enumeration,Please list the two different appearances of the Annabelle doll that were shown in the program.,"[0:30:45,0:30:47], [0:31:07,0:31:12]","A cloth doll with red yarn hair (Raggedy Ann doll), a doll with a ceramic-like face and braids (movie version)",
,131,news,1569,E,Counting,"In the security camera footage of the hotel robbery, what is the maximum number of perpetrators who were simultaneously inside the premises?","[0:05:39,0:05:45]",4,
,131,news,1570,E,Enumeration,What ages of people were listed in the graphic that showed the ages and names of the hit-and-run suspects?,"[0:07:03,0:07:08], [0:25:09,0:25:22]","11, 15, 12, 15",
,131,news,1571,F,Counting,"In the video footage of the Colorado dentist's trial, when the lawyer wearing a pink jacket is speaking, how many people are sitting in the spectator seats behind her?","[0:21:29,0:21:48]",3,
,131,news,1572,F,Enumeration,"Please list the incidents that occurred in May 2024, in chronological order, from the 'SUMMER OF HELL' timeline of incidents involving boys in Albuquerque.","[0:07:29,0:07:39]",May 5th: Stolen car -> May 12th: Stone throwing at a residence (Woman injured) -> May 17th: Smash and grab robbery at a store -> May 29th: Death of cyclist Scott Habermehl,
,131,news,1565,C,Counting,"How many times did the caster say the word ""kid"" or ""kids"" while talking about the Albuquerque incident?","[0:00:17,0:00:17], [0:00:26,0:00:27], [0:00:36,0:00:36], [0:01:01,0:01:01], [0:01:25,0:01:25], [0:01:34,0:01:35], [0:04:14,0:04:15], [0:08:54,0:08:56], [0:09:04,0:09:05], [0:13:22,0:13:25], [0:13:30,0:13:35], [0:17:43,0:17:44], [0:17:52,0:17:53]",17,
,131,news,1566,C,Enumeration,Please list the problems with New Mexico's juvenile justice system that District Attorney Sam Bregman mentioned in an interview.,"[0:08:48,0:08:53], [0:08:53,0:09:03], [0:16:29,0:16:38]","Juvenile crime is out of control, because committing crimes does not lead to substantial consequences (punishment), children do not learn from their mistakes, and the Juvenile Law has not been updated since before the invention of the iPhone.",
https://www.youtube.com/watch?v=mpShvihAcxA,132,news,1573,A,Counting,"Excluding the main anchor in the studio, how many special correspondents or commentators reporting from the scene will appear during this broadcast?","[0:01:33,0:02:13], [0:04:35,0:04:41], [0:08:24,0:08:30], [0:13:35,0:13:41, [0:19:27,0:19:32], [0:34:03,0:34:08]",6,female
,132,news,1574,A,Enumeration,Please list all U.S. government-related facilities appearing in the video.,"[0:02:15,0:02:20], [0:04:38,0:04:41], [0:10:42,0:10:46], [0:34:29,0:34:31], [0:34:57,0:35:00]","Federal Reserve Board Building, United States Capitol, Department of Justice, Federal Courthouse, Lincoln Memorial, Washington Monument",
,132,news,1575,B,Counting,"In the context of President Trump's conflict with Chairman Powell regarding the FRB's renovation costs, how many times did Mr. Trump mention a specific amount (e.g., '3.1 billion dollars')?","[0:02:16,0:02:23], [0:02:35,0:02:39]",4,
,132,news,1576,B,Enumeration,"Please list the sequence of events leading up to President Trump's conflict with Chairman Powell regarding the FRB's renovation costs, based on their statements.","[0:02:15,0:03:02]","Mr. Trump pointed out the renovation cost as ""$3.1 billion"" → Chairman Powell denied, saying ""I don't know"" → Mr. Trump presented documents → Chairman Powell looked at the documents and acknowledged the figure of ""$3.1 billion"", but explained that it included the cost of another building → Mr. Trump refuted that explanation → Chairman Powell again corrected that it was the cost of another building completed five years ago.",
,132,news,1579,D,Counting,"In the Hulk Hogan tribute segment, how many photos of him with his family are displayed in total?","[0:13:00,0:13:05]",1,
,132,news,1580,D,Enumeration,Please list all building exteriors or on-campus scenery related to Columbia University that were shown in the video.,"[0:00:27,0:00:37], [0:07:51,0:07:56], [0:08:03,0:08:06]","Sign for the Faculty of Arts building, campus main gate, university bus, brick dormitory-like building, paved walkway, Low Memorial Library and the lawn in front, plaza with a bronze statue, building with flags flying",
,132,news,1581,E,Counting,"What is the maximum number of people, including President Trump and individuals wearing helmets, who appear on screen simultaneously in a scene inspecting the Federal Reserve Board (FRB) renovation construction site?","[0:26:24,0:26:30]",3,
,132,news,1582,E,Enumeration,Please list all types of food and drinks that customers are eating or that are placed on the tables in the introduction scene of the Tesla Diner.,"[0:37:58,0:38:03], [0:38:08,0:38:11], [0:38:17,0:38:20]","Hamburger, Hot Dog, French Fries, Milkshake, Ice Cream, Fried Chicken, Club Sandwich, Popcorn, Soda",
,132,news,1583,F,Counting,"In the latter half of the program (after 19:00), how many non-sports news items were reported?","[0:19:04,0:19:05], [0:22:25,0:22:26], [0:25:33,0:25:35], [0:32:15,0:32:16], [0:34:15,0:34:17], [0:37:31,0:37:32]",6,
,132,news,1584,F,Enumeration,"Among the news reported in the first half of the program (until 19:00), please list all matters that occurred or are being discussed in Washington D.C.","[0:01:47,0:02:14]","Conflict between President Trump and the FRB Chairman,",
,132,news,1577,C,Counting,"In this news broadcast, how many times was a ticker displayed as a news flash at the bottom of the screen?","[0:01:19,0:01:25], [0:01:32,0:02:15], [0:03:38,0:04:10], [0:04:16,0:06:05], [0:06:10,0:08:03], [0:08:08,0:10:31], [0:10:25,0:11:19], [0:11:24,0:13:00], [0:13:07,0:15:44], [0:16:19,0:18:55], [0:19:04,0:22:19], [0:22:25,0:25:25], [0:25:33,0:29:40], [0:32:15,0:34:05], [0:34:15,0:37:00], [0:37:31,0:39:41], [0:40:05,0:42:18], [0:42:25,0:43:24], [0:43:59,0:45:05]",19,
,132,news,1578,C,Enumeration,Please list all celebrities who expressed condolences upon the death of Hulk Hogan.,"[0:12:25,0:13:01]","Donald Trump, JD Vance, Ric Flair",
https://www.youtube.com/watch?v=jBlr_6pumZI,133,news,1585,A,Counting,"How many guests in total (including remote participants), excluding the host, appear in the video?","[0:01:23,0:01:44], [0:20:14,0:20:21], [0:41:57,0:41:59]",4,"Yvette Cooper, fisel ,Laura, Ben Connor"
,133,news,1586,A,Enumeration,List all major political and economic topics discussed in this newscast.,"[0:00:24,0:00:38], [0:19:30,0:19:51], [0:41;42,0:43:52]","UK immigration policy, US-China trade war, UK COVID-19 inquiry",
,133,news,1587,B,Counting,"In the summary of Keir Starmer's speech on immigration policy, how many specific proposals did James Cook list?","[0:00:38,0:01:01]",3,"Migration would fall significantly over the next four years,
A ban on the recruitment of overseas care workers,
Tightening access to skilled worker visas"
,133,news,1588,B,Enumeration,"In the discussion of the US-China trade war, list the sequence of events leading to the final agreement.","[0:19:33,0:19:51], [0:23:16,0:23:19], [0:24:12,0:24:22]",Donald Trump announces tariffs on imports → US-China trade war escalates → Negotiations in Switzerland → A deal is reached suspending most tariffs,
,133,news,1591,D,Counting,How many people (including hosts and guests) appear speaking in the studio?,"[0:00:19,0:00:22], [0:01:03,0:01:05], [0:20:19,0:20:21], [0:41:57,0:41:59]",4,"James Cook, 
Yvette Cooper, Fisel islam,
Ben Connor"
,133,news,1592,D,Enumeration,List all colors of the microphone windscreens (pop guards) used by the studio speakers.,"[0:00:19,0:00:21], [0:01:43,0:01:44], [0:20:13,0:20:14]","Light blue, Yellow, Black",
,133,news,1594,E,Enumeration,"In the scene where Faisal Islam is speaking, list the items placed on the shelf behind him.","[0:32:10,0:32:12]","Framed picture, Plant, BBC blocks",
,133,news,1595,F,Counting,"In the first minute of the video, how many colors of text (logos, lower thirds, etc.) are displayed on the screen?","[0:00:00,0:00:00], [0:00:20,0:00:21]",2,"White - used for the main text and logos.
Red - used for emphasis in certain elements or graphics."
,133,news,1596,F,Enumeration,"List the names of guests other than the host who appeared from the end of Yvette Cooper's interview until the end of the video, in order of appearance.","[0:19:33,0:19:35], [0:20:19,0:20:21], [0:41:57,0:41:59]","Faisal Islam, Laura Bicker, Ben Connor",
,133,news,1589,C,Counting,"How many times was the term ""Net migration"" mentioned throughout the video?","[0:02:43,0:02:44], [0:02:54,0:02:55], [0:03:17,0:03:18], [0:03:25,0:03:26], [0:04:36,0:04:36], [0:04:50,0:04:51], [0:09:26,0:09:26], [0:09:37,0:09:37]",8,
,133,news,1590,C,Enumeration,List all countries or regions mentioned by the speakers in the video.,"
[0:00:01,0:00:02], [0:19:47,0:19:49],[0:23:18,0:23:19],  [0:29:45,0:29:46], [0:29:46,0:29:48], [0:30:02,0:30:03]","UK, United States, China, Switzerland, Vietnam, Malaysia, Thailand, Cambodia, Central Asia",
https://www.youtube.com/watch?v=sEiyR7-0FOA,134,cartoon,1597,A,Counting,How many major wars or conflicts involving France are depicted in this video?,"[0:00:54,0:02:12],
[0:03:25,0:03:34], 
[0:06:19,0:07:43], [0:07:49,0:08:23] ",5,"Early Middle Ages,,Hundred Years’ war,World War I ,World War II,Global War on Terror"
,134,cartoon,1598,A,Enumeration,List all types of hats worn by French soldiers appearing in the video.,"
[0:00:08,0:00:13], [0:02:11,0:02:12],  [0:03:29,0:03:32], [0:03:44,0:03:46], [0:08:05,0:08:10]","Adrian helmet, Beret, Tricorne hat, Kepi, Modern combat helmet, Metal helmet, Shako",
,134,cartoon,1599,B,Counting,How many strategic steps were shown in the video when Germany invaded France during World War II?,"[0:06:22,0:06:33]",2,"1) The use of the Maginot Line by France as a defensive barrier, 2)Germany’s plan to invade through the Low Countries"
,134,cartoon,1600,B,Enumeration,List in order the events leading to the establishment of the Frankish Kingdom as shown in the video.,"[0:00:51,0:01:56]",Fall of the Western Roman Empire → Westward expansion of the Franks → Clovis I securing territory → Establishment of the Frankish Kingdom's domain,
,134,cartoon,1603,D,Counting,How many times were maps displayed in the section explaining the history of the French military (0:00-9:41)?,"[0:01:09,0:01:16], [0:04:09,0:04:15], [0:06:58,0:07:12]",3,
,134,cartoon,1604,D,Enumeration,List all types of bladed weapons used by soldiers during combat.,"[0:00:33,0:00:45],  [0:01:39,0:01:42]","Sword, Bayonet, Polearm",
,134,cartoon,1605,E,Counting,"In the scene where the French army from the time of Louis XIV marches, what is the maximum number of soldiers in a single rank?","[0:02:13,0:02:20]",12,
,134,cartoon,1606,E,Enumeration,List all types of military vehicles appearing in the World War II scene (6:09-7:40).,"
[0:06:17,0:06:19], [0:06:26,0:06:29], [0:07:14,0:07:20]","Tank, Military staff car",
,134,cartoon,1607,F,Counting,How many individual shots depict soldiers in trenches after the Napoleonic era?,"[0:00:11,0:00:13], [0:03:34,0:03:43], [0:04:36,0:04:52], [0:05:04,0:05:18], [0:05:25,0:06:01]",8,
,134,cartoon,1608,F,Enumeration,List all countries or regions where the narrator mentions the French military conducted operations after World War II.,"
[0:07:45,0:08:00],   [0:08:17,0:08:23]","Indochina, Algeria, Afghanistan, Libya,West Africa, Chad, Côte d'Ivoire, Mali",
,134,cartoon,1601,C,Counting,How many battle scenes throughout the video feature the sound of cannon fire?,"[0:02:44,0:02:46], [0:03:34,0:03:38], [0:04:36,0:04:45], [0:06:17,0:06:21], [0:06:26,0:06:29]",5,
,134,cartoon,1602,C,Enumeration,List all the battles mentioned by the narrator.,"[0:01:31,0:01:32], [0:01:49,0:01:56], [0:02:54,0:02:55], [0:03:06,0:03:07], [0:04:07,0:04:08]","Battle of Tours, Hundred Years' War, Battle of Crécy, Battle of Poitiers, Battle of Agincourt, Battle of Marengo, Battle of Austerlitz, Battle of Waterloo, Battle of Verdun",
https://www.youtube.com/watch?v=LlqsCCa6y58,135,documentary,1609,A,Counting,How many self-portraits by different artists appear in this video?,"[0:03:56,0:04:00],
[0:05:41,0:05:45],
[0:08:20,0:08:30],
[0:10:00,0:10:20],
[0:12:00,0:12:12],
[0:13:09,0:13:30],
[0:15:20,0:15:35],
[0:16:36,0:16:47],
[0:19:18,0:19:30],
[0:20:38,0:20:59], [0:24:00,0:24:20],
[0:26:04,0:26:31], [0:27:45,0:28:04]",13,"The Luncheon on the grass by Edouard manet, The Large bathers by Paul Cezanne,Starry night by Vincent van Gogh,The Joy of Life by Henri Matisse,Les Demoiselles D'Avignon By Pablo Picasso,Bottle and Fishes By Geogres Braque, Fountain by Marcel Duchamp, Group IV. The ten largest by hilma af Klint , Untitled by Wassily Kandinsky, Black Square by Kazimir Malevich, Composition C by piet Mondrian, Black Iris by geogia O'Keeffe, Autumn Rhythm by Jackson Pollock"
,135,documentary,1610,A,Enumeration,Please list all the art movements introduced in this video.,"
[0:07:48,0:08:01], [0:09:38,0:09:41], [0:11:50,0:11:51], [0:14:21,0:14:23], [0:21:37,0:21:40], [0:23:17,0:23:18], [0:27:02,0:27:04]","Impressionism, Post-Impressionism, Fauvism, Cubism, Dada, Suprematism, De Stijl, Abstract Expressionism",
,135,documentary,1611,B,Counting,How many factors mentioned in the narration are there as the background that led Modern Art to reject tradition?,"[0:02:34,0:02:45]",3,"rejection of tradition
, New materials and techniques,Abstraction"
,135,documentary,1612,B,Enumeration,"Please list the historical events shown on the timeline in chronological order, as having influenced the modern art movement.","[0:01:20,0:01:24]",Industrial Revolution -> World War I -> World War II,
,135,documentary,1615,D,Counting,How many times do red dots appear in the timeline part to indicate the years?,"[0:01:12,0:01:24], [0:20:31,0:20:36], [0:23:15,0:23:17], [0:28:54,0:29:08]",20,
,135,documentary,1616,D,Enumeration,Please list all artists who have been depicted in photographs or videos while creating in their studio.,"[0:14:09,0:14:12], [0:16:14,0:16:22], [0:18:51,0:18:53], [0:25:23,0:25:30], [0:27:02,0:27:08]","Pablo Picasso, Hilma af Klint, Wassily Kandinsky, Georgia O'Keeffe, Jackson Pollock",
,135,documentary,1617,E,Counting,"In the scene displaying Picasso's 'Avignon's Daughters', how many workers are directly touching the artwork?","[0:12:58,0:13:03]",6,
,135,documentary,1618,E,Enumeration,"Please list all the works introduced as Marcel Duchamp's ""Readymades"".","[0:14:40,0:14:43], [0:15:04,0:15:11]","Fountain, Bicycle wheel, Bottle rack",
,135,documentary,1619,F,Counting,How many works of art have a production year indicated between World War I (1914-1918) and World War II (1939-1945)?,"[0:01:45,0:01:48], [0:22:16,0:22:24], [0:23:56,0:24:02], [0:26:04,0:26:07]",6,"Lake George from the hill (1932) lake and lake George (1922),Stalin and voroshilov in the Kremlin(1938) and portrait of J.V Stalin(1935),Composition with Red, Blue, and Yellow (1930),Georgia O’Keeffe’s Black Iris (1926)."
,135,documentary,1620,F,Enumeration,"As representative works of the Fauvism, Cubism, and Suprematism art movements, please list the names of the works whose titles were displayed in the video.","[0:09:56,0:10:01], [0:11:57,0:12:02], [0:13:07,0:13:10], [0:20:37,0:20:40]","Fauvism: The Joy of Life, Cubism: Les Demoiselles d'Avignon, Bottle and Fishes, Suprematism: Black Square",
,135,documentary,1614,C,Enumeration,Please list all the artists and writers whose statements are quoted in the video.,"[0:03:41,0:03:54], [0:07:29,0:07:35], [0:14:43,0:14:53], [0:17:38,0:17:58], [0:20:11,0:20:17], [0:21:06,0:21:15], [0:28:40,0:28:53], [0:29:42,0:29:58]","H. Harvard Arnason, Paul Cézanne, Hilma af Klint, Wassily Kandinsky, Kazimir Malevich, Marcel Duchamp, Jackson Pollock, Kurt Vonnegut",
https://www.youtube.com/watch?v=mS1QPVgBDQo,136,live,1621,A,Counting,How many times does the presenter drink a canned beverage?,"[0:00:51,0:00:53], [0:01:40,0:01:42], [0:11:46,0:11:48], [0:12:53,0:12:55], [0:13:52,0:13:54]",5,
,136,live,1622,A,Enumeration,Please list all types of musical instruments that can be seen on stage during a live performance.,"[0:27:20,0:27:30], [0:19:26,0:19:30], [0:27:37,0:27:42]","Electric Violin,Guitar, Drum Set, Keyboard, Saxophone, Clarinet",
,136,live,1623,B,Counting,"After the host introduced Genesis, how many times did Genesis speak until the next speaker was introduced?","[0:00:31,0:00:45]",3,
,136,live,1624,B,Enumeration,Please list the sequence of events from the end of the panel discussion until the live performance begins.,"[0:16:02,0:16:23]",Speaker exits → Audience applause → Band members appear → Performance begins,
,136,live,1627,D,Counting,How many times will the Volkswagen logo be displayed?,"[0:00:03,0:00:05], [0:32:17,0:32:20]",2,
,136,live,1628,D,Enumeration,"Please list the types of tops worn by the three speakers, in order from the person on the left.","[0:00:23,0:00:31]","black blazer, red and blue patterned cardigan, black leather jacket",
,136,live,1629,E,Counting,What was the maximum number of band members simultaneously on stage during a live performance?,"[0:27:33,0:27:35]",6,
,136,live,1631,F,Counting,How many times will close-up shots of instruments appear in the first 5 minutes after the live performance begins?,"[0:17:00,0:17:12], [0:17:37,0:17:49], [0:18:45,0:18:47], [0:19:05,0:19:07], [0:19:28,0:19:31], [0:20:03,0:20:07], [0:20:21,0:20:24], [0:20:40,0:20:43]",8,
,136,live,1632,F,Enumeration,Please list the types of abstract visuals displayed on the background screen during the first song of the live performance.,"[0:16:14,0:31:31]","Rotating spiral pattern, wireframe structure, glowing crystal, circular glowing tentacle pattern, nebula・galaxy, concentric tunnel",
,136,live,1625,C,Counting,How many times does audience applause occur throughout the entire video?,"[0:01:03,0:01:56], [0:16:02,0:16:05], [0:31:31,0:31:40]",4,
,136,live,1626,C,Enumeration,Please list all activities and project names of Genesis that the speaker mentioned.,"[0:01:58,0:02:27]","COUM Transmissions, Throbbing Gristle, Psychic TV, Temple ov Psychick Youth, Pandrogeny project",
https://www.youtube.com/watch?v=8Gl6iy7OEM4,137,selfmedia,1633,A,Counting,"How many times are maps (including globes, old maps, and satellite images) displayed in the video?","[0:00:01,0:00:25], [0:00:39,0:00:42], [0:01:00,0:01:04], [0:01:22,0:03:41], [0:04:08,0:05:26], [0:05:50,0:05:54], [0:06:53,0:07:02], [0:07:42,0:07:43], [0:07:48,0:09:47], [0:11:47,0:11:51], [0:15:00,0:15:02], [0:15:52,0:15:53], [0:16:00,0:16:14], [0:17:07,0:17:11], [0:17:24,0:17:32], [0:18:47,0:18:49], [0:22:24,0:22:32], [0:23:52,0:23:55], [0:24:03,0:25:56], [0:24:36,0:24:40], [0:24:53,0:25:56]",28,
,137,selfmedia,1634,A,Enumeration,Please list all the sports mentioned in the video.,"[0:19:30,0:19:41], [0:19:50,0:20:07], [0:20:35,0:20:48]","Rugby, Cricket, Australian rules football, Soccer (Football), Futsal, Beach soccer, Garague (Tug of war)",
,137,selfmedia,1635,B,Counting,"According to the legend of Guadalcanal Island, how many heroes were born from the surviving pregnant women?","[0:10:53,0:11:03]",2,
,137,selfmedia,1636,B,Enumeration,"Please list in chronological order the historical events of the Solomon Islands, from the contact with Europeans to the end of the civil war, as narrated in the video.","[0:18:24,0:18:49], [0:18:54,0:19:01]",European Contact -> Blackbirding (19th century) -> Independence (1978) -> Civil War (1999-2003),
,137,selfmedia,1639,D,Counting,How many times does main host Barbs appear on screen simultaneously with other people (excluding animation)?,"[0:00:07,0:00:09], [0:00:31,0:00:45], [0:00:50,0:01:22], [0:03:37,0:03:53], [0:04:10,0:06:16], [0:07:27,0:07:47], [0:10:09,0:10:14], [0:11:30,0:12:08], [0:13:01,0:13:02], [0:13:12,,0:16:20], [0:15:30,0:17:15], [0:18:16,0:19:18], [0:20:31,0:20:52], [0:23:56,0:24:02], [0:25:56,0:26:17]",17,
,137,selfmedia,1640,D,Enumeration,"Please list all guests, other than the main host Barbs, who have lines or whose names were introduced via on-screen text.","[0:00:32,0:00:39], [0:12:09,0:12:11], [0:19:20,0:19:22], [0:20:55,0:20:57], [0:22:25,0:22:28]","Terry, Gary Harlow, Art, Hannah, Keith",
,137,selfmedia,1641,E,Counting,What is the total number of ethnic groups displayed in the pie chart showing population composition?,"[0:25:03,0:25:29]",70,
,137,selfmedia,1642,E,Enumeration,Please list all tourist spots and famous places introduced in the video where text captions are displayed.,"[0:06:20,0:07:02], [0:09:49,0:10:09]","Honiara central Market, National Museum, Lilisiana stilt homes, WWII Monuments & museums, Bloody ridge, Coral sea resort/ Casino, Lau lagoon man-made islands, Vona Vona lagoon, Skull island, Iron bottom sound, Tenaru, Kwaibala, Piu river, Riba caves",
,137,selfmedia,1643,F,Counting,How many times are map or satellite image shots displayed in the 'Physical Geography' section (7:25-10:14)?,"[0:07:48,0:09:38], [0:09:47,0:09:51]",2,
,137,selfmedia,1644,F,Enumeration,"Please list all countries related to the Solomon Islands that were mentioned in the Friend Zone"" section (after 23:51).""}","[0:24:11,0:25:55]","Australia, UK, China, Japan, New Zealand, Papua New Guinea, Fiji, Vanuatu, France, InAT donesia",
,137,selfmedia,1637,C,Counting,How many times did the hosts say the word 'Pijin'?,"[0:01:14,0:01:16], [0:16:34,0:16:36]",2,
,137,selfmedia,1638,C,Enumeration,Please list all languages or language families mentioned in the video.,"[0:01:14,0:01:16], [0:16:24,0:16:26], [0:16:00,0:16:05], [0:16:39,0:16:42], [0:25:41,0:25:43]","Pijin, English, West Oceanic, South Solomonic, Central Solomonic, Polynesian, Tok Pisin, Bislama",
https://www.youtube.com/watch?v=FnKDgC9aNu0,138,selfmedia,1645,A,Counting,How many leaders were mentioned as part of the Axis Powers in this alternate history scenario?,"
[0:00:54,0:00:58], [0:02:14,0:02:15]",2,"Hitler,The Luftwaffe"
,138,selfmedia,1646,A,Enumeration,Please list all major British naval bases or colonies in the Mediterranean mentioned in the discussion.,"[0:34:14,0:34:24], [0:46:45,0:46:47]","Gibraltar, Malta, Alexandria,crete",
,138,selfmedia,1648,B,Enumeration,"Please list the sequence of historical events leading up to the turning point in this video's alternate history scenario, where Germany focuses on a Mediterranean strategy.","[0:00:49,0:00:58], [0:02:04,0:02:05]",Battle of France → Dunkirk Evacuation (Operation Dynamo) → Hitler realizes that Britain will not surrender,
,138,selfmedia,1651,D,Counting,How many times in the video do all three presenters appear on the screen simultaneously?,"[0:00:00,0:00:41], [0:00:49,0:09:11],  [0:09:25,0:09:53], [0:10:05,0:36:01], [0:36:21,0:57:48]",5,
,138,selfmedia,1653,E,Counting,"On the map at 9:37, how many points are shown in total as strategic strongholds in the Mediterranean that the Axis powers aim to control?","[0:09:10,0:09:24]",9,"Madrid, Marseilles , Rome, Taranto , Constantinople, Tunis, Tripoli, Tobruk , Alexandria"
,138,selfmedia,1654,E,Enumeration,"In the tactical illustration of U-boats displayed at 2:41, please list all visually identifiable types of U-boats.","[0:02:41,0:02:45]","Type VII, Type IX",
,138,selfmedia,1655,F,Counting,"How many newly mentioned strategic objectives are there in the latter half of the video (after 25:00), specifically in the scene where a map of the Mediterranean Sea is displayed?","[0:55:47,0:56:12]",3,
,138,selfmedia,1656,F,Enumeration,"Please list the potential threats to Britain if Germany's Mediterranean strategy were successful, based on what was mentioned in the latter half of the discussion (after 30:00).","[0:38:32,0:38:35], [0:42:36,0:42:39], [0:54:30,0:54:35], [0:55:08,0:55:11]","Loss of the Suez Canal, loss of Egypt, threat to Middle East oil supply, threat to Britain's position throughout the Middle East",
,138,selfmedia,1649,C,Counting,How many times was the word 'Malta' spoken in the video?,"[0:34:14,0:34:15],
[0:34:24,0:34:26], [0:37:16,0:37:18],
[0:37:24,0:37:25], [0:46:43,0:46:57], [0:48:08,0:48:11], [0:48:58,0:49:00], [0:51:22,0:51:23],
[0:51:28,0:51:29], [0:52:19,0:52:20],
[0:52:48,0:52:49],  [0:56:50,0:56:59]",15,
,138,selfmedia,1650,C,Enumeration,Please list all British Royal Navy ship classes or ship names from World War II that were mentioned in the discussion.,"[0:03:37,0:03:41], [0:05:22,0:05:27], [0:21:38,0:21:43], [0:33:48,0:33:49], [0:03:26,0:03:27]","Ark Royal, Barham, Hood, Valiant, Resolution, Warspite, Malaya, Ramillies, Royal Sovereign, Eagle, Illustrious, Penelope, U Class",
https://www.youtube.com/watch?v=8MkL3W6wU3g,139,documentary,1657,A,Counting,How many times are scenes shown where craftsmen process wood or stone materials using chisels?,"[0:00:00,0:00:16], [0:00:56,0:01:42], [0:05:25,0:05:28], [0:05:38,0:05:40], [0:20:13,0:20:25], [0:20:47,0:20:56], [0:22:23,0:22:28]",7,
,139,documentary,1658,A,Enumeration,Please list all handheld tools used in the construction work.,"[0:00:00,0:00:04], [0:00:35,0:00:40], [0:03:01,0:03:07], [0:03:40,0:03:42], [0:05:25,0:05:27], [0:11:00,0:11:02], [0:17:44,0:17:47], [0:18:11,0:18:13], [0:19:19,0:19:21], [0:18:03,0:18:08]","Chisel, Hammer, Mallet, Ruler, Ink pot, Plumb bob, Saw, Adze, Level, File, Trowel, Brush, Bow drill",
,139,documentary,1659,B,Counting,"In the floor tiling work starting from 18:37, how many times was a tile tapped and adjusted to install it?","[0:18:37,0:18:40]",5,
,139,documentary,1660,B,Enumeration,Please list the series of work procedures until the pillars are installed on the foundation.,"[0:04:30,0:05:24]",Pillar transportation → Lifting by rope and scaffolding → Guiding and installing onto the foundation → Position adjustment with a mallet,
,139,documentary,1663,D,Counting,How many times does an American worker in a yellow T-shirt appear on screen?,"[0:01:43,0:01:54], [0:08:06,0:08:20], [0:12:44,0:12:56], [0:13:05,0:13:14]",5,
,139,documentary,1664,D,Enumeration,Please list all different lattice window patterns appearing in the video.,"[0:01:28,0:01:30], [0:01:58,0:02:00], [0:24:23,0:24:25], [0:24:30,0:24:34]","Ice crack pattern, Octagonal and cross pattern, Hexagonal tortoise shell pattern, Diamond pattern, Manji-kuzushi pattern",
,139,documentary,1665,E,Counting,What is the total number of people in the group photo taken at 12:46?,"[0:12:46,0:12:48]",20,"deputy director, craftsman, engineers, construction worker"
,139,documentary,1666,E,Enumeration,"In the scene of the completed room starting from 24:41, please list all the decorations placed on the altar table.","[0:24:41,0:25:02]","Wooden figure (left), Black strange stone, Blue and white porcelain vase, Wooden figure (right)",
,139,documentary,1667,F,Counting,"In the latter half of the video (after 14:27), how many times are scenes shown of work being AT done on scaffolding?","[0:16:00,0:16:04], [0:16:47,0:16:55], [0:17:17,0:17:21], [0:19:00,0:19:09], [0:22:36,0:22:48]",5,
,139,documentary,1668,F,Enumeration,"In the early stage of construction (first 5 minutes), please list the main building materials transported and installed inside the construction site.","[0:00:00,0:00:16], [0:02:17,0:02:24], [0:02:32,0:02:36]","Foundation stones, Pillars, Beams",
,139,documentary,1661,C,Counting,"How many times did the narrator mention specific numerical values such as the number of people, duration, or era?","[0:00:40,0:00:49], [0:00:59,0:01:01], [0:01:18,0:01:24], [0:01:43,0:01:45], [0:02:14,0:02:16], [0:02:25,0:02:27], [0:02:39,0:02:43], [0:03:46,0:03:47], [0:11:06,0:11:08], [0:19:58,0:20:00], [0:27:44,0:27:46]",11,
,139,documentary,1662,C,Enumeration,Please list all types of wood mentioned by the narrator that were used in the construction of the Ming-style room.,"[0:02:14,0:02:36]","Fir, Ginkgo, Camphor wood",
https://www.youtube.com/watch?v=P9hDA0u6FO0,140,documentary,1669,A,Counting,"How many corps (symbol XXX) in total were the four allied armies (Bohemia, Silesia, Northern, Poland) that formed the main force of the Sixth Coalition against France composed of?","[0:01:24,0:01:33], [0:01:43,0:01:50], [0:01:56,0:02:01]",27,
,140,documentary,1670,A,Enumeration,Please list all the countries shown in the pie chart indicating the troop composition of the Sixth Coalition against France.,"[0:02:05,0:02:15]","Russia, Austria, Prussia, Sweden",
,140,documentary,1671,B,Counting,Approximately how many French soldiers were isolated on the opposite side of the Elster River after the bridge was blown up during the French army's withdrawal on October 19?,"[0:25:01,0:25:12]",30000,
,140,documentary,1672,B,Enumeration,"Please list, in chronological order, the events that occurred on the bridge over the Elster River during the retreat of the French forces on October 19.","[0:24:37,0:24:52], [0:25:03,0:25:12], [0:25:22,0:25:41]","A barge loaded with explosives is moored under the bridge → A corporal who saw Russian soldiers prematurely lights the fuse → The bridge is blown up → 30,000 soldiers and 30 generals are stranded → Panic breaks out → Many soldiers drown trying to swim across the river",
,140,documentary,1675,D,Counting,"How many commanders are there in the Wing directly commanded by Napoleon, as shown in the Grande Armée's force organization chart (2:45)?","[0:02:45,0:02:56]",2,"Ney Northern Wing, Murat Southern Wing"
,140,documentary,1676,D,Enumeration,"Please list all the names of the corps commanders that constitute the Southern Wing, as displayed in the organizational chart (2:45) of the Grande Armée.","[0:02:45,0:02:56]","Victor, Lauriston, Poniatowski, Kellermann, Pajol",
,140,documentary,1677,E,Counting,"What were the total troop strength and total number of cannons of the Sixth Coalition Army as of October 1813, respectively?","[0:02:05,0:02:15]",360,
,140,documentary,1678,E,Enumeration,Please list all German and Polish cities shown on the map,"[0:03:11,0:03:21]","Danzig, Dresden, Hamburg, Stettin, Kustrin, Glogau, Modlin, Zamosc",
,140,documentary,1679,F,Counting,Approximately how many Saxon soldiers defected from the French army to the Allied forces side around 3 PM on the third day of battle (October 18)?,"[0:21:27,0:21:33]",3000,3000 Saxon soldiers
,140,documentary,1680,F,Enumeration,Please name three southern villages where the Allied forces launched their attack on the morning of the first day of combat (October 16).,"[0:07:08,0:07:12], [0:07:42,0:07:47], [0:08:17,0:08:20]","Wachau, Markkleeberg, Liebertwolkwitz",
,140,documentary,1673,C,Counting,How many times did the narrator clearly pronounce the place name 'Leipzig'?,"[0:02:40,0:02:41],
[0:03:34,0:03:35],
[0:05:05,0:05:06],  [0:07:38,0:07:39],
[0:14:09,0:14:10], 
[0:16:12,0:16:13],
[0:19:20,0:19:21]
[0:23:07,0:23:08],
[0:23:30,0:23:31],
[0:23:39,0:23:40],
[0:27:04,0:27:05],
[0:27:40,0:27:41],
[0:29:35,0:29:36],",13,
,140,documentary,1674,C,Enumeration,"Please list all the names of the battles in which Napoleon was victorious in 1805 and 1806, as mentioned by the narrator.","[0:00:55,0:00:59]","Austerlitz, Jena",
https://www.youtube.com/watch?v=yFAuXmcGk2Y,141,academic,1681,A,Counting,How many times are flowcharts or diagrams illustrating system architecture or concepts displayed throughout the entire video?,"[0:03:39,0:05:35], [0:05:42,0:05:45], [0:05:50,0:06:06],  [0:26:21,0:26:31], [0:36:20,0:36:24], [0:36:35,0:36:36], [0:37:16,0:37:18], [0:45:13,0:45:14],",11,"Cognitive synergy between AI Agents, Why AI needs a markeplace, The SingularityNET daemon,  How the CLI works, AI services on SingularityNET can be called in many ways, The SingularityNET flywheel, Main focus areas for developing sustaining a digital patent, Components of distrubted AtomSpace, Feedback loop diagram for the ECAN Module,"
,141,academic,1682,A,Enumeration,"Please list all ""Research Projects & Initiatives"" displayed on the website's page.","[0:38:59,0:39:06]","SingularityNET White Paper, Agent-Based Epidemiological Modeling, AI-powered Sophia, Rejuve Project, Precision Medicine, Meta-learning Inference Control, Reputation Systems, Language Learning",
,141,academic,1683,B,Counting,"In the diagram 'Cognitive Synergy among AI Agents', what is the maximum number of AI node layers a client's request passes through until it reaches the bottommost AI node?","[0:04:47,0:05:02]",3,"Document Summarizer AI Node, Text Summarizer/ Video Summarizer AI Nodes, Specialized Ai Nodes"
,141,academic,1684,B,Enumeration,Please list in order the service execution processes shown in the platform architecture diagram.,"[0:09:44,0:09:55]","DApp→SDK→Service Execution→Channel & Request Details, Offline Payment Signature→Daemons with Storage Replicas→AI Service",
,141,academic,1687,D,Counting,How many times in total will the hand-drawn diagrams that the presenter drew to explain the concept be displayed?,"[0:05:39,0:05:40], [0:09:58,0:17:27], [0:19:54,0:20:15], [0:46:08,0:48:37]",4,
,141,academic,1688,D,Enumeration,Please list all legend items displayed on the Etherscan token analysis graph.,"[0:23:20,0:23:25]","Transfer Amount, Transfers Count, Unique Receivers, Unique Senders, Total Uniques",
,141,academic,1689,E,Counting,"What is the total number of AI nodes shown in the figure of ""Cognitive Synergy Between AI Agents""?","[0:04:47,0:04:57]",6,"Document Summarizer AI Node, Text Summarizer AI Node, Video Summarizer AI Node, Word Sense Disambiguation AI Node, Entity Extraction AI Node, Face Recognition AI Node"
,141,academic,1690,E,Enumeration,"In the main platform architecture diagram, please list all components classified as off-chain.","[0:17:36,0:17:44]","DApp, SDK, Service Execution, Channel & Request Details (Offline Payment Signature), Daemons with, Storage Replicas (Region 1, Region 2, Region 3), AI Services, Marketplace APIs (Cache), IPFS",
,141,academic,1691,F,Counting,How many times do slides containing formulas appear in the latter half of the video (from 26 minutes onwards)?,"[0:28:47,0:28:51], [0:30:12,0:30:13], [0:41:07,0:41:12]",4,
,141,academic,1692,F,Enumeration,Please list the incremental improvements to existing components that were planned since 2019.,"[0:29:46,0:29:57]","A web dashboard and control panel for AI service owners, flexible pricing models, asynchronous and streaming request support, a refactored Marketplace DApp with injectable UI components, SDKs for Java, JavaScript (Node.js), and Go, and a full-service mesh abstraction provided by the daemon to simplify calls between AI services.",
,141,academic,1685,C,Counting,"How many times did the speaker say the word ""blockchain""?","[0:00:29,0:00:30], [0:00:51,0:00:52], [0:11:28,0:11:29],  [0:17:56,0:17:57], [0:18:21,0:18:27], [0:18:52,0:18:57], [0:19:51,0:19:52], [0:21:25,0:21:28], [0:24:31,0:24:32], [0:51:14,0:51:17], [0:51:33,0:51:38]",12,
,141,academic,1686,C,Enumeration,Please list all technologies and concepts utilized by SingularityNET that the speaker mentioned.,"[0:00:29,0:00:36], [0:02:13,0:02:29], [0:03:51,0:03:59], [0:09:25,0:09:30], [0:27:25,0:27:40], [0:29:08,0:29:10], [0:29:44,0:30:17], [0:39:20,0:39:55], [0:45:20,0:45:25]","Blockchain, AI, Symbolic Computation, Graphs, APIs, Rating System, Decentralized Governance, Smart Contracts, Daemon, CLI, SDK, Multi-Party Escrow, Atomic Unidirectional Channels, Reputation-Based Consensus, AI Infrastructure as a Service, Tononi Phi, OpenCog, OfferNets",
https://www.youtube.com/watch?v=1LUWWAnK_Ks,142,academic,1693,A,Counting,How many slides containing animal images (including illustrations) will be displayed?,"[0:02:26,0:02:38], [0:03:25,0:03:40], [0:05:32,0:05:41], [0:08:24,0:08:30]",4,
,142,academic,1694,A,Enumeration,Please list all the dataset names mentioned in the table visualizing the distribution shift of banana images (22:53~).,"[0:22:53,0:23:03]","ImageNet, ImageNetV2, Youtube BB, ImageNet Vid,  ImageNet-R, ObjectNet, ImageNet-Sketch, ImageNet-A",
,142,academic,1695,B,Counting,Into how many main stages is the overall diagram of the CLIP approach displayed at 5:32 divided?,"[0:05:32,0:07:10]",3,
,142,academic,1696,B,Enumeration,"Please enumerate the zero-shot prediction process of CLIP, following the steps shown in the figure.","[0:08:25,0:08:42]",Create dataset classifier from label text → Process the image to be predicted with an image encoder to obtain features → Compare the similarity between image features and text features → The label with the highest similarity is the prediction result.,
,142,academic,1699,D,Counting,"What is the total number of paper citations (e.g., ""Radford et al., 2019"") displayed on the slide?","[0:00:33,0:02:25], [0:12:12,0:12:17], [0:26:19,0:26:28]",9,"McCann et al., 2018, Radford et al., 2019, Raffel et al., 2019, Quattoni et al., 2007, Srivastava & Salakhutdinov, 2014, Joulin et al., 2016, Li et al., 2017, Desai and Johnson, 2020, Sariyildiz, 2020, Zhang et al., 2020"
,142,academic,1700,D,Enumeration,Please list all types of animal images (including illustrations) that appeared on the slide.,"[0:02:26,0:02:38], [0:03:27,0:03:40], [0:05:32,0:05:41]","Bear, Dog, Cat",
,142,academic,1701,E,Counting,What is the maximum number of images that can be displayed on a single slide?,"[0:22:53,0:23:03]",36,
,142,academic,1702,E,Enumeration,"In the bar graph (from 13:48) showing the performance comparison with ResNet50, please list all the dataset names where CLIP demonstrated superior performance to ResNet50.","[0:13:48,0:14:21]","STL10, StanfordCars, Country211, Food101, Kinetics700, SST2, SUN397, UCF101, HatefulMemes, CIFAR10, CIFAR100, FER2013, Caltech101, ImageNet, OxfordPets, PascalVOC2007",
,142,academic,1703,F,Counting,"How many slides containing graphs (bar graphs, scatter plots, line graphs) will be displayed in the latter half of the presentation (after 15:00)?","[0:15:05,0:15:30], [0:16:50,0:17:01], [0:17:39,0:17:50], [0:19:12,0:19:22], [0:20:01,0:20:10], [0:21:12,0:21:24], [0:22:06,0:22:20], [0:24:02,0:24:11], [0:26:19,0:26:28]",9,
,142,academic,1704,F,Enumeration,"Please list all model names, other than CLIP, that are listed in the graph comparing the performance of state-of-the-art models and CLIP, which is displayed from 15:05.","[0:15:05,0:15:30]","BiT-M (ImageNet-21K), SimCLRv2, ResNet50",
,142,academic,1697,C,Counting,"How many times did the first presenter (Pankaj Sahai) utter the word zero-shot"" (or its derivatives)?""}","[0:07:09,0:07:10], [0:08:25,0:08:31], [0:10:41,0:10:42], [0:10:51,0:10:54], [0:13:48,0:13:56], [0:14:16,0:14:18], [0:14:53,0:14:56], [0:15:05,0:15:07], [0:15:46,0:15:47], [0:16:08,0:16:09], [0:16:38,0:16:40], [0:16:52,0:16:53], [0:17:54,0:17:56], [0:18:15,0:18:16], [0:18:21,0:18:22], [0:18:27,0:18:28]",18,
,142,academic,1698,C,Enumeration,"Please enumerate the key technical concepts in related research prior to CLIP, as explained by the presenter.","[0:02:26,0:04:34]","Weakly supervised learning, Transformer-based language modeling, Contrastive learning",
https://www.youtube.com/watch?v=Fw1rirubXiU,143,news,1705,A,Counting,How many news topics were introduced in the opening digest?,"[0:00:02,0:02:10]",6,"Like a WAR, Dying for AID,Deadly Wildfire Grows,Where is Kate, Old school rules,Dads comes home"
,143,news,1706,A,Enumeration,"List the types of crises and emergencies, other than political issues, covered in the entire video.","[0:09:17,0:11:30], [0:18:59,0:20:30], [0:23:30,0:26:50], [0:29:07,0:29:17]","Humanitarian Crisis in Gaza
Wildfire Crisis in Texas,Health Crisis regarding Princess Kate, Fall from a cliff accident",
,143,news,1707,B,Counting,How many children did the military father surprise during his surprise visit to the school?,"
[0:50:07,0:50:13], [0:50:37,0:50:42]",2,
,143,news,1708,B,Enumeration,List the sequence of events when the military father made a surprise visit to his daughter's classroom.,"[0:49:38,0:50:23]",Father and mother head to the classroom → Father enters the classroom → Daughter notices father → Daughter runs to father and hugs him → Father and daughter converse,
,143,news,1711,D,Counting,"In the news about the rescue operation of a man who fell from a cliff, how many times is a helicopter shown?","[0:29:10,0:29:17]",2,
,143,news,1712,D,Enumeration,"In the news about the US-Mexico border, list the types of uniforms worn by officials.","
[0:04:07,0:04:12], ","U.S. Border Patrol are in Green uniform shirts and Shoulder patches with agency insignia and Green caps with “U.S. Border Patrol” logo , U.S. Border Patrol the tan one is Tan long-sleeved shirt with “U.S. BORDER PATROL” printed in green on the back and Dark pants , Formal civilian attire are in Dark suit jacket with white dress shirt",
,143,news,1713,E,Counting,How many people are standing behind the podium when former President Trump is giving a speech?,"[0:04:52,0:05:01]",5,
,143,news,1714,E,Enumeration,"List all the items on the restaurant table used in the final scene of the drama ""The Sopranos"".","[0:29:25,0:29:27]","Menu,Small jukebox , Salt shaker, Pepper shaker, Ketchup bottle
 , Napkin dispenser
, Bowl of onion rings
, Black baseball cap 
, Reserved sign",
,143,news,1715,F,Counting,"In the January 2024 poll, what is the difference in approval ratings between Trump and Biden regarding their handling of the border issue?","[0:03:38,0:03:49]",35,
,143,news,1716,F,Enumeration,"In the news segment about ""elderly leaders,"" list the countries represented by world leaders aged 75 and above.","[0:34:44,0:34:48]","Bangladesh, Brazil, United States",
,143,news,1709,C,Counting,"How many times did the main anchor say the program name ""Top Story""?","[0:02:10,0:02:11], [0:15:58,0:15:59], [0:41:21,0:41:22], [0:41:39,0:41:40], [0:51:52,0:51:54]",5,
,143,news,1710,C,Enumeration,List all the live reporting locations that each reporter mentioned at the end of their report.,"[0:07:29,0:07:31], [0:11:28,0:11:29], [0:17:13,0:17:13], [0:21:03,0:21:04], [0:32:57,0:32:58], [0:46:19,0:46:20], [0:49:01,0:49:02]","Brownsville, Texas, Tel Aviv, London, Canadian, Texas, Washington, DC, Ecuador, New Jersey",
https://www.youtube.com/watch?v=NAJOZTNkhlI,144,academic,1717,A,Counting,How many times were figures or tables from the paper displayed prominently on the screen with individual explanations by the presenter?,"[0:06:47,0:08:37], [0:15:52,0:17:56], [0:38:33,0:41:14], [0:44:34,0:45:37], [0:47:26,0:47:57]",6,
,144,academic,1718,A,Enumeration,List all types of visual elements handwritten by the presenter on the slides.,"[0:01:38,0:01:41], [0:04:30,0:04:32], [0:06:51,0:06:55], [0:07:22,0:07:41], [0:08:46,0:08:51], [0:16:33,0:17:48], [0:26:18,0:27:05]","Circle, Arrow, Underline/Highlight, Text/Number, Simple diagram",
,144,academic,1719,B,Counting,"In the example of the matching process shown in Figure 2, how many steps are involved before the final candidate is output?","[0:15:57,0:16:03]",4,
,144,academic,1720,B,Enumeration,"List the three main components of knowledge graph construction shown in the overview diagram of the MAMA approach (Figure 1), in the order of the arrows.","[0:06:47,0:07:30]",Corpus/Pre-trained Language Model → Candidate Facts → Open Knowledge Graph,
,144,academic,1723,D,Counting,"In the parameter study graph in Figure 4, how many green bar graphs are displayed?","[0:44:34,0:44:39]",5,
,144,academic,1724,D,Enumeration,List all names of people or groups displayed in Bob Dylan's knowledge graph (Figure 3).,"[0:38:33,0:38:46]","Joan Baez, Sara Lownds, the_Band, the_Grateful_Dead, Tom_Petty_and_the_Heartbreakers, Artists_United_Against_Apartheid, Thomas_Merton, singer-songwriter, Grammy_Lifetime_Achievement_Award, United_States_of_America, New York, Polar_Music_Prize, Harmonica, Rock_music, Urban_contemporary, songwriter, Nashville, Kennedy_Center_Honors, Folk_music, Duluth, Minneapolis",
,144,academic,1725,E,Counting,"In Bob Dylan's knowledge graph in Figure 3, what is the total number of edges (arrows) extending directly from the central ""Bob Dylan"" node?","[0:38:33,0:38:46]",22,
,144,academic,1726,E,Enumeration,List all examples of Candidate Facts shown in the overview diagram of the MAMA approach (Figure 1).,"[0:06:53,0:07:14]","(Dylan, is, songwriter), (Dylan, awarded, Nobel Prize), (Dylan, signed, Albert Grossman)",
,144,academic,1727,F,Counting,"In the sponsor introduction part (1:42-4:20), how many times was the TabNine logo displayed on the screen during the scene where the presenter was wearing sunglasses?","[0:01:46,0:01:55], [0:02:12,0:02:17], [0:02:26,0:02:33], [0:02:51,0:03:16], [0:03:22,0:04:19]",5,
,144,academic,1728,F,Enumeration,"Name the two types of schemas to which candidate facts are mapped, as explained in the latter half of the video (after 15:00).","[0:14:55,0:15:01], [0:35:28,0:35:334","Fixed KG Schema, Open Schema",
,144,academic,1721,C,Counting,What is the total number of specific names of pre-trained language models mentioned by the presenter?,"[0:01:43,0:01:46], [0:06:52,0:06:53], [0:41:18,0:41:21]",4,
,144,academic,1722,C,Enumeration,"List all IDEs or editors where TabNine is available, as mentioned in the sponsor introduction part.","[0:03:00,0:03:06]","Visual Studio Code, IntelliJ Platform (IntelliJ IDEA, PyCharm, Android Studio, and others), Sublime Text, Vim, Vim (Deoplete), Vim (Coc), Emacs, Atom, Jupyter Notebook",
https://www.youtube.com/watch?v=2vVQo_GMA70,145,academic,1729,A,Counting,How many times do cards with numbers appear on the whiteboard to indicate the difficulty level?,"[0:00:31,0:33:27], [0:33:27,0:33:46]",3,
,145,academic,1730,A,Enumeration,"List all types of ""Difficulty Level"" that appear in the video.","[0:00:31,0:33:27], [0:33:27,0:33:46]","Difficulty Level 1, Difficulty Level 2, Difficulty Level 3",
,145,academic,1735,D,Counting,How many times did the instructor point to chemical structures or words on the whiteboard with their ringed hand (right hand)?,"[0:01:17,0:01:27],
[0:01:54,0:02:03],
[0:02:30,0:02:31],
[0:03:37,0:03:38],
[0:23:01,0:23:38],         
[0:24:09,0:24:16],  
[0:24:55,0:24:59],  
[0:25:35,0:25:44],  
[0:27:25,0:27:40],  
[0:27:45,0:28:04], 
[0:33:07,0:33:12]",13,
,145,academic,1737,E,Counting,"In the Difficulty Level 1 matching game, how many chemical structures were initially presented on the whiteboard?","[0:00:31,0:00:37]",6,
,145,academic,1733,C,Counting,"How many total times did the instructor say ""perfect""?","[0:13:14,0:13:16], [0:24:00,0:24:06], [0:24:47,0:24:50]",3,
,145,academic,1734,C,Enumeration,List all tools and resources the student verbally mentioned that they found helpful for learning.,"[0:01:44,0:01:46], [0:02:46,0:02:54], [0:03:06,0:03:09]","Screenshots, Notes, watch video, Practice problems, Highlighted notes",
https://www.youtube.com/watch?v=2W2ZkYARds4,146,news,1741,A,Counting,"Excluding the headlines about the Baltimore Bridge collapse, how many different types of incident and event headlines were shown on the telop?","[0:00:58,0:02:12],
[0:02:31,0:02:34],
[0:30:11,0:30:14], 
[0:38:21,0:38:24], 
[0:38:39,0:38:45], 
[0:40:28,0:40:35], 
[0:40:51,0:40:58], 
[0:41:20,0:41:30]
",11,
,146,news,1742,A,Enumeration,Please list all types of vehicles belonging to law enforcement agencies or rescue agencies that appeared throughout the entire video.,"[0:00:26,0:00:27], [0:00:27,0:00:29], [0:00:59,0:01:41], [0:02:17,0:02:18], [0:40:17,0:40:19], [0:46:11,0:46:13]","Helicopter, patrol boat, patrol car, ambulance, armored vehicle, police motorcycle",
,146,news,1743,B,Counting,"According to the timeline displayed from 12:14, between the ship's initial power outage and its collision with the bridge, how many times did a power outage or power restoration occur?","[0:12:14,0:12:28]",4,2 times power loses and 2 times regains power
,146,news,1744,B,Enumeration,"Based on the timeline displayed from 12:14, please list the events leading up to the cargo ship colliding with the bridge in chronological order.","[0:12:14,0:12:28]",1:24 AM Ship loses power → 1:25 AM Ship regains power → 1:25 AM Smoke comes from the ship → 1:26 AM Ship appears to change direction → 1:26 AM Ship loses power again → 1:27 AM Ship regains power again → 1:28 AM Ship collides with bridge,
,146,news,1747,D,Counting,"How many times was the 'BREAKING NEWS' telop, with white text on a red background, displayed?","[0:00:16,0:00:41], 
[0:01:00,0:01:08], 
[0:02:27,0:03:51], 
[0:04:09,0:15:58], 
[0:16:23,0:18:44], 
[0:32:57,0:38:15]
",6,
,146,news,1748,D,Enumeration,"For news headlines, please list all place names displayed in the ticker at the bottom of the screen.","[0:01:31,0:02:12],
[0:02:28,0:02:32],
[0:16:23,0:16:29],
[0:30:55,0:31:50],
[0:41:43,0:41:50]","NYC, Haiti, Baltimore, Rockford IL, Utah, Paris",
,146,news,1749,E,Counting,How many cameras set up on tripods are shown in the press conference scene at 31:47?,"[0:31:46,0:31:54]",4,
,146,news,1750,E,Enumeration,"Please list all rescue and investigation agencies that were operating at the site of the Baltimore Bridge collapse accident, based on the text on teleprompters and uniforms.","[0:00:27,0:00:29], 
[0:03:40,0:03:45],
[0:03:52,0:04:06],
[0:05:23,0:05:24], 
[0:07:05,0:07:10] 
","U.S. Coast Guard, NTSB, MD Transportation Authority, FBI, Police",
,146,news,1751,F,Counting,How many times was interview footage inserted within the first minute from the start of the video?,"[0:00:29,0:00:33]",1,
,146,news,1752,F,Enumeration,Please list all items stated in the telop (3:52) explaining the economic impact on Baltimore Port.,"[0:03:52,0:04:06]","BALTIMORE PORT THE 9TH BUSIEST IN U.S.,$80 BILLION IN INTERNATIONAL CARGO IN 2023,15,000 RELY ON PORT'S DAILY OPERATIONS",
,146,news,1745,C,Counting,"How many times did main anchor Tom Llamas say the word ""Baltimore""?","[0:00:01,0:00:02], [0:02:24,0:02:26], [0:05:14,0:05:16], [0:07:45,0:07:47], [0:07:53,0:07:54], [0:10:33,0:10:34],  [0:11:46,0:11:47],  
[0:16:03,0:16:07], [0:25:54,0:25:55], 
[0:32:24,0:32:26], [0:32:54,0:32:55], [0:34:54,0:34:55], [0:35:11,0:35:12],  [0:38:30,0:38:32], [0:46:38,0:46:40], [0:49:34,0:49:35], [0:50:04,0:50:07]",17,
,146,news,1746,C,Enumeration,Please list the future dreams and wishes expressed by the interviewed people in the segment about the orphanage in Haiti.,"[0:22:47,0:23:07], [0:23:47,0:23:56], [0:25:10,0:25:23], [0:25:35,0:25:43]","Becoming a doctor, Haiti getting better, having a family and traveling the world, God protecting the children, standing on their own feet, children having a peaceful future in Haiti, and children not going hungry.",
https://www.youtube.com/watch?v=MJYBHfYF8LI,147,news,1753,A,Counting,How many times are aerial views of cities shown in the program's opening sequence?,"[0:00:00,0:00:11]",8,
,147,news,1754,A,Enumeration,Please list all the city names that appear in the program's opening sequence.,"[0:00:00,0:00:11]","Hong Kong, Seoul, Tokyo, Beijing, Sydney, Singapore, New York, Shanghai",
,147,news,1755,B,Counting,How many main factors were cited in the program as reasons for the Bank of Japan's policy shift?,"[0:00:01,0:02:00]",1,
,147,news,1756,B,Enumeration,"Please list the background leading to the Bank of Japan considering an interest rate hike for the first time since 2007, in the order they were discussed in the program.","[0:01:30,0:01:35], 
[0:06:40,0:06:48], 
[0:29:30,0:29:40], 
",Strength of wage negotiations → Virtuous cycle of inflation and wages → Strength of capital investment,
,147,news,1759,D,Counting,How many times was there a split screen showing three people simultaneously throughout the program?,"[0:05:00,0:05:15], [0:07:35,0:07:40], [0:17:40,0:17:50], [0:19:34,0:19:40]",4,
,147,news,1760,D,Enumeration,Please list the full names of all commentators who appeared in the program.,"[0:00:31,0:00:45], [0:05:00,0:05:15], [0:07:35,0:07:40], [0:17:40,0:17:50], [0:19:34,0:19:40], [0:25:40,0:26:00], [0:36:10,0:36:20], [0:42:48,0:43:20]
","Heidi Stroud-Watts, Annabelle Droulers, Stephen Engle, Kyle Rodda, Kunjan Sobhani, John Liu, Rie Nishihara, Swati Pandey, Rebecca Choong Wilkins",
,147,news,1761,E,Counting,"How many financial indicators are displayed on the ""MARKET CHECK"" screen shown at 1:02?","[0:01:02,0:01:15]",4,
,147,news,1762,E,Enumeration,Please list all the names of NVIDIA's AI chips introduced in the program.,"[0:16:50,0:17:00], [0:17:08,0:17:20]","Hopper, Blackwell, H100, B100",
,147,news,1763,F,Counting,How many times was the Japanese flag displayed on screen in the latter half of the program (after 23:00)?,"[0:32:15,0:32:35]",1,
,147,news,1764,F,Enumeration,Please list all companies and banks whose names appeared in text overlays or on-screen displays in the first half of the program (0:00-23:00).,"[0:00:00,0:23:00]","BOJ, Suzuki, RBA, FED, UEDA, NVIDIA, Sino-Ocean, Capital.com, Sumitomo Mitsui Financial, Mizuho Financial Group Inc, Mitsubishi UFJ Financial, Japan Post Bank Co Ltd, Tokyo Electron, SoftBank, Samsung Electronics, SK Hynix, JPMorgan Securities, Evergrande, Bloomberg Intelligence, Bloomberg News, CSRC",
,147,news,1757,C,Counting,"How many times were the words ""BOJ"" or ""Bank of Japan"" mentioned throughout the program?","[0:00:20,0:00:25],
[0:01:09,0:01:11],
[0:01:53,0:01:58],
[0:03:23,0:03:28],
[0:04:43,0:04:48],
[0:07:40,0:07:45],
[0:08:28,0:08:32],
[0:15:25,0:15:30],
[0:16:18,0:16:23],
[0:22:58,0:23:01],
[0:24:22,0:24:25],
[0:24:50,0:24:55],
[0:25:47,0:25:50],
[0:25:57,0:26:01],
[0:26:20,0:26:24],
[0:26:59,0:27:02],
[0:27:25,0:27:29],
[0:27:35,0:27:37],
[0:28:10,0:28:13],
[028:20,0: 28:22],
[0:32:33,0:32:36],
[0:32:58,0:33:03],
[0:34:00,0:34:04],
[0:34:09,0:34:18],
[0:39:27,0:39:32]
",26,
,147,news,1758,C,Enumeration,Please list all central banks mentioned in the program.,"[0:00:50,0:01:00]
[0:01:08,0:01:12]
[0:04:12,0:04:18]
","Bank of Japan, Reserve Bank of Australia, The Fed",
https://www.youtube.com/watch?v=571nruSayeo,148,news,1765,A,Counting,"How many scenes show police vehicles (white pickup trucks with ""POLICE"" written on them) during operations?","[0:02:49,0:02:55], [0:16:30,0:16:32], [0:16:55,0:16:59]",3,
,148,news,1766,A,Enumeration,List all types of vehicles used by armed groups (police and gangs alike).,"[0:02:50,0:02:52], [0:04:23,0:04:28], [0:03:19,0:03:24], [0:07:37,0:07:48]","police vehicle white pickup truck, heavily armored military vehicle, Silver pickup truck, white pickup truck",
,148,news,1767,B,Counting,How many times did police officers fire their weapons in stopping the attempted kidnapping incident starting at 2:49?,"[0:03:10,0:03:20]",10,
,148,news,1768,B,Enumeration,List the steps of the police special forces' building assault operation starting at 4:23.,"[0:04:23,0:05:52]",Board armored vehicle → Drone reconnaissance → Approach and storm building → Gunfight → Retreat to armored vehicle,
,148,news,1771,D,Counting,How many times does the UN (United Nations) logo or flag appear?,"[0:00:28,0:00:48], [0:37:55,0:38:11], [0:42:13,0:42:35]",3,
,148,news,1772,D,Enumeration,"Among the journalists and experts appearing in the video, list those wearing glasses by their clothing and characteristics (not by name).","[0:01:14,0:01:24], [0:01:43,0:01:53], [0:39:43,0:39:57]","The woman has medium-length curly brown hair, wears large dark-framed glasses, and is dressed in a black top with a small necklace, The man has light brown hair combed back, a beard and mustache, and he is wearing a light blue button-up shirt with the sleeves rolled up, along with dark jeans, The man is bald with a beard and mustache, and he is wearing glasses. He is dressed formally in a dark suit jacket, a white dress shirt, and a dark tie.",
,148,news,1773,E,Counting,How many gang members are in the bed of the pickup truck in the scene at 7:35?,"[0:07:43,0:07:45]",7,gang
,148,news,1774,E,Enumeration,List the objects placed on the table in the studio discussion scene.,"[0:10:18,0:10:20]","Microphone, Embedded screen, Paper documents",
,148,news,1775,F,Counting,How many scenes show armed soldiers in camouflage uniforms in the latter half of the video (after 15:00)?,"[0:16:28,0:16:52], [0:19:03,0:19:54]",2,
,148,news,1776,F,Enumeration,"Among the scenes where gangs display their control, list the outdoor scenes where multiple members are brandishing weapons.","[0:07:29,0:07:44], [0:08:03,0:08:08], [0:25:01,0:25:07], [0:25:18,0:25:20]","Gang members brandishing guns in the bed of a pickup truck, Gang members dancing and brandishing guns on the street, Large group of gang members marching with guns, Gang members firing celebratory shots into the air",
,148,news,1769,C,Counting,"How many times did the host express gratitude to the guests (e.g., ""Thanks for being with us"")?","[0:01:31,0:01:32], [0:01:49,0:01:50], [0:13:49,0:13:50], [0:45:15,0:45:22], [0:45:37,0:45:39]",5,
,148,news,1770,C,Enumeration,List the specific problems in Haiti mentioned by guests and experts.,"[0:03:25,0:03:28], [0:15:06,0:15:17], [0:41:34,0:41:43], [0:33:25,0:33:33]","Gang control, Absence of leadership, Paralysis of police functions, Humanitarian crisis (food/water shortage), Collapse of state institutions, Rampant kidnapping and extortion, Gun smuggling from the US, Collusion between elites and gangs",
https://www.youtube.com/watch?v=xrgDcqnHpCc,149,sports,1777,A,Counting,What is the total number of times the Swiss team (Federer/Bencic) scored a service ace?,0,0,
,149,sports,1778,A,Enumeration,Please list all types of winners scored by the German team (Kerber/Zverev) with their own shots.,"[0:02:19,0:02:21], [0:35:02,0:35:04], [0:45:04,0:45:06], [0:45:51,0:45:54], [0:52:50,0:52:53]","forehand, volley",
,149,sports,1779,B,Counting,How many shots did the rally starting at 2:00 last?,"[0:02:00,0:02:20]",14,
,149,sports,1780,B,Enumeration,"Please enumerate the shot exchanges in the rally, starting from 51 minutes 30 seconds, until the Swiss team wins the point.","[0:51:15,0:52:02]",Zverev's serve -> Bencic's return -> Zverev's shot ->  Bencic's return -> Zverev's shot ->  Bencic's return -> Zverev's shot -> Federer's shot -> Zverev's return -> Bencic's shot -> Kerber's shot -> Bencic's return -> Zverev's shot -> Bencic's return -> Zverev's shot -> Bencic's shot -> Kerber's shot -> Federer's shot -> Zverev's shot is out,
,149,sports,1783,D,Counting,How many times did Federer show the gesture of wiping sweat with his wristband during the match?,"[0:09:05,0:09:06], [0:10:17,0:10:19], [0:14:33,0:14:34], [0:28:22,0:28:24], [0:34:28,0:34:29], [0:47:45,0:47:46], [0:51:44,0:51:45], [0:53:47,0:53:48]",8,
,149,sports,1784,D,Enumeration,Please list all brand names of sponsor logos displayed on the court's backboard.,"[0:00:04,0:00:15], [0:30:23,0:30:25], [0:45:43,0:45:45]","mastercard, JAGUAR, Emirates FLY BETTER, bankwest, lululemon, ITF, City of Perth, Hopman Cup, CROWN, FOUR POINTS BY SHERATON, DUNLOP",
,149,sports,1785,E,Counting,What was the maximum number of ballpersons on the court during a single game?,"[0:00:17,0:00:23]",6,
,149,sports,1786,E,Enumeration,Please list all the items placed on the Swiss team's bench.,"[0:03:33,0:03:38], [0:10:30,0:10:35]","Towel, Drink bottle, Racket, Bag, Wristband",
,149,sports,1787,F,Counting,"In the first set, what was the total number of times points were won by both teams combined by playing in front of the service line?","[0:01:31,0:01:33], [0:02:52,0:02:54], [0:06:27,0:06:29], [0:08:37,0:08:39], [0:10:15,0:10:17], [0:11:22,0:11:24], [0:13:01,0:13:03]",7,
,149,sports,1788,F,Enumeration,"Please list the plays that led to winning the point, in chronological order, in the game where the German pair successfully broke serve in the second set.","[0:20:21,0:20:23], [0:20:43,0:20:49]",Bencic's served and Zverev returns but the shot is out -> Bencic's served again -> Kerber's returns and Bencic's returns but its out,
,149,sports,1781,C,Counting,How many times did the referee call 'fault' throughout the entire match?,"[0:08:59,0:09:01], [0:15:56,0:15:57], [0:27:14,0:27:15], [0:32:10,0:32:11], [0:35:56,0:35:57], [0:38:20,0:38:22], [0:39:00,0:39:02], [0:49:58,0:50:00]",8,
,149,sports,1782,C,Enumeration,Please list all the Grand Slam-winning players mentioned by the commentator.,"[0:03:31,0:03:50]","Roger Federer, Angelique Kerber",
https://www.youtube.com/watch?v=FiLk_kPsrpY,150,sports,1789,A,Counting,How many times did Nadal hit a forehand winner?,"[0:01:35,0:01:37], [0:03:51,0:03:52], [0:17:10,0:17:14], [0:20:48,0:20:51]",4,
,150,sports,1790,A,Enumeration,Please list the types of shots Federer won points with.,"[0:00:56,0:00:58], [0:01:19,0:01:21], [0:02:59,0:03:01], [0:04:50,0:04:52]","Forehand winner, Ace, Backhand winner, Volley winner",
,150,sports,1791,B,Counting,How many shots did the longest rally in this match last?,"[0:25:23,0:25:58]",26,
,150,sports,1792,B,Enumeration,Please list the events that occurred until Federer's victory was confirmed at the final point of the match.,"[0:29:00,0:29:28]",Federer hits a forehand -> The linesman calls it out -> Federer requests a challenge -> A Hawk-Eye review is conducted -> It is confirmed that the ball was in -> Federer's victory is confirmed,
,150,sports,1795,D,Counting,How many times was a Rolex watch shown in close-up?,"[0:00:58,0:00:59], [0:01:08,0:01:09], [0:02:05,0:02:06], [0:02:31,0:02:32], [0:03:51,0:03:52], [0:04:39,0:04:40], [0:05:55,0:05:56], [0:07:49,0:07:50], [0:14:15,0:14:16], [0:14:49,0:14:50], [0:28:41,0:28:42]",11,
,150,sports,1796,D,Enumeration,Please list all sponsor names displayed on the wall at the back of the court.,"[0:00:00,0:00:02], [0:00:20,0:00:22], [0:01:02,0:01:04], [0:01:25,0:01:27], [0:01:59,0:02:01], [0:21:44,0:21:46]
","KIA, ANZ, Fly Emirates, Rolex, Jacobs Creek, IBM, Optus, Mastercard,  Hisense",
,150,sports,1797,E,Counting,What is the maximum number of ball kids simultaneously visible within a single frame?,"[0:03:09,0:03:11]",3,
,150,sports,1798,E,Enumeration,Please list all the items placed on Federer's bench.,"[0:03:11,0:03:13], [0:21:14,0:21:16]","Racket bag, Towel, Water bottle",
,150,sports,1799,F,Counting,How many times did Federer have a breakpoint in the 5th set?,"[0:26:29,0:27:05]",5,
,150,sports,1800,F,Enumeration,Please list the types of shots Federer hit winners with during the 5th set when Nadal was serving.,"[0:18:03,0:18:05], [0:19:49,0:19:51]","Forehand winner, Backhand winner",
,150,sports,1793,C,Counting,"How many times did the umpire call ""out""?","[0:19:29,0:19:32]",1,
,150,sports,1794,C,Enumeration,Please list all types of calls made by the head referee in this match that are audible.,"[0:02:19,0:02:20], [0:19:52,0:19:59], [0:29:25,0:29:28]","Score (Fifteen-love, Deuce, Advantage, etc.), Game, Set, Match, Let, Challenge announcement, Correction",
https://www.youtube.com/watch?v=kfUCI82ktH4,151,sports,1801,A,Counting,How many dunk shots did the North Carolina team successfully make in the first half?,"[0:00:53,0:00:56], [0:33:38,0:33:42]",2,
,151,sports,1802,A,Enumeration,"Please list the jersey numbers of all players on the Miami team who scored in the first half, in the order they scored.","[0:00:29,0:00:32], [0:05:49,0:05:51],  
[0:06:18,0:06:25], [0:16:49,0:16:53],  
[0:18:24,0:18:29]
",2  →  0  →  3  →  23  →  99,
,151,sports,1803,B,Counting,How many passes were exchanged within the Miami team just before Miami's Cleveland player (jersey number 0) scored at 10:13?,"[0:09:41,0:10:14]",7,
,151,sports,1807,D,Counting,How many times did Player Davis (jersey number 4) of North Carolina dribble with the ball in the first half?,"[0:00:33,0:00:36], [0:01:49,0:01:50], [0:04:00,0:04:03], [0:04:08,0:04:10], [0:05:02,0:05:05], [0:08:12,0:08:14], [0:12:50,0:12:50], [0:13:45,0:13:46], [0:16:37,0:16:39], [0:18:11,0:18:12], [0:22:35,0:22:37], [0:24:33,0:24:35], [0:25:05,0:25:06], [0:27:40,0:27:42], [0:29:49,0:29:50], [0:30:22,0:30:24]",16,
,151,sports,1808,D,Enumeration,Please list the jersey numbers of all North Carolina players who were assessed a foul in the first half.,"[0:02:14,0:02:15], [0:08:44,0:08:45], [0:09:19,0:09:20], [0:14:08,0:14:09], [0:15:51,0:15:52], [0:19:05,0:19:06], [0:28:00,0:28:01], [0:29:25,0:29:26]","22, 7, 9, 24, 13, 3, 5, 4",
,151,sports,1809,E,Counting,How many North Carolina players were on the court the moment the halftime buzzer sounded?,"[0:30:43,0:30:45]",5,
,151,sports,1810,E,Enumeration,"List the jersey numbers of all North Carolina players who were standing inside the three-point line, excluding players who participated in the jump ball at the start of the game.","[0:00:08,0:00:15]","3, 4, 9, 24",
,151,sports,1811,F,Counting,How many successful shots did the North Carolina team make in the paint area after the remaining time in the first half dropped below 5 minutes?,"[0:28:58,0:29:02], [0:29:51,0:29:53]",2,
,151,sports,1812,F,Enumeration,Please list the jersey numbers and team affiliations (MIA/UNC) of all players who scored in the first 5 minutes of the first half.,"[0:00:29,0:00:32], [0:00:53,0:00:56], [0:01:56,0:01:59], [0:02:50,0:02:53], [0:04:08,0:04:10], [0:05:49,0:05:51]","2 (MIA), 22 (UNC), 3 (UNC), 24 (UNC), 4 (UNC), 0 (MIA)",
,151,sports,1805,C,Counting,How many times was the sound of the referee's whistle heard in the first half?,"[00:01:22,00:01:23], [00:02:09,00:02:10], [00:04:30,00:04:31], [00:05:13,00:05:14], [00:07:02,00:07:04], [00:07:11,00:07:12], [00:07:26,00:07:27], [00:07:39,00:07:40], [00:07:52,00:07:53],
[00:08:33,00:08:34], [00:09:13,00:09:14], [00:10:40,00:10:41], [00:10:55,00:10:56], [00:11:51,00:11:57], [00:12:20,00:12:21], [00:12:28,00:12:29], [00:13:52,00:13:53], [00:14:03,00:14:04], [00:15:23,00:15:24],
[00:15:36,00:15:37], [00:16:16,00:16:17], [00:18:29,00:18:31], [00:18:45,00:18:47], [00:19:29,00:19:30], [00:19:47,00:19:48], [00:20:10,00:20:11], [00:21:05,00:21:06], [00:21:39,00:21:40], [00:22:47,00:22:48], [00:23:12,00:23:13],
[00:25:43,00:25:44], [00:26:01,00:26:02], [00:26:21,00:26:22], [00:26:28,00:26:29], [00:27:57,00:27:58], [00:29:01,00:29:02], [00:29:26,00:29:27]",37,
,151,sports,1806,C,Enumeration,Please list all North Carolina player names mentioned in the live commentary.,"[0:00:51,0:00:56], 
[0:01:45,0:01:54], 
[0:02:02,0:02:05], 
[0:02:22,0:02:26], 
[0:02:50,0:02:53], 
[0:08:06,0:08:10], 
[0:08:29,0:08:33],
[0:22:13,0:22:18]
","Lubin, Cadeau, RJ Davis, Drake Powell, Withers, Trimble, Washington, Jackson, Tyson",
https://www.youtube.com/watch?v=TwPww8_vwno,152,sports,1813,A,Counting,How many times has Stephen Curry made a basket count (and-one)?,"[0:04:40,0:04:45], [0:05:19,0:09:46], [0:13:52,0:13:57], [0:16:34,0:16:41], [0:17:05,0:17:10], [0:20:59,0:21:04], [0:24:32,0:24:36], [0:28:34,0:28:38], [0:30:45,0:30:50], [0:31:40,0:31:47], [0:34:07,0:34:10], [0:35:11,0:35:16], [0:36:34,0:36:39], [0:38:51,0:38:56], [0:39:51,0:39:56]",19,
,152,sports,1814,A,Enumeration,Please list four types of celebrations Stephen Curry performed after a successful shot.,"[0:02:58,0:03:01], [0:29:31,0:29:33], [0:00:12,0:00:19], [0:02:43,0:02:45]","Night Night pose, point at the sky, let out a roar(this is my house), shrug shoulders",
,152,sports,1815,B,Counting,How many Stephen Curry shots put the Warriors in the lead?,"[0:01:50,0:02:01], [0:08:27,0:08:35], [0:24:28,0:24:35], [0:34:42,0:34:46]",4,
,152,sports,1816,B,Enumeration,"Please list the play development leading up to Stephen Curry's dunk, starting from 3:52 in the video.","[0:03:52,0:04:00]",A 76ers player misses a shot → 76ers player rebound → Got stolen from Curry's teammate → Curry runs toward the opponent's court on a fast break → Receives a long pass from a teammate → Curry makes an uncontested dunk,
,152,sports,1819,D,Counting,How many types of uniform designs does Stephen Curry wear?,"[0:00:00,0:00:12], [0:00:28,0:00:30], [0:00:58,0:01:49], [0:02:38,0:02:40], [0:03:14,0:03:16]",5,"Black and White Jersey, GSW Away Jersey, GSW Home Jersey, Black Red and Gold Jersey,White Red and Gold Jersey,"
,152,sports,1820,D,Enumeration,Please list all the jersey numbers of the teammates celebrating together on the court after Stephen Curry made a shot.,"[0:02:18,0:02:20], [0:03:00,0:03:02], [0:06:21,0:06:23], [0:08:41,0:08:43], [0:11:11,0:11:13], [0:12:00,0:12:02], [0:14:18,0:14:20], [0:24:35,0:24:37], [0:29:48,0:29:50]","0, 2, 5, 7, 8, 10, 15, 22, 23, 32, 71, 00",
,152,sports,1821,E,Counting,What is the maximum number of players who were inside the three-point line on one side of the court during a single play?,"[0:04:40,0:04:44], [0:09:44,0:09:46]",10,
,152,sports,1822,E,Enumeration,Please list five types of center court logos that appear in the video.,"[0:00:20,0:00:22], [0:00:36,0:00:38], [0:02:06,0:02:08], [0:02:25,0:02:27], [0:03:06,0:03:08]","Brooklyn Nets' ""B"" logo, Sacramento Kings' ""S"" logo, Oklahoma City Thunder's ""OKC"" logo, New York Knicks' logo, Orlando Magic's star and ball logo",
,152,sports,1823,F,Counting,"In the first minute of the video, how many shots did Stephen Curry make from his own side of the half-court line?","[0:00:24,0:00:27]",1,
,152,sports,1824,F,Enumeration,Please list the opponent and score combinations when Stephen Curry scored within the last 5 seconds of each quarter.,"[0:00:24,0:00:28], [0:00:54,0:00:57], [0:01:53,0:01:57], [0:03:17,0:03:20], [0:04:25,0:04:29], [0:30:45,0:30:50]","vs. Brooklyn Nets, GS 55 - BKN 60, vs. Phoenix Suns, GS 61 - PHX 65, vs. Minnesota Timberwolves, GS 93 - MIN 90, vs. Minnesota Timberwolves, GS 72 - MIN 78, vs. Washington Wizards, GS 54 - WSH 45, vs. San Antonio Spurs, GS 75 - SA 60",
,152,sports,1817,C,Counting,How many times did the buzzer sound to signal the end of a quarter in the game?,"[0:00:33,0:00:35], [0:00:53,0:01:06], [0:01:55,0:01:57], [0:03:08,0:03:09], [0:04:28,0:04:29],",5,
,152,sports,1818,C,Enumeration,Please list six team names of the Warriors' opponents that were mentioned in the live commentary.,"[0:01:04,0:01:07]. [0:08:30,0:08:40], [0:11:38,0:11:43], [0:20:17,0:20:20], [0:20:35,0:20:40]","Dallas Mavericks, Phoenix Suns, Los Angeles Lakers, Minnesota Timberwolves, Oklahoma City Thunder",